id,date,region,latitude,longitude,soil_type,crop_type,month,year,lst_celsius,ndvi,savi,evi,ta_celsius,rh_percent,wind_ms,solar_wm2,vpd_kpa,et0_mm_day,soil_moisture,field_capacity,wilting_point,irrigation_event,cwsi,stress_label
1,2021-10-15,Sfax,34.74,10.76,sandy-loam,Potato,10,2021,23.67,0.3307,0.2708,0.5067,21.98,61.74,3.54,454.6,1.0102,1.246,0.188,0.28,0.1,0,0.283,mild
2,2023-08-02,Nabeul,36.45,10.73,sandy,Barley,8,2023,36.72,0.124,0.1145,0.2176,30.35,30.56,4.54,633.6,3.0061,1.781,0.0942,0.18,0.06,0,0.6498,medium
3,2022-08-02,Kairouan,35.67,10.1,clay-loam,Potato,8,2022,31.19,0.2474,0.2123,0.3995,30.2,54.38,5.28,697.3,1.9577,1.862,0.2837,0.36,0.18,0,0.1952,low
4,2022-06-06,Béja,36.73,9.18,loam,Barley,6,2022,31.11,0.1494,0.1358,0.2575,28.53,44.02,4.77,637.8,2.1822,1.719,0.1944,0.32,0.12,0,0.3632,mild
5,2022-10-14,Gabès,33.88,9.79,sandy,Tomato,10,2022,32.42,0.0753,0.0716,0.1367,26.81,54.99,0.9,444.1,1.5872,1.381,0.0718,0.18,0.06,0,0.6732,medium
6,2021-06-15,Béja,36.73,9.18,loam,Tomato,6,2021,33.59,0.1977,0.1746,0.3298,27.83,36.21,2.76,675.5,2.3873,1.743,0.1713,0.32,0.12,1,0.6765,medium
7,2023-08-03,Béja,36.73,9.18,loam,Potato,8,2023,38.38,0.2425,0.2087,0.3928,35.66,41.2,4.28,741.5,3.4295,2.139,0.2315,0.32,0.12,0,0.3151,mild
8,2023-09-05,Nabeul,36.45,10.73,sandy,Barley,9,2023,36.05,0.0666,0.0637,0.1217,30.37,38.01,2.8,611.5,2.6862,1.75,0.0794,0.18,0.06,0,0.5998,medium
9,2021-01-27,Nabeul,36.45,10.73,sandy,Citrus,1,2021,12.21,0.354,0.2863,0.5348,12.3,90.67,1.61,208.9,0.1335,0.639,0.137,0.18,0.06,0,0.1202,low
10,2022-12-20,Kairouan,35.67,10.1,clay-loam,Pepper,12,2022,24.11,0.059,0.0568,0.1085,16.98,50.0,4.8,168.8,0.9678,0.664,0.2059,0.36,0.18,0,0.8972,high
11,2022-03-15,Kairouan,35.67,10.1,clay-loam,Wheat,3,2022,20.73,0.0956,0.0898,0.1711,15.58,55.88,3.74,464.2,0.7808,1.057,0.2101,0.36,0.18,1,0.7161,medium
12,2022-03-27,Sfax,34.74,10.76,sandy-loam,Citrus,3,2022,26.61,0.0689,0.0658,0.1257,20.79,54.08,1.37,504.3,1.1271,1.273,0.1297,0.28,0.1,1,0.7109,medium
13,2022-07-05,Kairouan,35.67,10.1,clay-loam,Wheat,7,2022,37.53,0.2196,0.1914,0.361,33.86,42.66,2.46,823.4,3.0267,2.178,0.2743,0.36,0.18,0,0.3742,mild
14,2023-03-07,Gafsa,34.43,8.78,sandy,Citrus,3,2023,19.78,0.1718,0.154,0.2916,17.34,66.18,0.57,381.6,0.6694,1.009,0.1305,0.18,0.06,0,0.3618,mild
15,2021-08-27,Sidi Bouzid,35.04,9.48,sandy-loam,Tomato,8,2021,35.53,0.3749,0.2997,0.5592,31.92,51.57,5.93,796.4,2.2925,2.062,0.1955,0.28,0.1,0,0.4057,mild
16,2021-11-08,Bizerte,37.27,9.87,loam,Olive,11,2021,18.76,0.1603,0.1447,0.2743,17.59,75.41,1.52,277.9,0.4946,0.867,0.2306,0.32,0.12,0,0.299,mild
17,2023-09-11,Gafsa,34.43,8.78,sandy,Barley,9,2023,37.42,0.0249,0.0245,0.0469,29.01,40.99,4.54,629.8,2.3646,1.726,0.0654,0.18,0.06,0,0.793,high
18,2023-10-22,Sfax,34.74,10.76,sandy-loam,Wheat,10,2023,32.06,0.028,0.0274,0.0526,24.24,38.78,5.23,503.5,1.8533,1.386,0.1051,0.28,0.1,0,0.8262,high
19,2023-09-08,Sfax,34.74,10.76,sandy-loam,Potato,9,2023,30.37,0.1544,0.1399,0.2652,26.75,60.14,2.3,649.2,1.4003,1.668,0.1772,0.28,0.1,0,0.491,mild
20,2023-09-24,Sidi Bouzid,35.04,9.48,sandy-loam,Olive,9,2023,35.98,0.1657,0.1491,0.2824,31.32,49.35,5.53,664.2,2.3175,1.86,0.1537,0.28,0.1,1,0.5154,medium
21,2023-08-05,Sidi Bouzid,35.04,9.48,sandy-loam,Pepper,8,2023,34.15,0.4172,0.3263,0.607,32.0,49.39,0.95,698.5,2.4062,1.934,0.2154,0.28,0.1,0,0.2994,mild
22,2021-08-11,Sfax,34.74,10.76,sandy-loam,Olive,8,2021,32.2,0.2299,0.1992,0.3755,28.86,48.91,2.84,713.1,2.0304,1.831,0.1742,0.28,0.1,0,0.3827,mild
23,2021-06-20,Sidi Bouzid,35.04,9.48,sandy-loam,Tomato,6,2021,28.98,0.3603,0.2903,0.5421,25.92,45.52,1.47,759.5,1.8224,1.77,0.2005,0.28,0.1,0,0.3812,mild
24,2021-09-17,Nabeul,36.45,10.73,sandy,Wheat,9,2021,33.34,0.1281,0.118,0.2241,28.0,43.84,2.31,525.7,2.1229,1.543,0.0917,0.18,0.06,1,0.6318,medium
25,2022-02-02,Gabès,33.88,9.79,sandy,Pepper,2,2022,13.14,0.3839,0.3055,0.5696,13.86,88.11,6.18,272.3,0.1883,0.768,0.1714,0.18,0.06,0,0.0058,low
26,2023-09-05,Sidi Bouzid,35.04,9.48,sandy-loam,Potato,9,2023,32.42,0.3983,0.3145,0.5859,31.52,67.56,5.91,516.1,1.5015,1.647,0.2744,0.28,0.1,0,0.2055,low
27,2023-11-14,Gabès,33.88,9.79,sandy,Wheat,11,2023,27.92,0.0654,0.0626,0.1196,22.46,57.24,0.44,236.3,1.1629,0.909,0.0768,0.18,0.06,1,0.6475,medium
28,2022-11-27,Sfax,34.74,10.76,sandy-loam,Pepper,11,2022,17.61,0.3715,0.2976,0.5553,17.44,82.35,5.93,274.4,0.3518,0.858,0.2482,0.28,0.1,0,0.1354,low
29,2023-07-06,Béja,36.73,9.18,loam,Tomato,7,2023,34.35,0.3724,0.2982,0.5563,31.01,39.75,2.26,888.4,2.7075,2.138,0.2248,0.32,0.12,0,0.3943,mild
30,2021-10-20,Sfax,34.74,10.76,sandy-loam,Potato,10,2021,27.85,0.6359,0.4463,0.8207,27.01,80.44,4.8,467.7,0.6975,1.424,0.2674,0.28,0.1,0,0.2053,low
31,2022-06-25,Gafsa,34.43,8.78,sandy,Pepper,6,2022,30.23,0.3327,0.2721,0.5091,28.36,56.33,2.36,741.1,1.6856,1.846,0.1195,0.18,0.06,0,0.2833,mild
32,2021-05-05,Nabeul,36.45,10.73,sandy,Barley,5,2021,28.1,0.1104,0.1027,0.1955,21.4,36.36,5.08,720.7,1.6223,1.546,0.0856,0.18,0.06,0,0.8208,high
33,2023-02-27,Kairouan,35.67,10.1,clay-loam,Wheat,2,2023,10.91,0.1474,0.1341,0.2544,9.79,78.25,1.32,250.1,0.2635,0.641,0.2483,0.36,0.18,0,0.3016,mild
34,2023-01-17,Nabeul,36.45,10.73,sandy,Tomato,1,2023,17.79,0.1439,0.1312,0.2489,14.3,62.57,5.31,178.8,0.6099,0.631,0.0998,0.18,0.06,0,0.5466,medium
35,2022-01-03,Bizerte,37.27,9.87,loam,Citrus,1,2022,14.02,0.1983,0.175,0.3306,10.82,58.51,0.56,193.0,0.5381,0.584,0.1706,0.32,0.12,0,0.6098,medium
36,2021-10-22,Gafsa,34.43,8.78,sandy,Pepper,10,2021,26.21,0.1829,0.1629,0.3082,22.72,64.55,0.44,386.9,0.9794,1.171,0.1169,0.18,0.06,0,0.4556,mild
37,2021-06-02,Kairouan,35.67,10.1,clay-loam,Potato,6,2021,31.33,0.1949,0.1724,0.3257,28.15,49.93,2.51,894.6,1.9095,2.02,0.2707,0.36,0.18,0,0.4262,mild
38,2022-02-03,Gabès,33.88,9.79,sandy,Potato,2,2022,14.34,0.1735,0.1555,0.2942,13.31,64.05,4.11,279.2,0.5494,0.764,0.1128,0.18,0.06,0,0.2474,mild
39,2022-07-01,Sidi Bouzid,35.04,9.48,sandy-loam,Tomato,7,2022,35.77,0.2928,0.2449,0.4593,31.94,39.96,4.52,902.0,2.8454,2.195,0.1623,0.28,0.1,1,0.3788,mild
40,2021-04-15,Nabeul,36.45,10.73,sandy,Pepper,4,2021,14.5,0.3876,0.3078,0.5738,14.79,73.32,2.85,543.5,0.4489,1.116,0.1755,0.18,0.06,0,0.1043,low
41,2021-08-19,Gabès,33.88,9.79,sandy,Potato,8,2021,40.1,0.1179,0.1092,0.2077,32.04,41.24,4.75,869.3,2.7997,2.159,0.0944,0.18,0.06,0,0.7329,medium
42,2023-04-09,Kairouan,35.67,10.1,clay-loam,Tomato,4,2023,23.38,0.0811,0.0769,0.1467,16.26,36.96,2.55,575.0,1.1658,1.2,0.2133,0.36,0.18,1,0.8921,high
43,2023-01-19,Kairouan,35.67,10.1,clay-loam,Pepper,1,2023,15.81,0.2166,0.1892,0.3568,14.42,75.47,4.87,199.9,0.4029,0.669,0.2709,0.36,0.18,0,0.3123,mild
44,2023-02-04,Kairouan,35.67,10.1,clay-loam,Barley,2,2023,13.14,0.1631,0.147,0.2785,11.0,74.0,2.86,303.9,0.3413,0.738,0.2661,0.36,0.18,0,0.3591,mild
45,2022-06-18,Kairouan,35.67,10.1,clay-loam,Olive,6,2022,36.55,0.074,0.0705,0.1345,31.41,39.45,2.57,808.2,2.785,2.056,0.2119,0.36,0.18,0,0.5093,medium
46,2023-02-09,Sfax,34.74,10.76,sandy-loam,Barley,2,2023,22.03,0.0987,0.0925,0.1762,17.93,62.98,4.06,323.5,0.7605,0.944,0.1573,0.28,0.1,1,0.5904,medium
47,2023-10-05,Nabeul,36.45,10.73,sandy,Barley,10,2023,26.12,0.0822,0.0779,0.1486,21.54,50.43,4.09,495.3,1.2747,1.287,0.076,0.18,0.06,1,0.633,medium
48,2022-12-27,Sidi Bouzid,35.04,9.48,sandy-loam,Barley,12,2022,18.46,0.1118,0.104,0.1979,14.0,65.0,0.8,168.7,0.5594,0.607,0.1397,0.28,0.1,0,0.6224,medium
49,2021-04-14,Sidi Bouzid,35.04,9.48,sandy-loam,Pepper,4,2021,27.38,0.1623,0.1463,0.2772,21.83,56.31,2.05,432.4,1.1434,1.211,0.1689,0.28,0.1,0,0.6987,medium
50,2021-04-26,Gabès,33.88,9.79,sandy,Citrus,4,2021,29.43,0.0309,0.0303,0.058,21.37,46.13,3.62,650.3,1.3701,1.468,0.0771,0.18,0.06,1,0.9022,extreme
51,2023-04-25,Kairouan,35.67,10.1,clay-loam,Tomato,4,2023,18.53,0.3506,0.284,0.5306,17.75,76.55,4.04,518.1,0.4765,1.189,0.3183,0.36,0.18,0,0.1961,low
52,2022-11-23,Gafsa,34.43,8.78,sandy,Potato,11,2022,22.29,0.3093,0.2563,0.4802,22.51,85.65,2.92,306.2,0.3913,1.036,0.1652,0.18,0.06,0,0.0732,low
53,2021-08-15,Gafsa,34.43,8.78,sandy,Olive,8,2021,42.58,0.1818,0.162,0.3065,37.09,40.73,6.18,813.0,3.7372,2.3,0.1053,0.18,0.06,0,0.4674,mild
54,2022-01-07,Kairouan,35.67,10.1,clay-loam,Wheat,1,2022,9.16,0.3362,0.2745,0.5133,9.91,79.2,3.33,175.1,0.2539,0.539,0.3419,0.36,0.18,0,0.0361,low
55,2021-11-05,Bizerte,37.27,9.87,loam,Potato,11,2021,15.32,0.3638,0.2926,0.5463,16.21,72.1,4.05,314.8,0.5142,0.887,0.304,0.32,0.12,0,0.0346,low
56,2023-04-18,Sfax,34.74,10.76,sandy-loam,Wheat,4,2023,25.58,0.1687,0.1516,0.287,20.95,48.1,4.88,632.0,1.2865,1.431,0.1619,0.28,0.1,1,0.5728,medium
57,2022-06-05,Gafsa,34.43,8.78,sandy,Tomato,6,2022,44.0,0.01,0.0099,0.0191,32.25,22.28,2.6,818.3,3.7484,2.104,0.0664,0.18,0.06,0,0.9329,extreme
58,2021-03-09,Nabeul,36.45,10.73,sandy,Pepper,3,2021,20.41,0.0427,0.0415,0.0795,13.94,49.17,1.77,431.8,0.8095,0.969,0.0779,0.18,0.06,1,0.9153,extreme
59,2021-03-04,Gabès,33.88,9.79,sandy,Potato,3,2021,25.2,0.1152,0.1069,0.2034,19.72,53.19,1.63,439.9,1.0759,1.156,0.0862,0.18,0.06,0,0.6663,medium
60,2021-09-12,Kairouan,35.67,10.1,clay-loam,Barley,9,2021,29.53,0.2759,0.2329,0.4374,28.74,69.18,2.4,527.0,1.2165,1.57,0.3194,0.36,0.18,0,0.168,low
61,2021-11-14,Gafsa,34.43,8.78,sandy,Potato,11,2021,17.68,0.2747,0.2321,0.4358,17.71,88.08,4.35,229.6,0.2415,0.791,0.1336,0.18,0.06,0,0.1285,low
62,2022-05-19,Kairouan,35.67,10.1,clay-loam,Olive,5,2022,25.66,0.2617,0.2227,0.4187,25.18,72.56,2.76,799.3,0.8785,1.785,0.3437,0.36,0.18,0,0.1767,low
63,2021-12-10,Béja,36.73,9.18,loam,Potato,12,2021,11.04,0.2926,0.2447,0.459,11.56,84.38,3.04,217.2,0.2128,0.636,0.2624,0.32,0.12,0,0.058,low
64,2021-07-22,Sidi Bouzid,35.04,9.48,sandy-loam,Wheat,7,2021,32.51,0.1367,0.1252,0.2378,29.75,48.95,2.38,832.5,2.135,2.016,0.1558,0.28,0.1,1,0.3218,mild
65,2021-02-03,Sfax,34.74,10.76,sandy-loam,Tomato,2,2021,16.53,0.4578,0.3506,0.6508,17.15,73.13,4.43,286.2,0.5257,0.869,0.28,0.28,0.1,0,0.0398,low
66,2021-03-04,Kairouan,35.67,10.1,clay-loam,Wheat,3,2021,16.22,0.3589,0.2894,0.5405,13.06,60.62,1.57,414.4,0.5923,0.923,0.2731,0.36,0.18,0,0.4667,mild
67,2023-01-06,Kairouan,35.67,10.1,clay-loam,Barley,1,2023,13.36,0.2934,0.2452,0.46,12.95,86.56,3.17,208.1,0.2006,0.652,0.3199,0.36,0.18,0,0.2135,low
68,2023-09-08,Béja,36.73,9.18,loam,Potato,9,2023,41.65,0.0336,0.0329,0.063,31.71,29.63,0.55,643.8,3.2915,1.846,0.1389,0.32,0.12,0,0.9422,extreme
69,2021-03-04,Sidi Bouzid,35.04,9.48,sandy-loam,Olive,3,2021,21.31,0.1108,0.1031,0.1962,17.62,61.62,5.2,351.4,0.7733,0.976,0.1558,0.28,0.1,0,0.5596,medium
70,2021-03-19,Gafsa,34.43,8.78,sandy,Pepper,3,2021,19.74,0.2438,0.2096,0.3945,20.42,73.32,5.86,348.3,0.6404,1.048,0.1382,0.18,0.06,0,0.0155,low
71,2021-03-25,Kairouan,35.67,10.1,clay-loam,Potato,3,2021,18.78,0.4168,0.326,0.6066,19.46,83.11,5.72,490.0,0.382,1.212,0.3047,0.36,0.18,0,0.0203,low
72,2021-11-19,Gabès,33.88,9.79,sandy,Olive,11,2021,26.77,0.0246,0.0242,0.0464,19.14,44.19,1.96,242.6,1.2369,0.845,0.0836,0.18,0.06,0,0.9002,extreme
73,2021-03-21,Béja,36.73,9.18,loam,Tomato,3,2021,24.9,0.0796,0.0756,0.1442,18.02,38.54,4.43,335.0,1.2703,0.963,0.1464,0.32,0.12,1,0.9203,extreme
74,2023-11-25,Gabès,33.88,9.79,sandy,Pepper,11,2023,19.04,0.2739,0.2315,0.4348,17.49,64.45,4.66,233.5,0.7105,0.792,0.1407,0.18,0.06,0,0.272,mild
75,2021-07-06,Sidi Bouzid,35.04,9.48,sandy-loam,Pepper,7,2021,37.36,0.0134,0.0133,0.0255,28.58,26.6,1.64,838.3,2.8701,1.973,0.0976,0.28,0.1,1,0.8119,high
76,2021-11-10,Kairouan,35.67,10.1,clay-loam,Olive,11,2021,19.62,0.145,0.1321,0.2507,17.36,63.43,4.8,321.6,0.7249,0.926,0.2596,0.36,0.18,0,0.4018,mild
77,2023-06-26,Kairouan,35.67,10.1,clay-loam,Potato,6,2023,35.02,0.1398,0.1278,0.2426,27.84,35.93,1.53,740.1,2.3998,1.825,0.2493,0.36,0.18,0,0.7355,medium
78,2022-02-25,Gafsa,34.43,8.78,sandy,Olive,2,2022,18.75,0.0978,0.0917,0.1748,13.37,64.79,6.0,251.9,0.5404,0.727,0.1188,0.18,0.06,0,0.7359,medium
79,2023-01-26,Sfax,34.74,10.76,sandy-loam,Barley,1,2023,20.14,0.1356,0.1243,0.236,15.0,57.87,2.76,193.7,0.7185,0.671,0.169,0.28,0.1,0,0.6908,medium
80,2023-07-05,Kairouan,35.67,10.1,clay-loam,Tomato,7,2023,36.95,0.4363,0.3378,0.6279,32.81,48.67,0.91,754.8,2.5541,2.043,0.2827,0.36,0.18,0,0.4374,mild
81,2023-06-09,Gafsa,34.43,8.78,sandy,Barley,6,2023,39.44,0.0647,0.062,0.1184,28.82,24.82,1.39,829.5,2.9796,1.973,0.0761,0.18,0.06,0,0.9472,extreme
82,2021-01-15,Bizerte,37.27,9.87,loam,Olive,1,2021,14.67,0.2071,0.1819,0.3433,15.36,80.78,2.17,222.7,0.3355,0.727,0.2717,0.32,0.12,0,0.0203,low
83,2023-01-06,Sfax,34.74,10.76,sandy-loam,Barley,1,2023,16.16,0.3543,0.2865,0.5351,15.79,83.01,1.58,199.9,0.3049,0.698,0.2742,0.28,0.1,0,0.1305,low
84,2022-07-13,Sidi Bouzid,35.04,9.48,sandy-loam,Tomato,7,2022,33.31,0.475,0.3606,0.6687,31.46,45.7,2.17,807.5,2.5044,2.057,0.2148,0.28,0.1,0,0.2618,mild
85,2022-12-21,Sfax,34.74,10.76,sandy-loam,Potato,12,2022,12.61,0.268,0.2272,0.427,12.52,83.85,1.6,232.7,0.2344,0.68,0.2215,0.28,0.1,0,0.0934,low
86,2023-04-22,Béja,36.73,9.18,loam,Potato,4,2023,19.52,0.4994,0.3745,0.6935,19.26,76.79,5.6,493.6,0.5185,1.21,0.2665,0.32,0.12,0,0.159,low
87,2022-05-14,Sfax,34.74,10.76,sandy-loam,Citrus,5,2022,26.74,0.1856,0.1651,0.3121,23.59,52.34,2.86,572.2,1.3872,1.455,0.1859,0.28,0.1,0,0.3917,mild
88,2023-03-11,Gafsa,34.43,8.78,sandy,Barley,3,2023,16.17,0.3473,0.2818,0.5267,14.08,61.23,2.57,368.9,0.6229,0.9,0.134,0.18,0.06,0,0.3527,mild
89,2022-04-24,Kairouan,35.67,10.1,clay-loam,Pepper,4,2022,26.25,0.2387,0.2058,0.3875,23.34,56.55,4.68,445.2,1.2457,1.275,0.2826,0.36,0.18,0,0.4206,mild
90,2022-11-05,Nabeul,36.45,10.73,sandy,Barley,11,2022,24.93,0.1371,0.1255,0.2383,21.4,52.34,4.46,339.4,1.2146,1.061,0.0997,0.18,0.06,0,0.4991,medium
91,2023-11-04,Sidi Bouzid,35.04,9.48,sandy-loam,Wheat,11,2023,28.61,0.0433,0.0421,0.0806,20.73,47.12,1.11,230.0,1.2932,0.858,0.1206,0.28,0.1,0,0.9196,extreme
92,2021-02-16,Sfax,34.74,10.76,sandy-loam,Citrus,2,2021,20.39,0.2334,0.2019,0.3803,16.27,59.41,5.31,290.9,0.7509,0.854,0.1575,0.28,0.1,1,0.5395,medium
93,2023-02-09,Kairouan,35.67,10.1,clay-loam,Potato,2,2023,15.72,0.1555,0.1408,0.2669,12.73,62.86,2.11,254.2,0.5465,0.715,0.2446,0.36,0.18,0,0.5053,medium
94,2021-05-24,Béja,36.73,9.18,loam,Pepper,5,2021,22.03,0.3392,0.2765,0.517,21.44,61.4,1.08,654.0,0.9861,1.475,0.2845,0.32,0.12,0,0.1651,low
95,2022-03-20,Nabeul,36.45,10.73,sandy,Barley,3,2022,21.93,0.2331,0.2017,0.3799,17.85,49.41,5.43,473.8,1.034,1.14,0.0964,0.18,0.06,1,0.6157,medium
96,2023-09-23,Bizerte,37.27,9.87,loam,Pepper,9,2023,29.97,0.257,0.2193,0.4124,28.05,48.48,4.49,656.8,1.9534,1.727,0.2446,0.32,0.12,0,0.2922,mild
97,2021-01-17,Sfax,34.74,10.76,sandy-loam,Tomato,1,2021,15.7,0.2135,0.1868,0.3524,14.21,76.73,4.78,216.7,0.377,0.692,0.1801,0.28,0.1,0,0.2711,mild
98,2023-09-07,Sidi Bouzid,35.04,9.48,sandy-loam,Pepper,9,2023,34.65,0.2059,0.1809,0.3416,31.26,56.58,2.28,523.9,1.9799,1.65,0.1938,0.28,0.1,0,0.3868,mild
99,2021-02-02,Nabeul,36.45,10.73,sandy,Potato,2,2021,17.37,0.0915,0.0862,0.1643,13.87,55.37,4.54,274.3,0.7073,0.771,0.0889,0.18,0.06,0,0.536,medium
100,2021-03-16,Sidi Bouzid,35.04,9.48,sandy-loam,Pepper,3,2021,17.44,0.3514,0.2845,0.5316,16.28,69.59,5.81,402.1,0.5629,1.004,0.2557,0.28,0.1,0,0.2146,low
101,2022-07-11,Gabès,33.88,9.79,sandy,Tomato,7,2022,40.13,0.2465,0.2116,0.3983,32.33,35.59,2.87,886.8,3.1202,2.194,0.1029,0.18,0.06,0,0.6756,medium
102,2023-09-23,Gafsa,34.43,8.78,sandy,Pepper,9,2023,30.22,0.2349,0.2029,0.3823,27.77,60.63,2.43,605.3,1.4678,1.647,0.1291,0.18,0.06,0,0.3552,mild
103,2021-11-09,Kairouan,35.67,10.1,clay-loam,Tomato,11,2021,25.12,0.1484,0.1349,0.2559,21.15,63.32,2.25,246.1,0.9206,0.898,0.2391,0.36,0.18,0,0.532,medium
104,2021-06-18,Gafsa,34.43,8.78,sandy,Potato,6,2021,28.92,0.2156,0.1884,0.3554,24.99,51.51,4.05,843.9,1.5355,1.827,0.1347,0.18,0.06,0,0.4728,mild
105,2021-02-13,Kairouan,35.67,10.1,clay-loam,Pepper,2,2021,16.04,0.1622,0.1463,0.2772,13.66,65.06,1.26,275.2,0.5463,0.767,0.2528,0.36,0.18,0,0.4134,mild
106,2021-03-17,Sfax,34.74,10.76,sandy-loam,Olive,3,2021,18.98,0.2148,0.1878,0.3542,18.76,77.2,3.44,414.9,0.4937,1.094,0.2357,0.28,0.1,0,0.1558,low
107,2023-04-02,Sidi Bouzid,35.04,9.48,sandy-loam,Pepper,4,2023,26.82,0.1227,0.1134,0.2155,22.62,52.59,4.69,485.8,1.3017,1.309,0.1585,0.28,0.1,1,0.5063,medium
108,2023-02-07,Nabeul,36.45,10.73,sandy,Potato,2,2023,20.88,0.0155,0.0153,0.0295,14.05,44.64,4.44,284.6,0.8879,0.79,0.0621,0.18,0.06,1,0.9745,extreme
109,2022-07-13,Bizerte,37.27,9.87,loam,Tomato,7,2022,37.55,0.2074,0.1821,0.3437,31.15,29.37,0.68,829.6,3.1999,2.072,0.1744,0.32,0.12,1,0.6535,medium
110,2021-03-18,Sidi Bouzid,35.04,9.48,sandy-loam,Barley,3,2021,14.12,0.5363,0.3948,0.7297,13.64,74.95,4.91,463.0,0.3913,0.994,0.2687,0.28,0.1,0,0.1708,low
111,2023-04-24,Gafsa,34.43,8.78,sandy,Tomato,4,2023,25.15,0.1936,0.1714,0.3239,23.26,68.05,2.84,524.0,0.9116,1.381,0.1163,0.18,0.06,0,0.3097,mild
112,2023-04-24,Kairouan,35.67,10.1,clay-loam,Wheat,4,2023,19.27,0.496,0.3726,0.69,18.79,69.84,1.28,476.7,0.6542,1.174,0.3221,0.36,0.18,0,0.2124,low
113,2022-11-14,Sfax,34.74,10.76,sandy-loam,Potato,11,2022,25.09,0.092,0.0866,0.1651,21.16,65.0,4.72,281.6,0.8788,0.961,0.1287,0.28,0.1,1,0.5743,medium
114,2022-10-19,Nabeul,36.45,10.73,sandy,Wheat,10,2022,24.56,0.2866,0.2405,0.4513,24.67,74.92,0.58,524.9,0.779,1.43,0.1459,0.18,0.06,0,0.1499,low
115,2023-11-06,Gafsa,34.43,8.78,sandy,Pepper,11,2023,21.45,0.0818,0.0776,0.1479,15.87,54.77,3.65,302.7,0.8159,0.861,0.076,0.18,0.06,1,0.6845,medium
116,2023-06-04,Kairouan,35.67,10.1,clay-loam,Potato,6,2023,31.98,0.3479,0.2822,0.5274,32.09,53.42,2.13,794.5,2.2266,2.067,0.342,0.36,0.18,0,0.088,low
117,2022-09-05,Bizerte,37.27,9.87,loam,Wheat,9,2022,31.27,0.0285,0.0279,0.0535,23.9,37.75,3.89,543.9,1.8461,1.429,0.1283,0.32,0.12,1,0.9217,extreme
118,2023-09-02,Kairouan,35.67,10.1,clay-loam,Potato,9,2023,25.67,0.3662,0.2942,0.5491,25.32,70.36,5.58,603.5,0.9571,1.557,0.3453,0.36,0.18,0,0.1606,low
119,2023-03-20,Sidi Bouzid,35.04,9.48,sandy-loam,Citrus,3,2023,18.22,0.1214,0.1122,0.2133,16.3,72.19,4.48,408.3,0.5154,1.013,0.1712,0.28,0.1,0,0.3334,mild
120,2022-02-03,Nabeul,36.45,10.73,sandy,Citrus,2,2022,17.3,0.3695,0.2963,0.553,15.32,70.75,3.22,362.4,0.5093,0.927,0.1357,0.18,0.06,0,0.352,mild
121,2022-03-09,Nabeul,36.45,10.73,sandy,Barley,3,2022,21.41,0.0749,0.0713,0.1361,18.19,55.42,1.01,429.6,0.931,1.096,0.074,0.18,0.06,1,0.5062,medium
122,2022-06-20,Nabeul,36.45,10.73,sandy,Pepper,6,2022,37.22,0.2558,0.2184,0.4108,31.23,44.31,1.65,786.2,2.5344,2.02,0.1026,0.18,0.06,0,0.6339,medium
123,2022-07-26,Kairouan,35.67,10.1,clay-loam,Pepper,7,2022,38.82,0.3529,0.2855,0.5334,34.22,37.61,4.04,781.4,3.3604,2.137,0.2673,0.36,0.18,0,0.4495,mild
124,2021-01-25,Sfax,34.74,10.76,sandy-loam,Pepper,1,2021,16.41,0.1966,0.1737,0.3283,15.01,68.15,1.69,237.9,0.5437,0.744,0.1807,0.28,0.1,0,0.2601,mild
125,2021-04-17,Béja,36.73,9.18,loam,Pepper,4,2021,18.88,0.2916,0.244,0.4577,19.44,69.21,0.89,614.6,0.6955,1.357,0.2635,0.32,0.12,0,0.0928,low
126,2023-09-09,Gafsa,34.43,8.78,sandy,Citrus,9,2023,39.5,0.1178,0.1091,0.2075,32.38,44.38,4.55,606.1,2.7018,1.815,0.0817,0.18,0.06,0,0.691,medium
127,2023-09-01,Gafsa,34.43,8.78,sandy,Pepper,9,2023,36.6,0.1958,0.1731,0.3271,32.04,52.38,1.1,644.2,2.2698,1.859,0.1228,0.18,0.06,0,0.4731,mild
128,2023-04-27,Sfax,34.74,10.76,sandy-loam,Olive,4,2023,20.45,0.1889,0.1677,0.317,19.25,60.01,0.95,649.5,0.8925,1.388,0.2277,0.28,0.1,0,0.2587,mild
129,2023-04-25,Nabeul,36.45,10.73,sandy,Barley,4,2023,22.87,0.0251,0.0247,0.0473,15.51,42.22,3.05,460.8,1.0181,1.051,0.0595,0.18,0.06,1,0.9706,extreme
130,2022-08-20,Sfax,34.74,10.76,sandy-loam,Tomato,8,2022,34.46,0.2818,0.2371,0.4451,31.91,41.23,1.76,731.5,2.7802,1.976,0.1648,0.28,0.1,0,0.3107,mild
131,2022-01-06,Kairouan,35.67,10.1,clay-loam,Citrus,1,2022,13.35,0.4967,0.3729,0.6907,13.89,86.04,5.18,241.7,0.2216,0.724,0.3341,0.36,0.18,0,0.0733,low
132,2021-05-12,Nabeul,36.45,10.73,sandy,Citrus,5,2021,24.65,0.1602,0.1447,0.2741,22.02,58.48,4.29,700.8,1.0988,1.549,0.108,0.18,0.06,0,0.3888,mild
133,2023-07-21,Sidi Bouzid,35.04,9.48,sandy-loam,Tomato,7,2023,39.23,0.2129,0.1863,0.3516,33.31,34.76,0.72,691.4,3.3392,1.975,0.1521,0.28,0.1,0,0.5653,medium
134,2021-12-24,Sidi Bouzid,35.04,9.48,sandy-loam,Potato,12,2021,14.76,0.2479,0.2126,0.4001,12.24,75.02,1.24,175.8,0.356,0.585,0.2213,0.28,0.1,0,0.4355,mild
135,2023-01-02,Nabeul,36.45,10.73,sandy,Olive,1,2023,15.75,0.1105,0.1029,0.1957,11.92,65.0,5.24,259.6,0.4884,0.704,0.1135,0.18,0.06,0,0.6244,medium
136,2022-02-15,Nabeul,36.45,10.73,sandy,Olive,2,2022,15.37,0.0329,0.0322,0.0616,12.01,65.0,1.92,353.0,0.4913,0.823,0.0701,0.18,0.06,1,0.5819,medium
137,2023-04-06,Nabeul,36.45,10.73,sandy,Barley,4,2023,25.06,0.226,0.1963,0.37,20.18,50.0,2.46,536.5,1.182,1.293,0.1089,0.18,0.06,0,0.6917,medium
138,2022-12-20,Sidi Bouzid,35.04,9.48,sandy-loam,Tomato,12,2022,13.16,0.2633,0.2239,0.4209,11.5,69.24,0.79,157.5,0.4173,0.54,0.1958,0.28,0.1,0,0.3189,mild
139,2022-03-02,Sfax,34.74,10.76,sandy-loam,Citrus,3,2022,24.12,0.1325,0.1217,0.231,18.55,59.4,2.93,489.2,0.8673,1.181,0.1622,0.28,0.1,1,0.6912,medium
140,2023-06-06,Sidi Bouzid,35.04,9.48,sandy-loam,Tomato,6,2023,40.7,0.0908,0.0856,0.1631,30.91,26.34,3.33,723.9,3.2917,1.926,0.1159,0.28,0.1,1,0.8311,high
141,2022-10-05,Sidi Bouzid,35.04,9.48,sandy-loam,Potato,10,2022,32.08,0.1543,0.1399,0.2651,26.0,51.87,3.34,418.5,1.6183,1.317,0.1393,0.28,0.1,1,0.6735,medium
142,2021-06-24,Kairouan,35.67,10.1,clay-loam,Barley,6,2021,25.91,0.267,0.2265,0.4257,25.46,66.31,4.42,782.5,1.0969,1.778,0.3165,0.36,0.18,0,0.1369,low
143,2022-11-17,Béja,36.73,9.18,loam,Citrus,11,2022,22.87,0.1937,0.1715,0.324,19.64,63.05,3.84,287.6,0.8449,0.933,0.1805,0.32,0.12,1,0.5245,medium
144,2021-01-07,Gafsa,34.43,8.78,sandy,Olive,1,2021,20.7,0.01,0.0099,0.0191,13.54,49.35,3.81,220.5,0.786,0.684,0.0624,0.18,0.06,0,0.9204,extreme
145,2023-06-26,Gafsa,34.43,8.78,sandy,Barley,6,2023,34.39,0.01,0.0099,0.0191,25.9,27.86,3.53,816.6,2.4114,1.835,0.0647,0.18,0.06,0,0.8044,high
146,2023-08-23,Nabeul,36.45,10.73,sandy,Potato,8,2023,30.38,0.4135,0.324,0.603,30.27,58.74,4.88,763.3,1.7777,1.951,0.18,0.18,0.06,0,0.1301,low
147,2022-09-24,Nabeul,36.45,10.73,sandy,Barley,9,2022,33.25,0.0703,0.0671,0.1281,26.75,40.91,5.53,509.5,2.0765,1.478,0.0751,0.18,0.06,0,0.7468,high
148,2022-01-15,Nabeul,36.45,10.73,sandy,Wheat,1,2022,13.21,0.0822,0.0779,0.1486,9.34,61.82,5.27,195.2,0.4486,0.557,0.0843,0.18,0.06,0,0.6383,medium
149,2021-02-25,Gabès,33.88,9.79,sandy,Barley,2,2021,24.26,0.1397,0.1277,0.2424,18.88,62.9,5.31,347.9,0.8093,1.006,0.0967,0.18,0.06,1,0.6898,medium
150,2023-08-25,Sidi Bouzid,35.04,9.48,sandy-loam,Barley,8,2023,32.96,0.2915,0.2439,0.4576,32.7,54.78,3.02,620.4,2.2367,1.848,0.2506,0.28,0.1,0,0.1191,low
151,2021-09-08,Nabeul,36.45,10.73,sandy,Potato,9,2021,29.61,0.0895,0.0844,0.1609,24.93,36.78,2.49,531.4,1.9948,1.447,0.0984,0.18,0.06,0,0.5986,medium
152,2023-03-25,Sfax,34.74,10.76,sandy-loam,Tomato,3,2023,24.67,0.1353,0.124,0.2354,19.22,53.32,1.02,503.6,1.0402,1.221,0.1498,0.28,0.1,1,0.6871,medium
153,2022-11-01,Kairouan,35.67,10.1,clay-loam,Potato,11,2022,21.64,0.2224,0.1936,0.365,19.06,67.14,0.57,271.5,0.7245,0.892,0.2818,0.36,0.18,0,0.3894,mild
154,2021-09-23,Sfax,34.74,10.76,sandy-loam,Barley,9,2021,43.55,0.01,0.0099,0.0191,32.69,31.54,3.58,562.6,3.3844,1.76,0.106,0.28,0.1,0,0.8944,high
155,2022-11-09,Sfax,34.74,10.76,sandy-loam,Wheat,11,2022,26.0,0.1313,0.1207,0.2292,22.58,76.75,0.69,257.5,0.6369,0.952,0.1678,0.28,0.1,0,0.4685,mild
156,2023-03-07,Sfax,34.74,10.76,sandy-loam,Pepper,3,2023,16.12,0.2879,0.2414,0.453,14.15,61.48,5.08,404.2,0.622,0.944,0.2285,0.28,0.1,0,0.3684,mild
157,2022-01-25,Bizerte,37.27,9.87,loam,Potato,1,2022,16.92,0.2299,0.1992,0.3754,14.62,70.56,2.73,262.9,0.4899,0.772,0.2339,0.32,0.12,0,0.4695,mild
158,2023-08-05,Béja,36.73,9.18,loam,Potato,8,2023,39.12,0.0954,0.0896,0.1707,33.92,44.23,3.91,703.1,2.9525,2.015,0.1695,0.32,0.12,1,0.5338,medium
159,2022-06-28,Sidi Bouzid,35.04,9.48,sandy-loam,Potato,6,2022,37.61,0.1389,0.127,0.2411,31.71,43.23,4.82,824.4,2.6546,2.089,0.1418,0.28,0.1,1,0.6034,medium
160,2023-09-13,Gafsa,34.43,8.78,sandy,Wheat,9,2023,38.27,0.091,0.0858,0.1635,32.58,48.56,1.51,674.0,2.5269,1.922,0.0888,0.18,0.06,1,0.5619,medium
161,2022-07-11,Nabeul,36.45,10.73,sandy,Barley,7,2022,32.24,0.1005,0.0941,0.1793,27.07,36.77,5.63,920.4,2.2642,2.0,0.1025,0.18,0.06,0,0.5807,medium
162,2022-07-18,Sidi Bouzid,35.04,9.48,sandy-loam,Olive,7,2022,27.2,0.3078,0.2553,0.4784,28.07,59.34,2.53,864.0,1.5435,1.981,0.2041,0.28,0.1,0,0.0401,low
163,2021-08-18,Kairouan,35.67,10.1,clay-loam,Barley,8,2021,36.09,0.2014,0.1775,0.3352,33.0,49.39,1.77,737.2,2.5459,2.027,0.2812,0.36,0.18,0,0.3844,mild
164,2021-05-11,Nabeul,36.45,10.73,sandy,Pepper,5,2021,21.46,0.1584,0.1432,0.2714,19.21,59.98,1.57,710.2,0.8912,1.449,0.099,0.18,0.06,1,0.3985,mild
165,2022-02-23,Sfax,34.74,10.76,sandy-loam,Olive,2,2022,18.98,0.0431,0.0419,0.0802,13.49,62.94,1.51,261.6,0.5731,0.744,0.1363,0.28,0.1,0,0.7356,medium
166,2023-09-24,Sidi Bouzid,35.04,9.48,sandy-loam,Barley,9,2023,38.14,0.0644,0.0617,0.118,29.66,30.46,5.23,531.9,2.8934,1.608,0.1231,0.28,0.1,1,0.7788,high
167,2023-05-10,Sfax,34.74,10.76,sandy-loam,Wheat,5,2023,35.03,0.0146,0.0145,0.0278,25.28,43.77,1.04,654.1,1.8116,1.619,0.1053,0.28,0.1,1,0.9967,extreme
168,2021-07-24,Nabeul,36.45,10.73,sandy,Citrus,7,2021,43.59,0.0713,0.068,0.1298,33.32,30.89,4.4,821.2,3.5404,2.153,0.0717,0.18,0.06,0,0.9274,extreme
169,2022-05-23,Bizerte,37.27,9.87,loam,Citrus,5,2022,25.16,0.1609,0.1452,0.2752,23.54,49.67,1.17,653.5,1.4612,1.553,0.1911,0.32,0.12,0,0.3231,mild
170,2022-09-10,Nabeul,36.45,10.73,sandy,Citrus,9,2022,28.38,0.1899,0.1684,0.3184,25.65,48.36,5.24,648.6,1.7002,1.626,0.132,0.18,0.06,0,0.4231,mild
171,2022-01-19,Sidi Bouzid,35.04,9.48,sandy-loam,Tomato,1,2022,19.2,0.0725,0.0691,0.132,14.39,65.0,1.5,215.7,0.5738,0.695,0.1236,0.28,0.1,1,0.6565,medium
172,2023-10-11,Kairouan,35.67,10.1,clay-loam,Tomato,10,2023,27.21,0.1447,0.1319,0.2502,22.64,58.14,3.18,379.1,1.1507,1.157,0.2359,0.36,0.18,0,0.5959,medium
173,2021-10-05,Gabès,33.88,9.79,sandy,Barley,10,2021,33.67,0.096,0.0902,0.1718,28.39,55.49,3.05,495.0,1.721,1.51,0.0853,0.18,0.06,0,0.6063,medium
174,2021-08-15,Nabeul,36.45,10.73,sandy,Tomato,8,2021,34.03,0.1111,0.1034,0.1967,29.48,36.19,3.66,737.7,2.6273,1.887,0.0727,0.18,0.06,1,0.5268,medium
175,2022-10-26,Béja,36.73,9.18,loam,Barley,10,2022,26.84,0.1133,0.1053,0.2002,22.65,56.36,3.93,514.5,1.2006,1.348,0.1806,0.32,0.12,1,0.6186,medium
176,2021-04-27,Sidi Bouzid,35.04,9.48,sandy-loam,Wheat,4,2021,23.53,0.5198,0.3859,0.7137,23.42,74.67,3.75,451.4,0.7297,1.287,0.2503,0.28,0.1,0,0.1253,low
177,2023-10-01,Béja,36.73,9.18,loam,Wheat,10,2023,27.57,0.2248,0.1954,0.3684,26.44,69.02,1.1,424.2,1.069,1.339,0.2336,0.32,0.12,0,0.2668,mild
178,2021-03-16,Nabeul,36.45,10.73,sandy,Potato,3,2021,16.89,0.1039,0.0971,0.1849,12.78,58.78,5.75,387.9,0.6085,0.885,0.079,0.18,0.06,1,0.6535,medium
179,2022-10-06,Sidi Bouzid,35.04,9.48,sandy-loam,Barley,10,2022,24.45,0.2589,0.2207,0.4149,24.37,71.3,2.9,386.2,0.8754,1.218,0.2248,0.28,0.1,0,0.1456,low
180,2023-12-24,Sidi Bouzid,35.04,9.48,sandy-loam,Olive,12,2023,25.56,0.0389,0.0379,0.0725,19.31,48.57,4.77,168.7,1.152,0.708,0.1315,0.28,0.1,1,0.7716,high
181,2022-06-14,Nabeul,36.45,10.73,sandy,Potato,6,2022,38.37,0.0543,0.0523,0.1001,31.58,34.19,1.86,902.7,3.055,2.18,0.0911,0.18,0.06,0,0.6757,medium
182,2022-10-09,Sfax,34.74,10.76,sandy-loam,Olive,10,2022,31.7,0.0543,0.0524,0.1002,26.62,53.17,0.95,464.9,1.6325,1.407,0.1467,0.28,0.1,1,0.6134,medium
183,2023-07-08,Gafsa,34.43,8.78,sandy,Citrus,7,2023,36.61,0.1418,0.1295,0.2457,32.49,42.26,1.78,735.7,2.8225,2.004,0.1126,0.18,0.06,0,0.4236,mild
184,2022-05-26,Bizerte,37.27,9.87,loam,Wheat,5,2022,25.0,0.1982,0.1749,0.3304,20.99,43.4,3.64,579.3,1.4065,1.372,0.1866,0.32,0.12,1,0.5918,medium
185,2023-06-22,Gabès,33.88,9.79,sandy,Pepper,6,2023,44.54,0.0608,0.0584,0.1117,33.42,25.38,0.31,655.4,3.8436,1.927,0.0686,0.18,0.06,1,0.885,high
186,2022-10-05,Gafsa,34.43,8.78,sandy,Wheat,10,2022,25.92,0.3936,0.3116,0.5807,26.61,78.17,3.85,501.7,0.7609,1.462,0.1783,0.18,0.06,0,0.0601,low
187,2021-07-11,Gabès,33.88,9.79,sandy,Barley,7,2021,31.64,0.2218,0.1931,0.3641,31.79,53.81,1.26,952.5,2.1707,2.249,0.1293,0.18,0.06,0,0.0971,low
188,2023-08-05,Gabès,33.88,9.79,sandy,Wheat,8,2023,36.45,0.3789,0.3023,0.5639,35.53,56.57,4.04,823.5,2.5142,2.249,0.18,0.18,0.06,0,0.1382,low
189,2022-09-12,Nabeul,36.45,10.73,sandy,Pepper,9,2022,30.5,0.3228,0.2655,0.497,29.25,65.75,4.21,528.2,1.3921,1.589,0.1459,0.18,0.06,0,0.2222,low
190,2023-11-15,Béja,36.73,9.18,loam,Wheat,11,2023,14.29,0.3183,0.2624,0.4914,14.01,85.58,0.89,250.8,0.2308,0.74,0.2741,0.32,0.12,0,0.1931,low
191,2023-08-22,Sidi Bouzid,35.04,9.48,sandy-loam,Pepper,8,2023,30.16,0.4411,0.3407,0.633,30.02,49.97,5.35,626.2,2.1256,1.759,0.2031,0.28,0.1,0,0.1215,low
192,2023-02-16,Gabès,33.88,9.79,sandy,Wheat,2,2023,20.13,0.2554,0.2182,0.4103,17.73,66.07,4.89,356.2,0.6886,0.985,0.1448,0.18,0.06,0,0.4093,mild
193,2021-06-18,Béja,36.73,9.18,loam,Potato,6,2021,30.68,0.1918,0.17,0.3213,27.34,44.46,0.52,849.5,2.0202,1.933,0.2193,0.32,0.12,0,0.427,mild
194,2022-05-17,Sfax,34.74,10.76,sandy-loam,Potato,5,2022,25.83,0.5863,0.4213,0.7766,24.44,59.28,3.63,599.7,1.2475,1.52,0.2555,0.28,0.1,0,0.2306,low
195,2021-11-22,Sfax,34.74,10.76,sandy-loam,Citrus,11,2021,18.52,0.2273,0.1973,0.3718,16.74,66.08,4.97,337.2,0.6464,0.932,0.1648,0.28,0.1,0,0.2957,mild
196,2023-01-16,Kairouan,35.67,10.1,clay-loam,Citrus,1,2023,13.01,0.3327,0.2721,0.5091,10.67,69.18,4.51,196.4,0.3957,0.586,0.2903,0.36,0.18,0,0.409,mild
197,2022-08-06,Kairouan,35.67,10.1,clay-loam,Pepper,8,2022,39.9,0.0158,0.0156,0.03,31.07,25.74,1.5,684.8,3.3499,1.879,0.1908,0.36,0.18,1,0.7594,high
198,2022-04-03,Nabeul,36.45,10.73,sandy,Pepper,4,2022,24.07,0.1716,0.1539,0.2914,21.28,64.87,6.02,620.9,0.8891,1.431,0.1099,0.18,0.06,0,0.4299,mild
199,2022-09-02,Nabeul,36.45,10.73,sandy,Citrus,9,2022,31.01,0.2138,0.187,0.3528,28.16,48.38,5.05,601.4,1.9699,1.656,0.132,0.18,0.06,0,0.3743,mild
200,2021-08-15,Gabès,33.88,9.79,sandy,Wheat,8,2021,50.07,0.0757,0.072,0.1375,36.61,19.27,4.78,752.3,4.959,2.193,0.0763,0.18,0.06,1,0.9565,extreme
201,2022-09-22,Gabès,33.88,9.79,sandy,Wheat,9,2022,33.29,0.3589,0.2894,0.5405,32.78,70.93,2.57,580.9,1.4439,1.791,0.1564,0.18,0.06,0,0.1254,low
202,2022-06-12,Gabès,33.88,9.79,sandy,Olive,6,2022,36.38,0.1621,0.1462,0.277,29.67,46.35,0.74,765.4,2.2339,1.93,0.0937,0.18,0.06,0,0.6985,medium
203,2021-03-10,Kairouan,35.67,10.1,clay-loam,Barley,3,2021,15.21,0.3721,0.298,0.556,12.69,59.52,4.33,482.9,0.5939,0.984,0.2953,0.36,0.18,0,0.3964,mild
204,2023-06-14,Gafsa,34.43,8.78,sandy,Potato,6,2023,31.06,0.1709,0.1534,0.2903,28.22,44.86,2.34,798.1,2.1118,1.911,0.1105,0.18,0.06,0,0.3529,mild
205,2022-12-18,Kairouan,35.67,10.1,clay-loam,Olive,12,2022,10.43,0.2532,0.2165,0.4073,11.12,81.66,4.6,210.3,0.2426,0.616,0.3338,0.36,0.18,0,0.0379,low
206,2022-01-13,Nabeul,36.45,10.73,sandy,Wheat,1,2022,15.39,0.3035,0.2523,0.4729,15.26,92.0,5.43,257.7,0.1388,0.78,0.1593,0.18,0.06,0,0.1247,low
207,2023-01-05,Kairouan,35.67,10.1,clay-loam,Barley,1,2023,16.53,0.1069,0.0997,0.1898,13.27,65.0,2.88,203.1,0.5334,0.651,0.2219,0.36,0.18,1,0.516,medium
208,2023-09-02,Sfax,34.74,10.76,sandy-loam,Pepper,9,2023,33.49,0.1418,0.1295,0.2457,27.84,47.75,5.13,584.3,1.9572,1.621,0.1747,0.28,0.1,0,0.5939,medium
209,2021-10-20,Bizerte,37.27,9.87,loam,Olive,10,2021,21.35,0.1167,0.1082,0.2058,19.06,58.12,5.95,441.4,0.9237,1.138,0.1914,0.32,0.12,0,0.3893,mild
210,2023-05-27,Nabeul,36.45,10.73,sandy,Citrus,5,2023,27.12,0.0829,0.0785,0.1497,21.47,53.14,2.81,550.9,1.1991,1.354,0.0937,0.18,0.06,1,0.7361,medium
211,2022-08-19,Gabès,33.88,9.79,sandy,Pepper,8,2022,44.81,0.1193,0.1104,0.2099,36.9,34.93,3.22,655.1,4.0601,2.057,0.0718,0.18,0.06,1,0.645,medium
212,2023-09-07,Nabeul,36.45,10.73,sandy,Wheat,9,2023,30.24,0.1283,0.1182,0.2245,24.8,38.68,4.66,709.5,1.9198,1.667,0.1035,0.18,0.06,0,0.6604,medium
213,2023-04-05,Gafsa,34.43,8.78,sandy,Wheat,4,2023,19.98,0.3549,0.2868,0.5358,17.56,60.64,5.49,593.5,0.7905,1.266,0.1354,0.18,0.06,0,0.3787,mild
214,2022-09-25,Bizerte,37.27,9.87,loam,Pepper,9,2022,24.39,0.2946,0.2461,0.4616,24.29,64.16,4.4,539.3,1.0883,1.436,0.2514,0.32,0.12,0,0.1613,low
215,2021-01-16,Sidi Bouzid,35.04,9.48,sandy-loam,Pepper,1,2021,21.24,0.0841,0.0796,0.1518,16.3,56.38,1.91,168.0,0.8084,0.649,0.141,0.28,0.1,1,0.6462,medium
216,2023-02-27,Nabeul,36.45,10.73,sandy,Wheat,2,2023,21.09,0.0578,0.0556,0.1063,15.59,50.0,4.67,279.0,0.8858,0.82,0.0839,0.18,0.06,0,0.7556,high
217,2022-02-25,Nabeul,36.45,10.73,sandy,Barley,2,2022,10.93,0.1368,0.1253,0.2379,9.85,71.44,1.38,333.4,0.3472,0.742,0.1141,0.18,0.06,0,0.2563,mild
218,2022-08-22,Kairouan,35.67,10.1,clay-loam,Citrus,8,2022,35.71,0.0873,0.0825,0.1572,30.33,31.8,3.01,738.3,2.9488,1.922,0.2331,0.36,0.18,0,0.5133,medium
219,2023-08-09,Bizerte,37.27,9.87,loam,Potato,8,2023,36.34,0.2573,0.2195,0.4128,32.98,41.07,4.81,873.3,2.9599,2.205,0.2418,0.32,0.12,0,0.419,mild
220,2021-11-01,Bizerte,37.27,9.87,loam,Barley,11,2021,16.58,0.3448,0.2802,0.5238,16.04,81.9,1.4,236.1,0.3298,0.764,0.2949,0.32,0.12,0,0.1857,low
221,2022-07-15,Béja,36.73,9.18,loam,Wheat,7,2022,34.53,0.3015,0.2509,0.4704,33.43,53.63,0.54,843.5,2.3894,2.186,0.2739,0.32,0.12,0,0.2056,low
222,2022-07-09,Kairouan,35.67,10.1,clay-loam,Wheat,7,2022,38.56,0.1183,0.1096,0.2084,32.19,36.56,4.35,736.7,3.0496,1.994,0.2276,0.36,0.18,1,0.6343,medium
223,2023-10-03,Sfax,34.74,10.76,sandy-loam,Tomato,10,2023,26.54,0.1589,0.1436,0.2721,20.72,55.7,2.12,428.8,1.0825,1.172,0.175,0.28,0.1,0,0.7086,medium
224,2023-08-17,Sidi Bouzid,35.04,9.48,sandy-loam,Tomato,8,2023,39.04,0.1873,0.1664,0.3146,31.6,31.2,2.47,722.2,3.1985,1.951,0.1463,0.28,0.1,0,0.6957,medium
225,2022-09-16,Kairouan,35.67,10.1,clay-loam,Citrus,9,2022,29.48,0.1862,0.1655,0.313,26.77,54.59,3.98,678.2,1.5972,1.705,0.2571,0.36,0.18,0,0.3736,mild
226,2023-08-09,Gafsa,34.43,8.78,sandy,Potato,8,2023,40.63,0.0501,0.0484,0.0927,33.7,38.68,4.7,738.9,3.207,2.057,0.0786,0.18,0.06,0,0.6226,medium
227,2021-11-20,Sidi Bouzid,35.04,9.48,sandy-loam,Tomato,11,2021,20.01,0.2345,0.2027,0.3817,17.38,63.3,1.43,304.0,0.7285,0.901,0.1905,0.28,0.1,0,0.3831,mild
228,2021-01-28,Nabeul,36.45,10.73,sandy,Wheat,1,2021,13.26,0.25,0.2141,0.4029,10.65,70.75,1.08,255.1,0.3752,0.668,0.1324,0.18,0.06,0,0.4605,mild
229,2021-04-20,Nabeul,36.45,10.73,sandy,Wheat,4,2021,23.05,0.2392,0.2061,0.3882,20.35,58.84,5.2,626.2,0.9834,1.403,0.1092,0.18,0.06,0,0.4689,mild
230,2021-05-26,Nabeul,36.45,10.73,sandy,Olive,5,2021,22.98,0.3003,0.2501,0.4688,22.17,71.05,4.78,794.9,0.7735,1.656,0.1784,0.18,0.06,0,0.2052,low
231,2021-08-13,Bizerte,37.27,9.87,loam,Citrus,8,2021,36.24,0.2183,0.1905,0.3592,33.82,49.61,5.76,652.7,2.6544,1.938,0.2524,0.32,0.12,0,0.3007,mild
232,2022-06-23,Nabeul,36.45,10.73,sandy,Barley,6,2022,31.42,0.3345,0.2734,0.5114,30.94,52.07,5.13,776.1,2.146,1.995,0.1706,0.18,0.06,0,0.1508,low
233,2021-02-06,Sfax,34.74,10.76,sandy-loam,Wheat,2,2021,21.23,0.1027,0.0961,0.183,15.82,57.47,5.2,352.2,0.7644,0.927,0.1583,0.28,0.1,1,0.6866,medium
234,2023-01-01,Bizerte,37.27,9.87,loam,Olive,1,2023,12.59,0.2264,0.1966,0.3705,13.07,77.94,5.72,200.1,0.332,0.642,0.2789,0.32,0.12,0,0.0385,low
235,2021-04-23,Sidi Bouzid,35.04,9.48,sandy-loam,Wheat,4,2021,23.31,0.2394,0.2063,0.3885,17.78,54.91,4.7,516.9,0.9179,1.189,0.1666,0.28,0.1,0,0.7075,medium
236,2021-11-15,Béja,36.73,9.18,loam,Potato,11,2021,13.29,0.3023,0.2515,0.4714,12.73,72.38,2.37,303.8,0.4063,0.782,0.2532,0.32,0.12,0,0.1748,low
237,2023-01-09,Gabès,33.88,9.79,sandy,Wheat,1,2023,19.83,0.095,0.0893,0.1701,15.42,65.0,2.61,258.1,0.6132,0.784,0.0917,0.18,0.06,1,0.6345,medium
238,2022-06-14,Bizerte,37.27,9.87,loam,Potato,6,2022,31.19,0.195,0.1725,0.3258,29.57,52.6,5.28,779.2,1.9625,1.943,0.2264,0.32,0.12,0,0.2943,mild
239,2022-07-04,Kairouan,35.67,10.1,clay-loam,Barley,7,2022,28.93,0.2564,0.2188,0.4115,27.76,48.71,4.39,816.9,1.9114,1.913,0.2971,0.36,0.18,0,0.2005,low
240,2021-03-14,Nabeul,36.45,10.73,sandy,Pepper,3,2021,14.44,0.2551,0.2179,0.4098,13.41,61.44,0.93,407.6,0.5933,0.926,0.1333,0.18,0.06,0,0.2767,mild
241,2022-11-20,Sfax,34.74,10.76,sandy-loam,Wheat,11,2022,19.46,0.1582,0.143,0.2711,17.93,64.42,4.77,289.0,0.7312,0.893,0.1736,0.28,0.1,0,0.2646,mild
242,2022-07-25,Bizerte,37.27,9.87,loam,Olive,7,2022,34.95,0.1438,0.1312,0.2488,28.87,37.98,3.91,811.5,2.4651,1.953,0.1815,0.32,0.12,0,0.6897,medium
243,2023-03-14,Gabès,33.88,9.79,sandy,Pepper,3,2023,16.08,0.3388,0.2762,0.5165,16.48,72.17,2.36,391.3,0.5216,0.996,0.1704,0.18,0.06,0,0.0371,low
244,2023-10-02,Nabeul,36.45,10.73,sandy,Tomato,10,2023,25.9,0.01,0.0099,0.0191,18.87,41.39,1.05,395.9,1.2778,1.072,0.0656,0.18,0.06,1,0.8872,high
245,2023-11-15,Sidi Bouzid,35.04,9.48,sandy-loam,Barley,11,2023,24.44,0.1981,0.1749,0.3304,20.94,61.95,5.7,234.5,0.9427,0.872,0.1898,0.28,0.1,0,0.4809,mild
246,2023-10-27,Gabès,33.88,9.79,sandy,Tomato,10,2023,25.86,0.1667,0.1499,0.2839,24.4,67.01,4.24,417.3,1.0085,1.267,0.1091,0.18,0.06,0,0.2456,mild
247,2022-03-16,Sfax,34.74,10.76,sandy-loam,Barley,3,2022,13.61,0.4227,0.3296,0.6131,12.66,79.16,1.44,499.4,0.3052,1.0,0.2139,0.28,0.1,0,0.2081,low
248,2022-05-02,Sidi Bouzid,35.04,9.48,sandy-loam,Pepper,5,2022,27.84,0.0723,0.069,0.1317,23.43,47.6,4.7,741.4,1.5109,1.65,0.1333,0.28,0.1,1,0.5469,medium
249,2022-04-16,Kairouan,35.67,10.1,clay-loam,Potato,4,2022,26.17,0.1141,0.106,0.2015,18.66,40.61,3.82,646.2,1.278,1.362,0.2194,0.36,0.18,1,0.9282,extreme
250,2021-11-16,Sidi Bouzid,35.04,9.48,sandy-loam,Wheat,11,2021,17.09,0.2551,0.2179,0.4098,15.58,66.44,3.35,316.1,0.5942,0.872,0.211,0.28,0.1,0,0.3075,mild
251,2022-04-16,Sfax,34.74,10.76,sandy-loam,Pepper,4,2022,28.05,0.2288,0.1984,0.3739,24.36,57.1,4.87,579.5,1.3082,1.491,0.2004,0.28,0.1,0,0.4623,mild
252,2023-09-02,Bizerte,37.27,9.87,loam,Wheat,9,2023,28.6,0.1236,0.1141,0.2169,24.25,46.21,5.5,535.6,1.6288,1.43,0.1779,0.32,0.12,1,0.6061,medium
253,2022-03-03,Béja,36.73,9.18,loam,Pepper,3,2022,17.97,0.1348,0.1236,0.2347,14.55,54.02,2.57,369.0,0.762,0.913,0.1979,0.32,0.12,0,0.5958,medium
254,2022-02-11,Gabès,33.88,9.79,sandy,Wheat,2,2022,14.94,0.4152,0.325,0.6049,15.38,86.11,2.83,268.5,0.2427,0.799,0.18,0.18,0.06,0,0.0377,low
255,2022-01-27,Sfax,34.74,10.76,sandy-loam,Tomato,1,2022,19.69,0.1947,0.1722,0.3254,17.35,79.62,1.26,240.3,0.4037,0.801,0.1929,0.28,0.1,0,0.4022,mild
256,2021-09-10,Bizerte,37.27,9.87,loam,Pepper,9,2021,26.63,0.1785,0.1594,0.3016,24.03,59.36,3.5,529.7,1.2147,1.414,0.1972,0.32,0.12,0,0.443,mild
257,2023-08-10,Sidi Bouzid,35.04,9.48,sandy-loam,Wheat,8,2023,42.81,0.1213,0.1122,0.2132,34.54,33.61,6.06,842.2,3.6388,2.232,0.1585,0.28,0.1,0,0.7172,medium
258,2021-06-15,Sidi Bouzid,35.04,9.48,sandy-loam,Citrus,6,2021,33.87,0.0652,0.0625,0.1194,25.77,32.22,2.56,705.1,2.2482,1.7,0.1293,0.28,0.1,0,0.7953,high
259,2021-03-17,Béja,36.73,9.18,loam,Olive,3,2021,20.58,0.01,0.0099,0.0191,15.01,50.0,5.83,424.0,0.8531,0.993,0.1311,0.32,0.12,1,0.8545,high
260,2021-08-01,Béja,36.73,9.18,loam,Tomato,8,2021,31.72,0.2944,0.2459,0.4613,28.46,51.81,0.96,829.3,1.8714,1.958,0.1976,0.32,0.12,0,0.4464,mild
261,2023-03-17,Sidi Bouzid,35.04,9.48,sandy-loam,Citrus,3,2023,21.24,0.0913,0.086,0.164,16.33,57.49,3.15,386.0,0.7892,0.985,0.1457,0.28,0.1,0,0.6577,medium
262,2023-11-04,Sidi Bouzid,35.04,9.48,sandy-loam,Pepper,11,2023,18.32,0.3847,0.306,0.5705,18.73,85.08,3.94,230.5,0.3223,0.815,0.261,0.28,0.1,0,0.045,low
263,2023-06-13,Gabès,33.88,9.79,sandy,Pepper,6,2023,29.19,0.2422,0.2084,0.3924,26.66,44.45,0.6,763.8,1.9413,1.806,0.0968,0.18,0.06,1,0.3213,mild
264,2021-05-13,Kairouan,35.67,10.1,clay-loam,Wheat,5,2021,26.23,0.1861,0.1654,0.3128,22.08,50.94,2.22,742.0,1.3032,1.596,0.2234,0.36,0.18,1,0.5537,medium
265,2023-09-19,Bizerte,37.27,9.87,loam,Tomato,9,2023,30.09,0.1448,0.132,0.2504,24.41,44.11,3.9,630.7,1.7095,1.558,0.1834,0.32,0.12,0,0.7031,medium
266,2021-03-01,Sidi Bouzid,35.04,9.48,sandy-loam,Potato,3,2021,24.99,0.1591,0.1438,0.2725,20.16,59.28,3.96,383.5,0.9614,1.092,0.1422,0.28,0.1,1,0.6534,medium
267,2022-06-22,Sidi Bouzid,35.04,9.48,sandy-loam,Citrus,6,2022,36.28,0.0785,0.0745,0.1422,30.51,36.27,4.28,772.3,2.7849,1.973,0.1445,0.28,0.1,1,0.5597,medium
268,2021-11-21,Béja,36.73,9.18,loam,Wheat,11,2021,19.82,0.1721,0.1543,0.292,18.09,75.63,4.96,253.3,0.5059,0.839,0.2084,0.32,0.12,0,0.3424,mild
269,2021-06-07,Sidi Bouzid,35.04,9.48,sandy-loam,Potato,6,2021,33.19,0.222,0.1933,0.3644,31.43,44.56,4.81,871.4,2.5526,2.135,0.2028,0.28,0.1,0,0.2587,mild
270,2023-11-20,Gabès,33.88,9.79,sandy,Potato,11,2023,25.59,0.0347,0.0339,0.065,17.29,43.76,4.42,343.6,1.1104,0.956,0.0713,0.18,0.06,0,0.9748,extreme
271,2022-06-14,Sidi Bouzid,35.04,9.48,sandy-loam,Citrus,6,2022,32.33,0.1068,0.0996,0.1897,27.18,32.16,3.0,811.0,2.4438,1.882,0.1375,0.28,0.1,1,0.5495,medium
272,2021-06-10,Sfax,34.74,10.76,sandy-loam,Olive,6,2021,32.09,0.1941,0.1718,0.3246,29.39,46.78,3.29,806.4,2.1802,1.969,0.1646,0.28,0.1,0,0.3252,mild
273,2021-02-03,Sidi Bouzid,35.04,9.48,sandy-loam,Pepper,2,2021,18.41,0.3487,0.2828,0.5285,17.86,73.19,5.49,310.9,0.5485,0.924,0.2442,0.28,0.1,0,0.1837,low
274,2022-01-15,Gabès,33.88,9.79,sandy,Pepper,1,2022,15.58,0.2243,0.195,0.3676,14.36,67.82,3.71,236.0,0.5266,0.726,0.1244,0.18,0.06,0,0.2566,mild
275,2021-08-06,Nabeul,36.45,10.73,sandy,Pepper,8,2021,27.44,0.5486,0.4015,0.7415,27.86,56.35,1.24,765.5,1.6367,1.856,0.154,0.18,0.06,0,0.0875,low
276,2022-01-14,Gabès,33.88,9.79,sandy,Pepper,1,2022,12.44,0.3336,0.2727,0.5102,11.87,87.07,5.64,211.3,0.1799,0.634,0.1617,0.18,0.06,0,0.1764,low
277,2023-11-08,Sfax,34.74,10.76,sandy-loam,Wheat,11,2023,17.55,0.2622,0.223,0.4193,17.01,76.16,1.93,331.9,0.4622,0.932,0.2144,0.28,0.1,0,0.1717,low
278,2022-04-07,Kairouan,35.67,10.1,clay-loam,Wheat,4,2022,16.09,0.6185,0.4377,0.8055,17.12,74.8,4.37,556.4,0.492,1.21,0.3531,0.36,0.18,0,0.012,low
279,2023-10-14,Sidi Bouzid,35.04,9.48,sandy-loam,Pepper,10,2023,22.13,0.2733,0.2311,0.434,20.2,56.04,5.73,381.7,1.0409,1.091,0.2074,0.28,0.1,0,0.3418,mild
280,2022-09-19,Bizerte,37.27,9.87,loam,Citrus,9,2022,29.5,0.0989,0.0927,0.1766,24.25,43.43,3.17,520.5,1.7138,1.41,0.1739,0.32,0.12,0,0.6832,medium
281,2021-04-08,Sidi Bouzid,35.04,9.48,sandy-loam,Wheat,4,2021,24.4,0.1092,0.1017,0.1936,18.93,49.48,1.66,495.3,1.1054,1.201,0.1249,0.28,0.1,1,0.6973,medium
282,2021-07-01,Nabeul,36.45,10.73,sandy,Tomato,7,2021,30.55,0.511,0.381,0.705,30.13,48.36,1.12,757.5,2.2071,1.938,0.1437,0.18,0.06,0,0.1228,low
283,2021-12-20,Bizerte,37.27,9.87,loam,Olive,12,2021,19.29,0.141,0.1288,0.2444,17.07,76.17,4.78,158.8,0.464,0.646,0.2128,0.32,0.12,0,0.453,mild
284,2023-04-17,Gabès,33.88,9.79,sandy,Barley,4,2023,31.01,0.0828,0.0784,0.1496,23.43,41.92,4.45,613.2,1.6747,1.5,0.0719,0.18,0.06,1,0.8024,high
285,2022-07-22,Sfax,34.74,10.76,sandy-loam,Barley,7,2022,40.55,0.1465,0.1334,0.253,34.87,40.23,2.19,825.5,3.3372,2.224,0.1732,0.28,0.1,0,0.5429,medium
286,2023-10-15,Nabeul,36.45,10.73,sandy,Tomato,10,2023,25.27,0.2716,0.2298,0.4317,25.49,68.46,1.1,386.3,1.0289,1.25,0.1392,0.18,0.06,0,0.111,low
287,2023-02-05,Béja,36.73,9.18,loam,Olive,2,2023,16.3,0.0799,0.0758,0.1447,12.91,61.06,2.84,276.5,0.5797,0.75,0.1757,0.32,0.12,1,0.5807,medium
288,2023-09-11,Sidi Bouzid,35.04,9.48,sandy-loam,Olive,9,2023,38.47,0.1593,0.1439,0.2727,32.19,47.13,3.79,547.5,2.5409,1.719,0.1498,0.28,0.1,0,0.6135,medium
289,2021-12-02,Nabeul,36.45,10.73,sandy,Barley,12,2021,16.25,0.3537,0.2861,0.5344,16.02,87.29,5.37,200.7,0.2313,0.704,0.1737,0.18,0.06,0,0.1824,low
290,2021-08-01,Sfax,34.74,10.76,sandy-loam,Wheat,8,2021,39.76,0.1305,0.12,0.2279,34.36,38.95,2.96,722.4,3.3129,2.06,0.1534,0.28,0.1,0,0.5041,medium
291,2021-01-20,Kairouan,35.67,10.1,clay-loam,Citrus,1,2021,9.61,0.4137,0.3241,0.6032,10.0,90.49,4.41,218.8,0.1168,0.604,0.2993,0.36,0.18,0,0.0644,low
292,2021-05-15,Kairouan,35.67,10.1,clay-loam,Potato,5,2021,28.0,0.1068,0.0996,0.1897,23.76,52.85,2.43,621.6,1.3865,1.522,0.1983,0.36,0.18,1,0.5383,medium
293,2023-06-11,Nabeul,36.45,10.73,sandy,Citrus,6,2023,27.62,0.2168,0.1893,0.3571,28.65,52.32,5.59,751.2,1.8713,1.871,0.1288,0.18,0.06,0,0.0219,low
294,2021-10-16,Béja,36.73,9.18,loam,Citrus,10,2021,28.63,0.1174,0.1088,0.2069,24.83,55.47,5.61,394.5,1.3964,1.244,0.1676,0.32,0.12,0,0.5805,medium
295,2023-07-17,Gafsa,34.43,8.78,sandy,Barley,7,2023,33.87,0.2739,0.2315,0.4348,34.7,47.1,4.13,648.0,2.9257,1.964,0.1495,0.18,0.06,0,0.0245,low
296,2021-12-11,Gafsa,34.43,8.78,sandy,Barley,12,2021,13.35,0.3321,0.2717,0.5084,13.7,80.75,4.69,225.2,0.3018,0.695,0.18,0.18,0.06,0,0.0597,low
297,2023-03-15,Béja,36.73,9.18,loam,Tomato,3,2023,12.73,0.2364,0.2041,0.3845,11.8,71.19,0.73,426.4,0.3987,0.898,0.2216,0.32,0.12,0,0.2908,mild
298,2023-10-15,Sfax,34.74,10.76,sandy-loam,Tomato,10,2023,22.88,0.3662,0.2942,0.5491,22.64,68.7,3.37,432.2,0.8603,1.235,0.2522,0.28,0.1,0,0.1114,low
299,2022-12-06,Nabeul,36.45,10.73,sandy,Pepper,12,2022,14.38,0.2464,0.2115,0.3981,12.2,80.0,2.09,194.0,0.2842,0.614,0.129,0.18,0.06,0,0.4155,mild
300,2021-02-14,Sfax,34.74,10.76,sandy-loam,Pepper,2,2021,21.21,0.1888,0.1676,0.3168,18.36,72.13,5.46,349.6,0.5884,0.993,0.1743,0.28,0.1,0,0.4401,mild
301,2023-11-01,Béja,36.73,9.18,loam,Potato,11,2023,22.4,0.0586,0.0564,0.1078,17.99,54.02,4.05,238.2,0.9485,0.812,0.1537,0.32,0.12,0,0.6421,medium
302,2023-05-17,Béja,36.73,9.18,loam,Potato,5,2023,27.76,0.2226,0.1937,0.3652,23.79,42.89,2.15,750.6,1.6823,1.674,0.1957,0.32,0.12,0,0.5241,medium
303,2022-07-17,Kairouan,35.67,10.1,clay-loam,Potato,7,2022,39.49,0.1274,0.1173,0.2229,33.23,28.46,1.38,862.5,3.6457,2.202,0.2245,0.36,0.18,1,0.5526,medium
304,2021-02-10,Bizerte,37.27,9.87,loam,Olive,2,2021,14.38,0.1004,0.0941,0.1792,11.39,63.2,2.42,310.3,0.4959,0.756,0.1757,0.32,0.12,1,0.5154,medium
305,2022-10-14,Nabeul,36.45,10.73,sandy,Tomato,10,2022,24.48,0.211,0.1849,0.3489,22.5,56.37,6.16,535.8,1.1888,1.371,0.1189,0.18,0.06,0,0.332,mild
306,2022-04-12,Sfax,34.74,10.76,sandy-loam,Potato,4,2022,30.06,0.01,0.0099,0.0191,21.17,36.61,3.07,507.5,1.593,1.29,0.096,0.28,0.1,0,0.9956,extreme
307,2023-11-28,Gafsa,34.43,8.78,sandy,Barley,11,2023,27.76,0.0817,0.0775,0.1478,22.86,63.36,1.96,239.5,1.0206,0.925,0.0951,0.18,0.06,0,0.6444,medium
308,2023-03-25,Sfax,34.74,10.76,sandy-loam,Olive,3,2023,20.07,0.1702,0.1528,0.2893,17.99,72.78,5.73,490.4,0.5614,1.165,0.2088,0.28,0.1,0,0.3376,mild
309,2023-10-03,Sfax,34.74,10.76,sandy-loam,Pepper,10,2023,27.49,0.1625,0.1465,0.2776,23.85,58.2,4.7,491.0,1.2358,1.356,0.1707,0.28,0.1,0,0.4806,mild
310,2021-10-24,Sfax,34.74,10.76,sandy-loam,Barley,10,2021,26.18,0.1407,0.1285,0.2439,23.11,62.68,1.49,452.6,1.0552,1.279,0.1632,0.28,0.1,0,0.4501,mild
311,2021-10-10,Sidi Bouzid,35.04,9.48,sandy-loam,Olive,10,2021,32.23,0.0903,0.0851,0.1623,26.71,53.61,4.82,404.7,1.6263,1.316,0.1638,0.28,0.1,0,0.6607,medium
312,2023-04-23,Bizerte,37.27,9.87,loam,Citrus,4,2023,16.72,0.2336,0.202,0.3805,14.68,60.59,1.48,547.5,0.6581,1.117,0.261,0.32,0.12,0,0.4152,mild
313,2021-09-13,Sfax,34.74,10.76,sandy-loam,Citrus,9,2021,29.74,0.1512,0.1373,0.2603,26.91,50.3,3.84,701.0,1.7626,1.739,0.1678,0.28,0.1,0,0.3531,mild
314,2022-03-13,Sidi Bouzid,35.04,9.48,sandy-loam,Citrus,3,2022,16.92,0.2617,0.2227,0.4186,17.65,70.9,0.74,411.1,0.5877,1.056,0.2248,0.28,0.1,0,0.0285,low
315,2023-12-26,Gabès,33.88,9.79,sandy,Citrus,12,2023,17.29,0.3792,0.3025,0.5642,17.44,87.06,5.33,187.3,0.2578,0.709,0.1267,0.18,0.06,0,0.0806,low
316,2022-11-23,Sfax,34.74,10.76,sandy-loam,Barley,11,2022,16.76,0.2876,0.2412,0.4526,16.81,83.84,2.4,327.7,0.3093,0.921,0.2322,0.28,0.1,0,0.1013,low
317,2023-02-06,Sfax,34.74,10.76,sandy-loam,Potato,2,2023,16.14,0.2832,0.2381,0.4469,15.8,73.14,2.87,259.6,0.4822,0.796,0.2271,0.28,0.1,0,0.1484,low
318,2023-05-22,Kairouan,35.67,10.1,clay-loam,Pepper,5,2023,28.41,0.0796,0.0756,0.1442,23.32,42.62,4.33,786.0,1.6437,1.694,0.2114,0.36,0.18,0,0.6234,medium
319,2022-09-09,Sidi Bouzid,35.04,9.48,sandy-loam,Wheat,9,2022,31.94,0.1639,0.1477,0.2797,28.87,62.52,2.49,529.8,1.4904,1.579,0.1621,0.28,0.1,0,0.4174,mild
320,2023-07-01,Gafsa,34.43,8.78,sandy,Barley,7,2023,35.52,0.1417,0.1294,0.2456,30.4,38.29,3.52,745.5,2.6787,1.934,0.094,0.18,0.06,1,0.5295,medium
321,2023-08-04,Bizerte,37.27,9.87,loam,Pepper,8,2023,31.7,0.284,0.2386,0.4479,29.61,50.03,1.94,635.8,2.0727,1.756,0.2068,0.32,0.12,0,0.3314,mild
322,2022-03-05,Sidi Bouzid,35.04,9.48,sandy-loam,Potato,3,2022,19.74,0.326,0.2676,0.5009,16.91,63.22,5.62,392.0,0.7085,1.01,0.1852,0.28,0.1,0,0.4111,mild
323,2022-05-14,Sidi Bouzid,35.04,9.48,sandy-loam,Wheat,5,2022,29.05,0.3986,0.3147,0.5863,27.18,51.51,0.79,547.8,1.7471,1.547,0.2217,0.28,0.1,0,0.266,mild
324,2023-07-01,Nabeul,36.45,10.73,sandy,Wheat,7,2023,39.17,0.0906,0.0854,0.1628,28.96,31.73,0.5,824.2,2.7291,1.973,0.0723,0.18,0.06,1,1.0,extreme
325,2021-09-12,Béja,36.73,9.18,loam,Olive,9,2021,32.27,0.0771,0.0733,0.1399,26.89,40.54,2.36,681.4,2.1066,1.714,0.1594,0.32,0.12,1,0.6347,medium
326,2022-10-28,Kairouan,35.67,10.1,clay-loam,Barley,10,2022,24.42,0.0376,0.0367,0.0703,19.37,48.05,2.93,386.6,1.1678,1.074,0.2144,0.36,0.18,0,0.6714,medium
327,2023-07-06,Béja,36.73,9.18,loam,Tomato,7,2023,32.48,0.6908,0.4728,0.8671,32.6,48.46,3.08,691.4,2.5345,1.947,0.3057,0.32,0.12,0,0.1013,low
328,2022-02-14,Sidi Bouzid,35.04,9.48,sandy-loam,Tomato,2,2022,17.71,0.268,0.2272,0.427,15.56,63.47,4.34,328.3,0.646,0.888,0.1962,0.28,0.1,0,0.3789,mild
329,2022-12-01,Béja,36.73,9.18,loam,Pepper,12,2022,13.94,0.1631,0.147,0.2785,12.71,78.01,0.92,206.7,0.3231,0.645,0.193,0.32,0.12,0,0.2905,mild
330,2023-10-21,Sfax,34.74,10.76,sandy-loam,Citrus,10,2023,27.22,0.0373,0.0364,0.0697,21.1,43.48,2.59,398.8,1.4148,1.142,0.1356,0.28,0.1,1,0.7484,high
331,2021-12-14,Béja,36.73,9.18,loam,Tomato,12,2021,14.59,0.0779,0.074,0.1412,11.07,65.0,0.5,203.1,0.4617,0.605,0.1466,0.32,0.12,1,0.6215,medium
332,2023-10-17,Béja,36.73,9.18,loam,Citrus,10,2023,29.34,0.0434,0.0422,0.0808,21.89,43.89,1.6,496.9,1.4738,1.3,0.1498,0.32,0.12,1,0.9281,extreme
333,2021-03-02,Sfax,34.74,10.76,sandy-loam,Potato,3,2021,20.19,0.1625,0.1465,0.2775,14.59,60.37,2.08,493.2,0.6584,1.057,0.1493,0.28,0.1,1,0.7419,medium
334,2023-01-26,Kairouan,35.67,10.1,clay-loam,Pepper,1,2023,11.22,0.3413,0.2779,0.5196,11.14,85.23,3.24,208.0,0.1957,0.613,0.3179,0.36,0.18,0,0.1052,low
335,2022-09-09,Nabeul,36.45,10.73,sandy,Potato,9,2022,32.52,0.27,0.2287,0.4296,30.46,50.11,1.79,557.8,2.1731,1.675,0.128,0.18,0.06,0,0.3228,mild
336,2023-06-03,Sidi Bouzid,35.04,9.48,sandy-loam,Tomato,6,2023,38.33,0.1987,0.1753,0.3312,31.43,36.46,1.43,690.8,2.9254,1.901,0.1358,0.28,0.1,0,0.6404,medium
337,2023-11-21,Gafsa,34.43,8.78,sandy,Tomato,11,2023,23.0,0.2027,0.1785,0.337,20.15,68.74,1.6,289.6,0.7376,0.949,0.102,0.18,0.06,1,0.4238,mild
338,2021-05-06,Sidi Bouzid,35.04,9.48,sandy-loam,Wheat,5,2021,33.04,0.1868,0.1661,0.314,27.04,49.79,1.35,621.5,1.7938,1.642,0.1484,0.28,0.1,1,0.6529,medium
339,2023-03-21,Gabès,33.88,9.79,sandy,Tomato,3,2023,19.38,0.13,0.1196,0.2272,14.57,53.65,5.57,461.7,0.7685,1.022,0.0876,0.18,0.06,1,0.6638,medium
340,2022-02-17,Kairouan,35.67,10.1,clay-loam,Tomato,2,2022,11.31,0.332,0.2717,0.5082,11.9,84.18,0.6,271.3,0.2204,0.719,0.3106,0.36,0.18,0,0.0618,low
341,2021-01-20,Kairouan,35.67,10.1,clay-loam,Wheat,1,2021,14.57,0.0648,0.0621,0.1186,10.62,65.0,3.89,194.2,0.4479,0.582,0.23,0.36,0.18,0,0.5787,medium
342,2022-03-13,Sidi Bouzid,35.04,9.48,sandy-loam,Tomato,3,2022,23.0,0.1709,0.1533,0.2903,18.91,53.23,2.92,426.6,1.0221,1.114,0.1689,0.28,0.1,0,0.5586,medium
343,2023-07-14,Sidi Bouzid,35.04,9.48,sandy-loam,Olive,7,2023,35.63,0.2495,0.2138,0.4023,32.24,46.75,3.59,741.1,2.5666,2.002,0.1952,0.28,0.1,0,0.3528,mild
344,2021-06-28,Kairouan,35.67,10.1,clay-loam,Tomato,6,2021,31.89,0.1572,0.1422,0.2695,25.97,43.19,5.43,879.1,1.9063,1.907,0.2094,0.36,0.18,1,0.6898,medium
345,2021-03-12,Bizerte,37.27,9.87,loam,Wheat,3,2021,13.05,0.3404,0.2773,0.5185,10.7,63.68,3.79,366.0,0.4674,0.801,0.2365,0.32,0.12,0,0.4334,mild
346,2022-03-01,Gabès,33.88,9.79,sandy,Pepper,3,2022,28.08,0.0295,0.0289,0.0555,20.69,50.0,5.34,490.7,1.22,1.253,0.0756,0.18,0.06,1,0.8797,high
347,2023-02-27,Nabeul,36.45,10.73,sandy,Citrus,2,2023,15.04,0.1999,0.1763,0.3329,12.91,73.09,4.19,279.5,0.4008,0.754,0.0928,0.18,0.06,1,0.3991,mild
348,2022-01-08,Nabeul,36.45,10.73,sandy,Potato,1,2022,14.15,0.0619,0.0594,0.1136,9.23,50.0,0.99,206.9,0.583,0.571,0.0778,0.18,0.06,1,0.7695,high
349,2023-03-01,Nabeul,36.45,10.73,sandy,Pepper,3,2023,21.21,0.1628,0.1467,0.278,17.78,51.78,5.05,381.2,0.9815,1.021,0.0992,0.18,0.06,0,0.5214,medium
350,2022-03-11,Gabès,33.88,9.79,sandy,Barley,3,2022,21.36,0.0993,0.093,0.1772,17.17,57.41,3.07,468.9,0.8345,1.113,0.0829,0.18,0.06,0,0.5523,medium
351,2021-03-10,Kairouan,35.67,10.1,clay-loam,Tomato,3,2021,15.78,0.2482,0.2129,0.4006,12.81,73.18,2.23,456.2,0.3966,0.961,0.2931,0.36,0.18,0,0.4962,mild
352,2023-06-17,Sidi Bouzid,35.04,9.48,sandy-loam,Barley,6,2023,32.82,0.3063,0.2542,0.4764,32.14,57.64,4.26,679.8,2.0304,1.913,0.2485,0.28,0.1,0,0.1662,low
353,2022-11-03,Béja,36.73,9.18,loam,Barley,11,2022,19.63,0.2147,0.1877,0.3541,17.13,66.38,5.43,243.7,0.657,0.801,0.2429,0.32,0.12,0,0.4786,mild
354,2021-03-21,Kairouan,35.67,10.1,clay-loam,Barley,3,2021,15.8,0.2092,0.1835,0.3464,14.01,72.84,3.75,488.3,0.4343,1.033,0.2453,0.36,0.18,0,0.3527,mild
355,2021-07-17,Sidi Bouzid,35.04,9.48,sandy-loam,Citrus,7,2021,44.47,0.0287,0.0282,0.054,33.21,24.7,4.86,879.0,3.8327,2.222,0.1051,0.28,0.1,1,0.9316,extreme
356,2023-12-22,Sidi Bouzid,35.04,9.48,sandy-loam,Wheat,12,2023,17.02,0.18,0.1606,0.3039,15.38,78.81,6.14,210.1,0.3704,0.707,0.1935,0.28,0.1,0,0.319,mild
357,2021-11-19,Kairouan,35.67,10.1,clay-loam,Barley,11,2021,18.44,0.084,0.0795,0.1516,14.81,65.0,1.63,317.4,0.5895,0.854,0.2132,0.36,0.18,1,0.5461,medium
358,2023-06-27,Béja,36.73,9.18,loam,Tomato,6,2023,35.2,0.0646,0.0619,0.1182,27.31,33.43,2.56,738.5,2.4169,1.801,0.1381,0.32,0.12,0,0.8814,high
359,2021-10-14,Kairouan,35.67,10.1,clay-loam,Wheat,10,2021,27.85,0.1185,0.1097,0.2087,24.0,51.46,5.4,447.5,1.448,1.299,0.2177,0.36,0.18,1,0.5036,medium
360,2022-07-01,Sidi Bouzid,35.04,9.48,sandy-loam,Potato,7,2022,47.59,0.0131,0.013,0.025,34.48,16.07,2.05,727.2,4.586,2.072,0.1099,0.28,0.1,1,0.9808,extreme
361,2023-07-07,Béja,36.73,9.18,loam,Pepper,7,2023,40.02,0.2658,0.2257,0.4241,32.34,32.36,4.95,688.9,3.2787,1.934,0.2014,0.32,0.12,0,0.728,medium
362,2021-03-11,Sfax,34.74,10.76,sandy-loam,Pepper,3,2021,12.97,0.3255,0.2673,0.5003,13.02,80.46,0.7,378.0,0.293,0.88,0.249,0.28,0.1,0,0.1399,low
363,2022-07-25,Bizerte,37.27,9.87,loam,Potato,7,2022,32.96,0.2053,0.1805,0.3408,31.14,42.42,5.71,858.5,2.608,2.107,0.2137,0.32,0.12,0,0.274,mild
364,2021-08-21,Kairouan,35.67,10.1,clay-loam,Wheat,8,2021,38.56,0.0471,0.0457,0.0874,29.71,30.67,5.46,729.5,2.8929,1.886,0.1982,0.36,0.18,0,0.8328,high
365,2021-01-18,Kairouan,35.67,10.1,clay-loam,Pepper,1,2021,17.12,0.1305,0.12,0.2279,13.68,60.2,1.62,237.0,0.6232,0.712,0.2283,0.36,0.18,0,0.5249,medium
366,2023-03-07,Gafsa,34.43,8.78,sandy,Tomato,3,2023,21.78,0.2333,0.2018,0.3801,20.36,64.98,5.59,451.7,0.8371,1.192,0.1221,0.18,0.06,0,0.2839,mild
367,2021-02-15,Bizerte,37.27,9.87,loam,Citrus,2,2021,18.78,0.2568,0.2191,0.4121,16.51,74.92,1.85,329.4,0.471,0.915,0.2025,0.32,0.12,0,0.4787,mild
368,2022-01-23,Kairouan,35.67,10.1,clay-loam,Potato,1,2022,12.28,0.2233,0.1943,0.3662,10.96,80.0,2.13,178.1,0.2618,0.564,0.279,0.36,0.18,0,0.2953,mild
369,2021-08-16,Sfax,34.74,10.76,sandy-loam,Wheat,8,2021,37.47,0.3431,0.2791,0.5217,36.79,65.05,1.02,707.3,2.1676,2.133,0.2549,0.28,0.1,0,0.134,low
370,2022-08-04,Sidi Bouzid,35.04,9.48,sandy-loam,Wheat,8,2022,40.75,0.103,0.0963,0.1833,34.16,43.13,4.6,724.9,3.0524,2.056,0.1498,0.28,0.1,0,0.6448,medium
371,2021-12-14,Sfax,34.74,10.76,sandy-loam,Potato,12,2021,14.77,0.1878,0.1668,0.3154,11.88,70.0,5.4,240.4,0.4175,0.676,0.1702,0.28,0.1,0,0.4815,mild
372,2022-02-05,Kairouan,35.67,10.1,clay-loam,Barley,2,2022,18.47,0.1829,0.1629,0.3081,17.42,77.11,5.62,295.5,0.4555,0.89,0.2789,0.36,0.18,0,0.2799,mild
373,2021-11-24,Bizerte,37.27,9.87,loam,Potato,11,2021,17.45,0.3163,0.2611,0.489,17.63,83.47,3.08,305.5,0.3334,0.91,0.2689,0.32,0.12,0,0.0922,low
374,2023-07-15,Kairouan,35.67,10.1,clay-loam,Tomato,7,2023,43.43,0.0335,0.0327,0.0627,32.17,27.4,1.42,707.7,3.4863,1.954,0.1931,0.36,0.18,1,0.9704,extreme
375,2022-04-05,Kairouan,35.67,10.1,clay-loam,Barley,4,2022,24.05,0.1419,0.1295,0.2458,19.18,54.0,0.68,477.0,1.022,1.187,0.2191,0.36,0.18,0,0.6741,medium
376,2023-04-03,Kairouan,35.67,10.1,clay-loam,Tomato,4,2023,23.06,0.01,0.0099,0.0191,15.54,46.33,4.02,522.1,0.9479,1.12,0.1833,0.36,0.18,0,0.9411,extreme
377,2022-04-06,Sfax,34.74,10.76,sandy-loam,Potato,4,2022,23.36,0.435,0.3371,0.6265,20.94,58.34,2.3,655.1,1.0319,1.457,0.2085,0.28,0.1,0,0.3431,mild
378,2022-10-22,Kairouan,35.67,10.1,clay-loam,Wheat,10,2022,35.51,0.0699,0.0668,0.1275,26.37,38.82,1.24,383.3,2.1017,1.271,0.2013,0.36,0.18,1,0.9331,extreme
379,2022-08-04,Gafsa,34.43,8.78,sandy,Pepper,8,2022,34.78,0.5051,0.3777,0.6991,35.09,63.18,0.85,814.8,2.0809,2.218,0.1485,0.18,0.06,0,0.0339,low
380,2022-09-06,Sidi Bouzid,35.04,9.48,sandy-loam,Barley,9,2022,34.39,0.2011,0.1772,0.3347,32.27,49.73,2.37,671.3,2.4269,1.906,0.2067,0.28,0.1,0,0.2973,mild
381,2022-03-17,Kairouan,35.67,10.1,clay-loam,Potato,3,2022,21.12,0.1788,0.1597,0.3021,17.38,52.38,2.06,458.9,0.9455,1.107,0.2312,0.36,0.18,1,0.5055,medium
382,2022-02-23,Gabès,33.88,9.79,sandy,Olive,2,2022,18.58,0.0912,0.0859,0.1637,13.25,60.2,3.09,274.5,0.6059,0.756,0.1078,0.18,0.06,0,0.7189,medium
383,2021-11-25,Gabès,33.88,9.79,sandy,Olive,11,2021,22.17,0.1091,0.1017,0.1935,17.63,53.52,1.5,279.1,0.9374,0.87,0.107,0.18,0.06,0,0.6043,medium
384,2021-01-18,Gafsa,34.43,8.78,sandy,Barley,1,2021,20.25,0.1721,0.1543,0.2921,17.8,72.17,4.71,187.2,0.5675,0.716,0.1193,0.18,0.06,0,0.3655,mild
385,2023-05-27,Kairouan,35.67,10.1,clay-loam,Wheat,5,2023,24.39,0.2008,0.177,0.3343,20.64,50.57,5.05,727.2,1.2027,1.523,0.2351,0.36,0.18,1,0.5308,medium
386,2023-08-20,Sidi Bouzid,35.04,9.48,sandy-loam,Wheat,8,2023,34.56,0.1181,0.1094,0.2081,29.67,42.29,1.53,713.9,2.4027,1.864,0.1471,0.28,0.1,1,0.5154,medium
387,2023-07-05,Sidi Bouzid,35.04,9.48,sandy-loam,Wheat,7,2023,30.21,0.175,0.1566,0.2964,27.85,45.43,4.47,779.1,2.0446,1.872,0.17,0.28,0.1,0,0.2977,mild
388,2021-10-13,Sfax,34.74,10.76,sandy-loam,Wheat,10,2021,26.69,0.2325,0.2012,0.3791,24.43,54.11,4.16,459.5,1.405,1.33,0.2121,0.28,0.1,0,0.3279,mild
389,2023-06-21,Kairouan,35.67,10.1,clay-loam,Olive,6,2023,32.09,0.2845,0.239,0.4486,28.59,57.76,5.04,853.9,1.6526,1.992,0.2828,0.36,0.18,0,0.463,mild
390,2023-06-19,Sidi Bouzid,35.04,9.48,sandy-loam,Pepper,6,2023,37.07,0.1586,0.1433,0.2716,30.7,45.83,0.78,666.6,2.3931,1.84,0.1436,0.28,0.1,0,0.6235,medium
391,2023-02-02,Kairouan,35.67,10.1,clay-loam,Tomato,2,2023,11.66,0.4285,0.3331,0.6193,11.13,75.25,4.01,348.7,0.3276,0.794,0.3575,0.36,0.18,0,0.1652,low
392,2023-01-21,Sfax,34.74,10.76,sandy-loam,Pepper,1,2023,15.28,0.1403,0.1282,0.2433,10.05,65.0,1.03,242.6,0.4313,0.638,0.1533,0.28,0.1,0,0.7043,medium
393,2022-07-21,Gabès,33.88,9.79,sandy,Barley,7,2022,35.39,0.2401,0.2069,0.3895,36.35,52.33,1.21,701.0,2.8873,2.107,0.1321,0.18,0.06,0,0.0132,low
394,2022-10-17,Sfax,34.74,10.76,sandy-loam,Pepper,10,2022,25.02,0.1973,0.1743,0.3292,23.01,60.81,4.14,464.1,1.1018,1.292,0.1721,0.28,0.1,0,0.3037,mild
395,2023-10-20,Sfax,34.74,10.76,sandy-loam,Wheat,10,2023,37.59,0.0313,0.0307,0.0588,27.63,44.66,2.19,450.6,2.0465,1.417,0.1121,0.28,0.1,1,0.9901,extreme
396,2023-04-18,Gafsa,34.43,8.78,sandy,Wheat,4,2023,31.89,0.0353,0.0345,0.0661,23.42,42.76,4.58,450.6,1.6492,1.286,0.0769,0.18,0.06,1,0.9225,extreme
397,2021-09-19,Sfax,34.74,10.76,sandy-loam,Potato,9,2021,34.81,0.1692,0.152,0.2877,32.68,50.04,4.62,514.4,2.4688,1.683,0.1853,0.28,0.1,0,0.2842,mild
398,2021-06-28,Nabeul,36.45,10.73,sandy,Potato,6,2021,27.82,0.312,0.2581,0.4836,26.7,57.93,2.54,875.0,1.4734,1.934,0.1646,0.18,0.06,0,0.2107,low
399,2022-04-04,Sfax,34.74,10.76,sandy-loam,Pepper,4,2022,27.88,0.1593,0.1439,0.2727,22.22,53.22,0.56,552.7,1.253,1.382,0.1701,0.28,0.1,0,0.7192,medium
400,2021-04-13,Béja,36.73,9.18,loam,Olive,4,2021,22.59,0.1445,0.1317,0.25,19.52,59.7,3.9,602.1,0.9148,1.346,0.2054,0.32,0.12,0,0.4735,mild
401,2021-01-26,Gafsa,34.43,8.78,sandy,Citrus,1,2021,17.48,0.3545,0.2866,0.5353,15.37,80.0,5.52,245.7,0.3492,0.764,0.1368,0.18,0.06,0,0.3561,mild
402,2022-09-10,Gafsa,34.43,8.78,sandy,Citrus,9,2022,36.19,0.0653,0.0626,0.1196,29.64,50.58,1.89,537.4,2.0538,1.616,0.0844,0.18,0.06,1,0.6754,medium
403,2023-02-09,Béja,36.73,9.18,loam,Pepper,2,2023,17.97,0.0829,0.0785,0.1498,14.28,62.04,2.8,324.2,0.6182,0.849,0.1632,0.32,0.12,1,0.6133,medium
404,2023-05-01,Gafsa,34.43,8.78,sandy,Tomato,5,2023,27.88,0.4427,0.3416,0.6347,28.05,69.54,3.24,572.5,1.1544,1.612,0.1354,0.18,0.06,0,0.1139,low
405,2022-11-12,Béja,36.73,9.18,loam,Barley,11,2022,24.57,0.0674,0.0645,0.1232,20.42,63.46,0.61,250.3,0.877,0.889,0.1658,0.32,0.12,0,0.634,medium
406,2021-02-03,Gabès,33.88,9.79,sandy,Potato,2,2021,22.78,0.1217,0.1125,0.2139,17.03,60.26,4.08,304.4,0.7715,0.893,0.0913,0.18,0.06,0,0.7168,medium
407,2022-12-08,Sfax,34.74,10.76,sandy-loam,Wheat,12,2022,22.0,0.0986,0.0925,0.1762,17.42,65.0,2.42,210.1,0.6963,0.75,0.1393,0.28,0.1,0,0.6589,medium
408,2022-02-03,Sfax,34.74,10.76,sandy-loam,Tomato,2,2022,18.07,0.147,0.1338,0.2537,15.08,72.61,3.73,349.3,0.4694,0.903,0.1704,0.28,0.1,0,0.4506,mild
409,2022-09-13,Kairouan,35.67,10.1,clay-loam,Citrus,9,2022,28.64,0.3146,0.2599,0.4868,27.34,58.39,3.67,538.5,1.5128,1.539,0.3337,0.36,0.18,0,0.2174,low
410,2023-12-06,Nabeul,36.45,10.73,sandy,Olive,12,2023,20.1,0.0639,0.0613,0.1171,16.2,64.89,5.44,230.2,0.6464,0.758,0.096,0.18,0.06,1,0.5918,medium
411,2022-05-11,Bizerte,37.27,9.87,loam,Barley,5,2022,21.7,0.3176,0.262,0.4906,20.27,50.85,1.44,745.9,1.1689,1.528,0.2169,0.32,0.12,0,0.3009,mild
412,2023-02-08,Gafsa,34.43,8.78,sandy,Citrus,2,2023,14.11,0.3141,0.2596,0.4862,12.89,71.29,3.54,260.6,0.4268,0.728,0.1158,0.18,0.06,0,0.2674,mild
413,2021-12-23,Béja,36.73,9.18,loam,Wheat,12,2021,17.8,0.0123,0.0122,0.0234,12.65,50.0,2.13,232.8,0.7317,0.683,0.1236,0.32,0.12,0,0.7762,high
414,2023-02-23,Gafsa,34.43,8.78,sandy,Barley,2,2023,15.28,0.1846,0.1642,0.3106,14.32,72.4,4.33,247.4,0.4504,0.742,0.1128,0.18,0.06,0,0.2447,mild
415,2021-12-24,Gafsa,34.43,8.78,sandy,Citrus,12,2021,17.06,0.0569,0.0548,0.1048,10.64,50.0,3.42,165.3,0.6408,0.537,0.0657,0.18,0.06,1,0.8134,high
416,2021-05-04,Béja,36.73,9.18,loam,Barley,5,2021,24.78,0.1671,0.1502,0.2845,20.16,42.29,4.55,762.9,1.363,1.541,0.1773,0.32,0.12,1,0.6513,medium
417,2022-04-28,Sfax,34.74,10.76,sandy-loam,Pepper,4,2022,16.61,0.3,0.2499,0.4685,16.88,71.05,1.85,534.9,0.5566,1.178,0.2251,0.28,0.1,0,0.1039,low
418,2021-10-11,Gafsa,34.43,8.78,sandy,Pepper,10,2021,28.37,0.2239,0.1947,0.3671,24.88,62.37,4.62,375.7,1.1838,1.216,0.1151,0.18,0.06,0,0.4743,mild
419,2023-07-07,Gafsa,34.43,8.78,sandy,Tomato,7,2023,38.58,0.2943,0.2459,0.4612,35.29,41.27,0.46,889.1,3.3556,2.326,0.1003,0.18,0.06,1,0.3452,mild
420,2023-02-03,Sfax,34.74,10.76,sandy-loam,Wheat,2,2023,20.86,0.1196,0.1107,0.2105,17.15,61.52,2.54,348.3,0.7529,0.959,0.157,0.28,0.1,1,0.5412,medium
421,2021-07-03,Nabeul,36.45,10.73,sandy,Tomato,7,2021,33.74,0.5391,0.3964,0.7324,34.77,54.02,3.36,821.4,2.5526,2.214,0.147,0.18,0.06,0,0.0041,low
422,2023-03-26,Sidi Bouzid,35.04,9.48,sandy-loam,Tomato,3,2023,19.0,0.3464,0.2812,0.5257,19.91,75.7,1.61,397.1,0.5652,1.104,0.2482,0.28,0.1,0,0.0362,low
423,2023-01-09,Nabeul,36.45,10.73,sandy,Barley,1,2023,9.97,0.2852,0.2395,0.4495,10.21,89.26,3.19,249.2,0.1338,0.65,0.1565,0.18,0.06,0,0.1104,low
424,2022-02-02,Sfax,34.74,10.76,sandy-loam,Citrus,2,2022,18.33,0.2432,0.2092,0.3938,15.13,65.0,3.21,348.6,0.6021,0.904,0.1718,0.28,0.1,0,0.4946,medium
425,2023-06-17,Gabès,33.88,9.79,sandy,Potato,6,2023,36.05,0.0443,0.043,0.0823,27.71,28.2,5.86,849.2,2.669,1.949,0.0699,0.18,0.06,1,0.7843,high
426,2021-10-06,Kairouan,35.67,10.1,clay-loam,Barley,10,2021,25.43,0.1907,0.1691,0.3197,22.54,64.08,1.81,519.1,0.9814,1.351,0.2681,0.36,0.18,0,0.4543,mild
427,2021-10-04,Sfax,34.74,10.76,sandy-loam,Tomato,10,2021,28.93,0.262,0.2229,0.419,26.99,61.11,4.63,505.7,1.3859,1.48,0.2197,0.28,0.1,0,0.3227,mild
428,2021-02-02,Bizerte,37.27,9.87,loam,Tomato,2,2021,12.95,0.3526,0.2854,0.5331,12.71,77.74,4.07,299.0,0.3271,0.775,0.2731,0.32,0.12,0,0.132,low
429,2022-07-18,Sidi Bouzid,35.04,9.48,sandy-loam,Citrus,7,2022,37.88,0.0921,0.0867,0.1652,32.57,37.07,4.3,749.7,3.0897,2.027,0.1529,0.28,0.1,0,0.5034,medium
430,2023-04-01,Béja,36.73,9.18,loam,Pepper,4,2023,15.4,0.3379,0.2756,0.5154,16.07,74.69,2.41,625.0,0.4622,1.244,0.2786,0.32,0.12,0,0.0035,low
431,2023-03-16,Sidi Bouzid,35.04,9.48,sandy-loam,Barley,3,2023,21.77,0.3333,0.2726,0.5098,20.09,65.33,4.71,345.1,0.8152,1.034,0.1985,0.28,0.1,0,0.2915,mild
432,2022-12-01,Sfax,34.74,10.76,sandy-loam,Pepper,12,2022,23.62,0.1644,0.148,0.2804,18.2,65.0,2.35,230.6,0.7317,0.803,0.1616,0.28,0.1,1,0.727,medium
433,2023-07-06,Sfax,34.74,10.76,sandy-loam,Pepper,7,2023,39.25,0.3626,0.2919,0.5449,34.97,37.52,0.4,769.4,3.5066,2.151,0.1963,0.28,0.1,0,0.3903,mild
434,2023-08-03,Sfax,34.74,10.76,sandy-loam,Tomato,8,2023,40.97,0.3172,0.2617,0.4901,36.24,43.38,4.47,863.0,3.4087,2.333,0.1815,0.28,0.1,0,0.4234,mild
435,2023-08-12,Béja,36.73,9.18,loam,Wheat,8,2023,34.47,0.1468,0.1336,0.2535,30.51,53.71,3.54,774.8,2.0225,1.976,0.2039,0.32,0.12,0,0.4796,mild
436,2021-02-17,Gabès,33.88,9.79,sandy,Tomato,2,2021,17.42,0.0853,0.0807,0.1539,13.78,60.43,0.48,319.3,0.6234,0.829,0.0933,0.18,0.06,0,0.5353,medium
437,2022-05-06,Kairouan,35.67,10.1,clay-loam,Tomato,5,2022,27.69,0.3301,0.2704,0.5059,24.4,58.96,2.97,699.5,1.2542,1.64,0.2539,0.36,0.18,0,0.4249,mild
438,2022-05-19,Kairouan,35.67,10.1,clay-loam,Barley,5,2022,28.97,0.1503,0.1365,0.2588,23.89,50.82,1.32,700.4,1.4577,1.621,0.219,0.36,0.18,0,0.6348,medium
439,2022-03-10,Sidi Bouzid,35.04,9.48,sandy-loam,Olive,3,2022,15.93,0.1496,0.1359,0.2578,12.96,65.62,1.41,371.6,0.5136,0.871,0.1934,0.28,0.1,0,0.4504,mild
440,2021-06-25,Kairouan,35.67,10.1,clay-loam,Olive,6,2021,29.73,0.2647,0.2248,0.4226,27.09,44.56,2.14,876.7,1.9867,1.953,0.2756,0.36,0.18,0,0.3751,mild
441,2021-11-08,Béja,36.73,9.18,loam,Wheat,11,2021,15.92,0.3374,0.2753,0.5148,16.51,77.28,1.96,260.4,0.4267,0.814,0.2869,0.32,0.12,0,0.0324,low
442,2021-07-26,Gabès,33.88,9.79,sandy,Potato,7,2021,37.09,0.0788,0.0748,0.1428,29.99,36.98,3.38,678.5,2.6722,1.829,0.0875,0.18,0.06,1,0.6593,medium
443,2022-07-18,Kairouan,35.67,10.1,clay-loam,Olive,7,2022,34.31,0.4277,0.3326,0.6185,33.98,52.59,0.76,865.0,2.5189,2.238,0.3574,0.36,0.18,0,0.1259,low
444,2022-01-18,Sidi Bouzid,35.04,9.48,sandy-loam,Citrus,1,2022,10.85,0.5234,0.3878,0.7172,10.93,77.04,0.51,219.3,0.2999,0.625,0.2641,0.28,0.1,0,0.0765,low
445,2023-12-27,Sfax,34.74,10.76,sandy-loam,Citrus,12,2023,15.55,0.4784,0.3625,0.6721,14.85,82.48,2.07,212.8,0.2959,0.7,0.2425,0.28,0.1,0,0.187,low
446,2021-02-26,Kairouan,35.67,10.1,clay-loam,Barley,2,2021,16.44,0.1404,0.1283,0.2435,15.46,67.69,3.91,343.6,0.5674,0.906,0.2523,0.36,0.18,0,0.2632,mild
447,2022-01-26,Kairouan,35.67,10.1,clay-loam,Olive,1,2022,15.53,0.1255,0.1157,0.2199,14.07,78.25,3.19,218.0,0.3492,0.691,0.2548,0.36,0.18,0,0.3081,mild
448,2022-06-27,Béja,36.73,9.18,loam,Tomato,6,2022,29.58,0.1952,0.1726,0.3262,24.94,41.75,3.26,660.6,1.8384,1.614,0.1681,0.32,0.12,1,0.5999,medium
449,2022-03-20,Kairouan,35.67,10.1,clay-loam,Pepper,3,2022,19.82,0.1935,0.1713,0.3237,16.54,71.1,4.83,397.9,0.5438,1.007,0.2674,0.36,0.18,0,0.485,mild
450,2022-09-14,Gafsa,34.43,8.78,sandy,Barley,9,2022,39.2,0.1237,0.1142,0.217,31.65,44.71,3.71,548.2,2.5774,1.701,0.1071,0.18,0.06,0,0.7215,medium
451,2022-01-18,Kairouan,35.67,10.1,clay-loam,Tomato,1,2022,21.78,0.01,0.0099,0.0191,15.48,50.0,4.06,221.7,0.8797,0.728,0.1714,0.36,0.18,1,0.8483,high
452,2023-01-24,Sidi Bouzid,35.04,9.48,sandy-loam,Tomato,1,2023,18.74,0.1764,0.1577,0.2985,17.01,80.0,3.72,225.0,0.3879,0.767,0.1742,0.28,0.1,0,0.3461,mild
453,2023-03-15,Gafsa,34.43,8.78,sandy,Citrus,3,2023,19.53,0.3482,0.2824,0.5278,18.85,74.15,5.29,460.5,0.5626,1.156,0.1679,0.18,0.06,0,0.1647,low
454,2023-11-18,Sidi Bouzid,35.04,9.48,sandy-loam,Pepper,11,2023,19.52,0.1533,0.139,0.2636,14.87,61.53,4.39,270.3,0.6508,0.789,0.15,0.28,0.1,1,0.6818,medium
455,2022-03-08,Béja,36.73,9.18,loam,Tomato,3,2022,15.27,0.0822,0.0779,0.1486,12.27,60.41,3.82,474.4,0.5652,0.962,0.1662,0.32,0.12,0,0.5539,medium
456,2021-05-23,Béja,36.73,9.18,loam,Tomato,5,2021,29.58,0.1018,0.0952,0.1813,22.94,34.47,4.51,581.9,1.8344,1.444,0.1494,0.32,0.12,1,0.7843,high
457,2021-06-21,Nabeul,36.45,10.73,sandy,Olive,6,2021,34.14,0.1318,0.1211,0.23,28.14,41.73,3.32,901.1,2.2212,2.027,0.085,0.18,0.06,1,0.7086,medium
458,2023-11-01,Nabeul,36.45,10.73,sandy,Pepper,11,2023,24.36,0.0728,0.0694,0.1325,20.64,60.4,3.25,262.4,0.9629,0.915,0.0925,0.18,0.06,0,0.5876,medium
459,2021-11-28,Gabès,33.88,9.79,sandy,Potato,11,2021,23.47,0.1563,0.1415,0.2681,17.91,53.4,1.72,259.5,0.9565,0.845,0.1003,0.18,0.06,0,0.683,medium
460,2021-04-16,Gabès,33.88,9.79,sandy,Wheat,4,2021,19.11,0.6391,0.4479,0.8235,20.26,72.07,1.09,573.9,0.6636,1.34,0.1792,0.18,0.06,0,0.0009,low
461,2023-03-11,Sfax,34.74,10.76,sandy-loam,Potato,3,2023,24.21,0.064,0.0613,0.1172,16.53,48.4,3.93,429.6,0.9703,1.045,0.1103,0.28,0.1,1,0.9195,extreme
462,2023-08-11,Kairouan,35.67,10.1,clay-loam,Citrus,8,2023,43.72,0.0257,0.0252,0.0484,34.13,32.04,1.37,673.8,3.6403,1.981,0.1988,0.36,0.18,1,0.8317,high
463,2023-08-21,Sfax,34.74,10.76,sandy-loam,Pepper,8,2023,42.37,0.1652,0.1487,0.2817,35.71,40.03,2.2,758.7,3.5074,2.166,0.1389,0.28,0.1,1,0.5658,medium
464,2023-05-01,Gabès,33.88,9.79,sandy,Barley,5,2023,28.19,0.2208,0.1924,0.3627,23.12,49.08,2.07,560.6,1.4408,1.424,0.0949,0.18,0.06,1,0.5929,medium
465,2023-11-13,Gafsa,34.43,8.78,sandy,Citrus,11,2023,27.5,0.1813,0.1617,0.3058,23.25,56.18,2.12,272.4,1.2499,0.996,0.0993,0.18,0.06,0,0.5103,medium
466,2021-02-15,Nabeul,36.45,10.73,sandy,Pepper,2,2021,13.15,0.2667,0.2263,0.4253,12.14,75.46,4.16,349.3,0.3474,0.822,0.1331,0.18,0.06,0,0.2891,mild
467,2022-11-23,Béja,36.73,9.18,loam,Olive,11,2022,21.58,0.0457,0.0443,0.0849,15.61,48.23,0.44,268.4,0.9179,0.804,0.1379,0.32,0.12,1,0.8626,high
468,2021-02-19,Sidi Bouzid,35.04,9.48,sandy-loam,Potato,2,2021,19.81,0.4291,0.3335,0.6201,18.93,84.3,3.57,318.2,0.3435,0.963,0.2771,0.28,0.1,0,0.2236,low
469,2023-08-17,Sidi Bouzid,35.04,9.48,sandy-loam,Tomato,8,2023,41.99,0.1487,0.1352,0.2564,35.3,42.09,5.34,664.6,3.3111,2.012,0.1445,0.28,0.1,0,0.5838,medium
470,2021-03-07,Sidi Bouzid,35.04,9.48,sandy-loam,Pepper,3,2021,16.06,0.1787,0.1596,0.3019,13.89,60.58,0.7,461.2,0.6255,1.0,0.1747,0.28,0.1,0,0.3887,mild
471,2022-02-27,Kairouan,35.67,10.1,clay-loam,Barley,2,2022,12.6,0.1695,0.1522,0.2882,10.9,77.56,5.05,255.1,0.2927,0.674,0.2731,0.36,0.18,0,0.3031,mild
472,2021-07-07,Béja,36.73,9.18,loam,Tomato,7,2021,34.37,0.5773,0.4167,0.7684,35.02,53.66,2.36,679.7,2.6091,2.024,0.282,0.32,0.12,0,0.0078,low
473,2022-08-01,Sidi Bouzid,35.04,9.48,sandy-loam,Barley,8,2022,38.55,0.1791,0.1599,0.3025,35.15,47.07,0.92,620.2,3.0002,1.938,0.188,0.28,0.1,0,0.3673,mild
474,2023-12-26,Nabeul,36.45,10.73,sandy,Olive,12,2023,13.18,0.1399,0.1279,0.2427,11.47,78.24,0.93,194.5,0.2946,0.6,0.1159,0.18,0.06,0,0.4083,mild
475,2021-03-06,Sidi Bouzid,35.04,9.48,sandy-loam,Pepper,3,2021,14.51,0.3453,0.2805,0.5244,13.43,77.46,1.25,347.4,0.3472,0.855,0.2394,0.28,0.1,0,0.2431,low
476,2022-02-16,Sidi Bouzid,35.04,9.48,sandy-loam,Potato,2,2022,18.83,0.1502,0.1364,0.2587,17.23,75.12,1.44,263.1,0.4892,0.835,0.1602,0.28,0.1,0,0.2958,mild
477,2022-03-11,Nabeul,36.45,10.73,sandy,Tomato,3,2022,16.21,0.2554,0.2181,0.4103,13.91,68.53,4.73,474.7,0.5003,1.015,0.1286,0.18,0.06,0,0.4075,mild
478,2021-07-15,Bizerte,37.27,9.87,loam,Pepper,7,2021,31.65,0.2891,0.2422,0.4545,29.48,50.9,3.04,861.9,2.0218,2.04,0.1967,0.32,0.12,0,0.3409,mild
479,2021-09-05,Béja,36.73,9.18,loam,Wheat,9,2021,32.18,0.0557,0.0537,0.1027,25.45,40.02,1.14,563.3,1.9512,1.508,0.1531,0.32,0.12,0,0.8255,high
480,2021-09-20,Gabès,33.88,9.79,sandy,Tomato,9,2021,38.08,0.0936,0.0881,0.1678,30.81,47.6,0.78,632.6,2.3283,1.796,0.0803,0.18,0.06,0,0.7327,medium
481,2023-05-13,Kairouan,35.67,10.1,clay-loam,Barley,5,2023,30.24,0.2671,0.2266,0.4258,28.01,60.57,2.89,765.7,1.4914,1.863,0.2544,0.36,0.18,0,0.3114,mild
482,2021-07-26,Gafsa,34.43,8.78,sandy,Olive,7,2021,39.89,0.0662,0.0633,0.121,33.77,40.12,1.73,666.6,3.1443,1.956,0.0826,0.18,0.06,0,0.5741,medium
483,2022-04-22,Sidi Bouzid,35.04,9.48,sandy-loam,Barley,4,2022,18.53,0.446,0.3436,0.6382,17.54,71.9,4.56,456.5,0.5636,1.11,0.2241,0.28,0.1,0,0.2153,low
484,2021-09-04,Gabès,33.88,9.79,sandy,Olive,9,2021,46.09,0.0371,0.0362,0.0694,34.39,39.32,3.73,705.4,3.2993,2.037,0.073,0.18,0.06,1,0.9684,extreme
485,2022-12-26,Kairouan,35.67,10.1,clay-loam,Wheat,12,2022,16.62,0.1552,0.1405,0.2664,12.08,65.0,3.83,176.4,0.4935,0.583,0.2419,0.36,0.18,1,0.6713,medium
486,2023-10-22,Gabès,33.88,9.79,sandy,Tomato,10,2023,29.03,0.3508,0.2842,0.531,28.37,77.58,2.79,441.2,0.8659,1.425,0.1661,0.18,0.06,0,0.206,low
487,2022-01-24,Kairouan,35.67,10.1,clay-loam,Barley,1,2022,17.37,0.1874,0.1665,0.3147,15.57,71.83,4.92,248.3,0.4984,0.773,0.2677,0.36,0.18,0,0.348,mild
488,2021-08-28,Gabès,33.88,9.79,sandy,Citrus,8,2021,35.15,0.2016,0.1776,0.3354,32.6,45.52,4.74,692.5,2.6801,1.949,0.1204,0.18,0.06,0,0.2788,mild
489,2021-06-01,Gabès,33.88,9.79,sandy,Olive,6,2021,28.91,0.15,0.1363,0.2584,26.99,54.92,3.35,723.1,1.6065,1.77,0.1073,0.18,0.06,0,0.2951,mild
490,2022-12-27,Béja,36.73,9.18,loam,Citrus,12,2022,18.27,0.0709,0.0677,0.1292,14.81,65.0,2.14,209.5,0.5895,0.694,0.1563,0.32,0.12,0,0.5471,medium
491,2023-07-18,Nabeul,36.45,10.73,sandy,Barley,7,2023,38.81,0.1765,0.1578,0.2986,34.47,43.36,1.53,790.3,3.0924,2.159,0.1111,0.18,0.06,0,0.4643,mild
492,2023-12-08,Sidi Bouzid,35.04,9.48,sandy-loam,Tomato,12,2023,18.27,0.1023,0.0957,0.1822,14.74,65.0,5.79,203.0,0.587,0.681,0.1412,0.28,0.1,1,0.5317,medium
493,2022-01-18,Kairouan,35.67,10.1,clay-loam,Olive,1,2022,16.24,0.1058,0.0988,0.188,12.96,65.0,2.6,194.4,0.5227,0.63,0.2367,0.36,0.18,0,0.5201,medium
494,2023-04-19,Sidi Bouzid,35.04,9.48,sandy-loam,Tomato,4,2023,27.96,0.0906,0.0854,0.1628,22.75,60.0,3.56,479.9,1.1069,1.305,0.1421,0.28,0.1,0,0.6505,medium
495,2021-08-24,Sfax,34.74,10.76,sandy-loam,Potato,8,2021,33.81,0.221,0.1925,0.363,31.03,42.7,2.82,815.6,2.5786,2.049,0.2033,0.28,0.1,0,0.341,mild
496,2021-06-15,Sidi Bouzid,35.04,9.48,sandy-loam,Wheat,6,2021,27.52,0.3273,0.2685,0.5025,28.19,57.35,4.07,614.2,1.6295,1.675,0.2501,0.28,0.1,0,0.0497,low
497,2023-06-04,Sfax,34.74,10.76,sandy-loam,Olive,6,2023,31.69,0.4356,0.3374,0.627,32.43,53.69,3.85,844.6,2.2564,2.145,0.2741,0.28,0.1,0,0.0356,low
498,2022-03-04,Sfax,34.74,10.76,sandy-loam,Pepper,3,2022,16.7,0.2708,0.2292,0.4307,14.01,58.22,3.79,425.5,0.6684,0.964,0.2106,0.28,0.1,0,0.4553,mild
499,2023-11-23,Gafsa,34.43,8.78,sandy,Barley,11,2023,15.86,0.2903,0.2431,0.4561,16.08,76.65,4.06,278.8,0.4269,0.831,0.1526,0.18,0.06,0,0.1255,low
500,2022-08-20,Kairouan,35.67,10.1,clay-loam,Pepper,8,2022,33.07,0.3023,0.2514,0.4713,31.33,52.63,4.87,805.6,2.1687,2.049,0.2644,0.36,0.18,0,0.2689,mild
501,2022-11-28,Gafsa,34.43,8.78,sandy,Wheat,11,2022,25.57,0.1635,0.1473,0.2791,21.21,52.21,1.42,303.7,1.2039,0.999,0.1006,0.18,0.06,1,0.5327,medium
502,2022-11-27,Kairouan,35.67,10.1,clay-loam,Olive,11,2022,24.33,0.1557,0.141,0.2672,22.75,68.55,4.98,310.2,0.8703,1.05,0.2904,0.36,0.18,0,0.2789,mild
503,2022-07-13,Sidi Bouzid,35.04,9.48,sandy-loam,Barley,7,2022,36.73,0.1286,0.1184,0.225,34.49,36.9,4.66,639.8,3.4489,1.944,0.1663,0.28,0.1,0,0.2654,mild
504,2022-12-13,Gafsa,34.43,8.78,sandy,Potato,12,2022,18.18,0.2029,0.1786,0.3373,15.23,70.39,3.44,170.9,0.5124,0.634,0.1194,0.18,0.06,0,0.4712,mild
505,2022-07-20,Gabès,33.88,9.79,sandy,Olive,7,2022,34.62,0.2021,0.178,0.3361,32.23,50.75,3.55,953.1,2.3718,2.269,0.125,0.18,0.06,0,0.2896,mild
506,2021-09-03,Kairouan,35.67,10.1,clay-loam,Tomato,9,2021,30.48,0.1236,0.1141,0.2168,25.66,50.13,4.09,684.0,1.6429,1.67,0.2327,0.36,0.18,1,0.5596,medium
507,2021-11-08,Kairouan,35.67,10.1,clay-loam,Wheat,11,2021,21.98,0.0688,0.0658,0.1256,17.29,65.0,5.11,240.6,0.6908,0.8,0.2132,0.36,0.18,0,0.6521,medium
508,2021-08-16,Béja,36.73,9.18,loam,Potato,8,2021,34.2,0.1858,0.1653,0.3125,31.4,44.88,1.62,805.6,2.5329,2.052,0.1924,0.32,0.12,0,0.3384,mild
509,2022-07-14,Sidi Bouzid,35.04,9.48,sandy-loam,Olive,7,2022,31.42,0.3276,0.2687,0.5029,31.83,56.87,5.72,730.1,2.0308,1.97,0.2336,0.28,0.1,0,0.0325,low
510,2021-04-13,Béja,36.73,9.18,loam,Tomato,4,2021,19.68,0.1871,0.1663,0.3143,18.02,66.21,3.19,638.0,0.6983,1.329,0.215,0.32,0.12,0,0.3429,mild
511,2021-10-25,Gafsa,34.43,8.78,sandy,Potato,10,2021,26.43,0.5132,0.3822,0.7072,26.01,76.54,4.73,400.3,0.7888,1.288,0.1563,0.18,0.06,0,0.1825,low
512,2022-02-11,Bizerte,37.27,9.87,loam,Tomato,2,2022,15.68,0.0376,0.0367,0.0703,9.81,46.15,1.84,303.4,0.6527,0.707,0.1416,0.32,0.12,1,0.9024,extreme
513,2023-12-09,Nabeul,36.45,10.73,sandy,Barley,12,2023,16.77,0.1778,0.1589,0.3006,15.85,78.77,1.35,218.8,0.3825,0.732,0.1279,0.18,0.06,0,0.2671,mild
514,2022-10-12,Nabeul,36.45,10.73,sandy,Potato,10,2022,33.91,0.1054,0.0984,0.1874,27.43,48.89,0.7,423.2,1.8686,1.367,0.0842,0.18,0.06,1,0.7972,high
515,2022-06-28,Béja,36.73,9.18,loam,Olive,6,2022,28.06,0.0893,0.0843,0.1607,24.4,38.12,3.57,759.7,1.8913,1.709,0.1712,0.32,0.12,1,0.5073,medium
516,2022-10-01,Sidi Bouzid,35.04,9.48,sandy-loam,Potato,10,2022,31.84,0.1054,0.0984,0.1873,23.87,40.63,2.36,464.0,1.7572,1.319,0.1391,0.28,0.1,1,0.84,high
517,2023-06-28,Kairouan,35.67,10.1,clay-loam,Potato,6,2023,32.67,0.1753,0.1568,0.2968,30.6,44.8,1.34,691.6,2.4237,1.87,0.256,0.36,0.18,0,0.267,mild
518,2023-06-26,Gafsa,34.43,8.78,sandy,Potato,6,2023,24.73,0.252,0.2157,0.4057,25.54,55.15,4.22,793.2,1.4674,1.794,0.1246,0.18,0.06,0,0.031,low
519,2023-08-10,Sidi Bouzid,35.04,9.48,sandy-loam,Olive,8,2023,44.45,0.0688,0.0658,0.1257,34.67,30.11,0.68,580.1,3.8589,1.857,0.1101,0.28,0.1,1,0.7923,high
520,2021-11-10,Sidi Bouzid,35.04,9.48,sandy-loam,Pepper,11,2021,22.47,0.0749,0.0713,0.1361,18.61,57.86,4.56,299.0,0.9038,0.925,0.1307,0.28,0.1,1,0.5655,medium
521,2023-06-23,Kairouan,35.67,10.1,clay-loam,Pepper,6,2023,33.53,0.3074,0.255,0.4778,29.68,51.92,3.74,717.2,2.0028,1.868,0.252,0.36,0.18,0,0.442,mild
522,2022-08-28,Gabès,33.88,9.79,sandy,Barley,8,2022,39.43,0.0945,0.0888,0.1693,32.84,30.08,4.59,619.8,3.4852,1.853,0.0981,0.18,0.06,1,0.5858,medium
523,2021-08-13,Sfax,34.74,10.76,sandy-loam,Wheat,8,2021,35.34,0.1621,0.1462,0.277,32.09,41.28,3.39,759.4,2.807,2.02,0.1663,0.28,0.1,0,0.3628,mild
524,2022-08-01,Gabès,33.88,9.79,sandy,Barley,8,2022,38.62,0.1647,0.1483,0.2809,34.57,41.12,2.27,791.7,3.2325,2.165,0.1136,0.18,0.06,0,0.3739,mild
525,2022-11-16,Gafsa,34.43,8.78,sandy,Tomato,11,2022,22.35,0.1689,0.1517,0.2873,19.82,66.51,2.17,233.3,0.7743,0.844,0.1104,0.18,0.06,0,0.4113,mild
526,2022-09-16,Sidi Bouzid,35.04,9.48,sandy-loam,Wheat,9,2022,34.26,0.1736,0.1555,0.2943,30.62,47.13,5.65,579.0,2.3247,1.712,0.1757,0.28,0.1,0,0.4354,mild
527,2021-10-18,Sfax,34.74,10.76,sandy-loam,Tomato,10,2021,32.84,0.1383,0.1266,0.2403,27.3,56.63,5.82,401.6,1.5733,1.328,0.1653,0.28,0.1,0,0.6704,medium
528,2021-06-15,Gabès,33.88,9.79,sandy,Wheat,6,2021,35.26,0.1103,0.1027,0.1954,29.15,41.27,1.34,737.5,2.3738,1.874,0.0833,0.18,0.06,1,0.6034,medium
529,2022-11-11,Kairouan,35.67,10.1,clay-loam,Barley,11,2022,21.36,0.0544,0.0525,0.1003,15.74,50.0,4.75,274.8,0.8942,0.817,0.1954,0.36,0.18,1,0.7601,high
530,2022-02-16,Kairouan,35.67,10.1,clay-loam,Tomato,2,2022,19.21,0.0977,0.0917,0.1746,14.54,56.13,3.98,276.3,0.7265,0.79,0.2183,0.36,0.18,1,0.6944,medium
531,2022-03-17,Sfax,34.74,10.76,sandy-loam,Olive,3,2022,21.14,0.0793,0.0753,0.1436,15.95,55.97,3.95,469.3,0.7981,1.074,0.1476,0.28,0.1,0,0.6647,medium
532,2023-01-21,Sfax,34.74,10.76,sandy-loam,Pepper,1,2023,15.96,0.2662,0.226,0.4247,14.61,76.61,2.5,252.0,0.3891,0.756,0.2118,0.28,0.1,0,0.3054,mild
533,2021-12-28,Béja,36.73,9.18,loam,Wheat,12,2021,11.04,0.2357,0.2036,0.3834,10.9,86.66,4.78,214.4,0.174,0.618,0.2407,0.32,0.12,0,0.1935,low
534,2022-07-24,Nabeul,36.45,10.73,sandy,Potato,7,2022,34.03,0.2269,0.197,0.3712,30.44,37.11,4.86,814.5,2.7372,2.023,0.1216,0.18,0.06,0,0.4441,mild
535,2022-02-02,Gabès,33.88,9.79,sandy,Olive,2,2022,14.43,0.1676,0.1507,0.2853,13.02,68.23,3.02,260.2,0.4763,0.73,0.1424,0.18,0.06,0,0.2608,mild
536,2021-03-01,Kairouan,35.67,10.1,clay-loam,Barley,3,2021,19.59,0.0738,0.0703,0.1342,12.44,39.51,5.32,428.1,0.8732,0.919,0.1924,0.36,0.18,0,0.9253,extreme
537,2022-05-23,Kairouan,35.67,10.1,clay-loam,Citrus,5,2022,28.05,0.2428,0.2088,0.3932,24.95,59.52,2.06,776.4,1.2787,1.75,0.2949,0.36,0.18,0,0.4217,mild
538,2022-08-27,Kairouan,35.67,10.1,clay-loam,Tomato,8,2022,32.83,0.6174,0.4372,0.8046,32.31,64.55,5.57,757.7,1.7154,2.027,0.3224,0.36,0.18,0,0.1516,low
539,2022-03-11,Kairouan,35.67,10.1,clay-loam,Tomato,3,2022,18.29,0.3107,0.2573,0.482,17.24,78.22,3.56,480.7,0.4283,1.129,0.3044,0.36,0.18,0,0.23,low
540,2021-09-18,Bizerte,37.27,9.87,loam,Wheat,9,2021,30.09,0.2012,0.1773,0.3349,27.48,59.17,1.93,721.1,1.4971,1.787,0.2265,0.32,0.12,0,0.4199,mild
541,2023-04-21,Gabès,33.88,9.79,sandy,Wheat,4,2023,28.07,0.01,0.0099,0.0191,20.89,48.48,5.27,465.9,1.2726,1.227,0.0613,0.18,0.06,1,0.8683,high
542,2021-11-03,Kairouan,35.67,10.1,clay-loam,Olive,11,2021,18.36,0.1125,0.1046,0.199,16.85,70.78,2.75,281.5,0.5609,0.854,0.2536,0.36,0.18,0,0.3198,mild
543,2023-07-25,Sidi Bouzid,35.04,9.48,sandy-loam,Citrus,7,2023,35.82,0.3796,0.3028,0.5647,34.26,47.56,3.92,900.2,2.8295,2.295,0.2702,0.28,0.1,0,0.2363,low
544,2022-08-02,Sfax,34.74,10.76,sandy-loam,Pepper,8,2022,40.93,0.1236,0.1141,0.2169,31.88,25.67,5.06,720.9,3.5099,1.96,0.1279,0.28,0.1,1,0.7894,high
545,2022-03-15,Sidi Bouzid,35.04,9.48,sandy-loam,Barley,3,2022,20.41,0.2401,0.2069,0.3896,18.85,69.63,3.77,442.6,0.6612,1.133,0.1684,0.28,0.1,0,0.2681,mild
546,2023-08-26,Nabeul,36.45,10.73,sandy,Potato,8,2023,36.23,0.2304,0.1996,0.3761,34.45,50.82,1.22,891.4,2.6828,2.292,0.1278,0.18,0.06,0,0.2556,mild
547,2022-05-22,Kairouan,35.67,10.1,clay-loam,Wheat,5,2022,24.64,0.2744,0.2319,0.4355,23.45,58.36,2.05,572.6,1.2024,1.451,0.257,0.36,0.18,0,0.2645,mild
548,2023-03-24,Sfax,34.74,10.76,sandy-loam,Tomato,3,2023,20.64,0.1388,0.127,0.241,15.92,51.6,3.06,426.5,0.8755,1.023,0.1573,0.28,0.1,1,0.6234,medium
549,2021-03-22,Bizerte,37.27,9.87,loam,Wheat,3,2021,18.1,0.2879,0.2414,0.453,17.04,73.05,4.67,492.7,0.5235,1.136,0.2155,0.32,0.12,0,0.2921,mild
550,2023-07-15,Gabès,33.88,9.79,sandy,Tomato,7,2023,47.13,0.082,0.0777,0.1482,35.54,24.81,5.48,951.3,4.3546,2.417,0.0648,0.18,0.06,1,0.8591,high
551,2022-07-09,Kairouan,35.67,10.1,clay-loam,Tomato,7,2022,44.99,0.0772,0.0734,0.1401,33.58,29.86,2.55,851.5,3.6442,2.203,0.1993,0.36,0.18,1,0.9632,extreme
552,2023-09-20,Gafsa,34.43,8.78,sandy,Pepper,9,2023,27.61,0.2765,0.2333,0.4382,26.46,70.66,5.83,599.9,1.0134,1.593,0.1392,0.18,0.06,0,0.2189,low
553,2023-03-26,Sidi Bouzid,35.04,9.48,sandy-loam,Citrus,3,2023,19.92,0.1154,0.1071,0.2037,15.35,56.7,2.51,385.4,0.7555,0.956,0.1698,0.28,0.1,0,0.6331,medium
554,2023-10-15,Nabeul,36.45,10.73,sandy,Tomato,10,2023,25.29,0.1521,0.138,0.2616,21.31,53.73,0.71,439.7,1.1727,1.205,0.1038,0.18,0.06,0,0.5857,medium
555,2022-10-04,Sidi Bouzid,35.04,9.48,sandy-loam,Barley,10,2022,24.54,0.1236,0.1142,0.217,23.43,55.7,1.08,484.8,1.2774,1.334,0.1736,0.28,0.1,0,0.2513,mild
556,2022-05-10,Gafsa,34.43,8.78,sandy,Potato,5,2022,24.24,0.3363,0.2746,0.5135,22.27,53.98,3.95,738.8,1.2369,1.6,0.1225,0.18,0.06,0,0.2972,mild
557,2021-08-04,Gafsa,34.43,8.78,sandy,Citrus,8,2021,30.62,0.3294,0.27,0.5051,31.09,62.96,1.89,830.1,1.6727,2.07,0.1614,0.18,0.06,0,0.0571,low
558,2022-10-25,Bizerte,37.27,9.87,loam,Citrus,10,2022,22.4,0.1036,0.0969,0.1845,18.79,50.75,1.71,456.6,1.0681,1.149,0.1653,0.32,0.12,0,0.5726,medium
559,2022-04-23,Béja,36.73,9.18,loam,Tomato,4,2022,25.56,0.1336,0.1226,0.2329,21.2,53.15,5.56,578.2,1.1795,1.378,0.1719,0.32,0.12,1,0.6462,medium
560,2021-08-06,Gafsa,34.43,8.78,sandy,Tomato,8,2021,41.03,0.0211,0.0208,0.0399,31.14,21.73,3.36,629.1,3.5455,1.804,0.0655,0.18,0.06,1,0.8363,high
561,2022-04-14,Bizerte,37.27,9.87,loam,Olive,4,2022,21.36,0.0364,0.0355,0.068,14.39,41.82,5.36,578.8,0.9538,1.138,0.1364,0.32,0.12,0,0.9753,extreme
562,2022-02-25,Gabès,33.88,9.79,sandy,Pepper,2,2022,22.68,0.0357,0.0348,0.0668,15.99,50.0,1.5,281.7,0.9085,0.833,0.0632,0.18,0.06,1,0.8248,high
563,2021-04-15,Gabès,33.88,9.79,sandy,Barley,4,2021,27.07,0.1748,0.1564,0.2961,22.76,56.46,1.44,479.0,1.2054,1.304,0.1003,0.18,0.06,1,0.5284,medium
564,2022-05-17,Bizerte,37.27,9.87,loam,Barley,5,2022,25.2,0.2136,0.1869,0.3526,20.08,43.06,0.96,585.0,1.3378,1.346,0.1953,0.32,0.12,0,0.6944,medium
565,2023-12-05,Sidi Bouzid,35.04,9.48,sandy-loam,Citrus,12,2023,16.65,0.4408,0.3405,0.6327,16.91,80.34,1.48,209.6,0.3789,0.738,0.2252,0.28,0.1,0,0.1001,low
566,2023-07-03,Gafsa,34.43,8.78,sandy,Potato,7,2023,37.24,0.0945,0.0889,0.1694,31.6,25.97,3.3,918.2,3.4405,2.199,0.0925,0.18,0.06,1,0.5129,medium
567,2023-08-12,Sfax,34.74,10.76,sandy-loam,Pepper,8,2023,34.53,0.3891,0.3088,0.5755,31.4,50.25,4.95,868.5,2.2862,2.13,0.2077,0.28,0.1,0,0.3543,mild
568,2021-03-25,Sidi Bouzid,35.04,9.48,sandy-loam,Olive,3,2021,15.04,0.117,0.1084,0.2062,13.29,60.42,2.44,386.4,0.604,0.898,0.1857,0.28,0.1,0,0.2981,mild
569,2021-04-15,Nabeul,36.45,10.73,sandy,Wheat,4,2021,22.88,0.629,0.443,0.8148,21.83,74.55,0.92,641.8,0.6662,1.475,0.18,0.18,0.06,0,0.2421,low
570,2023-05-26,Sidi Bouzid,35.04,9.48,sandy-loam,Potato,5,2023,28.16,0.4224,0.3294,0.6128,26.06,59.78,4.95,597.4,1.3566,1.575,0.2093,0.28,0.1,0,0.3316,mild
571,2023-02-23,Nabeul,36.45,10.73,sandy,Olive,2,2023,17.34,0.1114,0.1036,0.1971,13.36,65.0,2.73,280.4,0.5367,0.767,0.097,0.18,0.06,1,0.6585,medium
572,2021-07-19,Nabeul,36.45,10.73,sandy,Barley,7,2021,30.65,0.2123,0.1859,0.3508,30.71,57.47,2.13,710.8,1.8796,1.9,0.1342,0.18,0.06,0,0.0761,low
573,2021-08-06,Gafsa,34.43,8.78,sandy,Wheat,8,2021,37.83,0.1534,0.1391,0.2636,31.06,29.83,2.61,800.0,3.1625,2.031,0.1143,0.18,0.06,0,0.6281,medium
574,2022-05-19,Gafsa,34.43,8.78,sandy,Wheat,5,2022,25.52,0.5599,0.4075,0.7522,25.73,69.66,4.97,544.9,1.0033,1.493,0.1556,0.18,0.06,0,0.0653,low
575,2022-11-23,Nabeul,36.45,10.73,sandy,Tomato,11,2022,17.16,0.2699,0.2286,0.4296,17.43,84.07,5.04,299.4,0.3173,0.896,0.1392,0.18,0.06,0,0.1148,low
576,2021-07-14,Sfax,34.74,10.76,sandy-loam,Barley,7,2021,45.55,0.0987,0.0926,0.1763,36.18,30.82,4.31,764.4,4.1495,2.193,0.1509,0.28,0.1,1,0.7181,medium
577,2022-03-27,Bizerte,37.27,9.87,loam,Barley,3,2022,18.29,0.2172,0.1896,0.3577,16.98,60.52,4.35,475.7,0.764,1.115,0.1918,0.32,0.12,0,0.3015,mild
578,2021-07-02,Sfax,34.74,10.76,sandy-loam,Olive,7,2021,41.8,0.1131,0.1051,0.1999,33.85,37.59,4.84,670.5,3.2928,1.965,0.1355,0.28,0.1,0,0.6979,medium
579,2023-01-15,Gafsa,34.43,8.78,sandy,Citrus,1,2023,16.95,0.2509,0.2148,0.4042,14.68,73.15,5.96,180.5,0.4484,0.641,0.1143,0.18,0.06,0,0.4007,mild
580,2021-01-27,Bizerte,37.27,9.87,loam,Citrus,1,2021,13.78,0.3589,0.2894,0.5405,13.17,79.05,2.42,190.6,0.3173,0.628,0.2384,0.32,0.12,0,0.1919,low
581,2023-05-25,Gabès,33.88,9.79,sandy,Citrus,5,2023,27.61,0.2711,0.2295,0.4311,26.56,63.13,3.71,698.6,1.2811,1.723,0.142,0.18,0.06,0,0.2138,low
582,2023-05-06,Gafsa,34.43,8.78,sandy,Potato,5,2023,31.78,0.1374,0.1258,0.2388,22.74,38.31,1.35,693.0,1.7057,1.568,0.0735,0.18,0.06,0,0.937,extreme
583,2022-02-25,Sfax,34.74,10.76,sandy-loam,Olive,2,2022,16.36,0.1103,0.1027,0.1954,13.68,66.57,5.11,309.7,0.5237,0.814,0.1782,0.28,0.1,0,0.4032,mild
584,2022-03-05,Kairouan,35.67,10.1,clay-loam,Wheat,3,2022,13.09,0.5906,0.4235,0.7805,13.9,80.94,3.43,493.2,0.3028,1.035,0.3409,0.36,0.18,0,0.0142,low
585,2023-04-27,Gafsa,34.43,8.78,sandy,Potato,4,2023,30.45,0.1117,0.1039,0.1977,24.15,45.75,3.54,492.7,1.6338,1.368,0.0806,0.18,0.06,0,0.7067,medium
586,2021-09-25,Kairouan,35.67,10.1,clay-loam,Pepper,9,2021,39.52,0.0564,0.0543,0.1039,29.35,34.83,3.57,661.1,2.6637,1.781,0.1881,0.36,0.18,0,0.9584,extreme
587,2022-06-28,Gafsa,34.43,8.78,sandy,Tomato,6,2022,43.12,0.037,0.0361,0.0691,33.83,25.14,2.5,798.9,3.9438,2.144,0.0625,0.18,0.06,1,0.7522,high
588,2021-02-08,Nabeul,36.45,10.73,sandy,Pepper,2,2021,14.02,0.2145,0.1875,0.3538,12.17,70.68,3.55,357.0,0.4159,0.832,0.1348,0.18,0.06,0,0.3833,mild
589,2021-03-03,Sfax,34.74,10.76,sandy-loam,Wheat,3,2021,23.1,0.3465,0.2813,0.5258,20.71,68.66,1.08,420.4,0.7656,1.16,0.1896,0.28,0.1,0,0.3754,mild
590,2023-03-06,Sfax,34.74,10.76,sandy-loam,Potato,3,2023,20.71,0.5848,0.4205,0.7752,21.19,74.89,3.55,352.8,0.6317,1.076,0.2561,0.28,0.1,0,0.0715,low
591,2021-05-09,Sidi Bouzid,35.04,9.48,sandy-loam,Pepper,5,2021,27.25,0.236,0.2038,0.3839,25.73,59.59,4.27,652.1,1.3367,1.633,0.209,0.28,0.1,0,0.2793,mild
592,2021-11-13,Kairouan,35.67,10.1,clay-loam,Wheat,11,2021,26.57,0.0867,0.0819,0.1562,21.53,54.65,0.87,247.1,1.1654,0.909,0.2138,0.36,0.18,0,0.6654,medium
593,2022-04-13,Bizerte,37.27,9.87,loam,Olive,4,2022,16.1,0.1346,0.1234,0.2344,15.46,67.01,5.58,549.4,0.5794,1.145,0.2115,0.32,0.12,0,0.2518,mild
594,2023-08-26,Béja,36.73,9.18,loam,Wheat,8,2023,31.2,0.1687,0.1516,0.287,27.65,44.47,2.03,663.2,2.0561,1.72,0.2123,0.32,0.12,0,0.4607,mild
595,2023-12-12,Kairouan,35.67,10.1,clay-loam,Tomato,12,2023,13.11,0.1935,0.1713,0.3238,11.58,70.01,5.25,181.8,0.4092,0.582,0.2637,0.36,0.18,0,0.2743,mild
596,2021-01-05,Sidi Bouzid,35.04,9.48,sandy-loam,Pepper,1,2021,18.36,0.0556,0.0535,0.1024,12.62,50.0,3.58,162.6,0.7304,0.57,0.1268,0.28,0.1,0,0.7732,high
597,2022-01-28,Bizerte,37.27,9.87,loam,Tomato,1,2022,16.81,0.08,0.0759,0.1449,10.95,50.0,3.43,215.0,0.6542,0.619,0.1514,0.32,0.12,1,0.9145,extreme
598,2021-06-04,Gabès,33.88,9.79,sandy,Olive,6,2021,32.5,0.3125,0.2584,0.4841,28.44,43.65,3.0,828.5,2.1846,1.956,0.1391,0.18,0.06,0,0.4562,mild
599,2021-12-24,Kairouan,35.67,10.1,clay-loam,Citrus,12,2021,17.74,0.4709,0.3582,0.6644,17.54,88.75,6.11,215.4,0.2256,0.762,0.3303,0.36,0.18,0,0.1155,low
600,2021-03-27,Sidi Bouzid,35.04,9.48,sandy-loam,Olive,3,2021,13.0,0.2506,0.2146,0.4038,13.91,79.56,1.65,355.6,0.3248,0.879,0.2469,0.28,0.1,0,0.0137,low
601,2021-08-13,Bizerte,37.27,9.87,loam,Olive,8,2021,31.76,0.1233,0.1139,0.2165,27.38,38.49,1.63,724.2,2.2424,1.787,0.1756,0.32,0.12,0,0.5293,medium
602,2023-08-06,Sidi Bouzid,35.04,9.48,sandy-loam,Tomato,8,2023,38.79,0.1755,0.1571,0.2972,33.08,39.14,5.71,750.3,3.0749,2.048,0.1358,0.28,0.1,1,0.5622,medium
603,2023-12-23,Gafsa,34.43,8.78,sandy,Olive,12,2023,19.81,0.156,0.1412,0.2677,18.28,70.12,3.34,200.3,0.6276,0.75,0.1205,0.18,0.06,0,0.2828,mild
604,2023-05-11,Nabeul,36.45,10.73,sandy,Tomato,5,2023,21.06,0.3613,0.291,0.5434,19.55,51.73,3.03,613.9,1.0977,1.36,0.1235,0.18,0.06,0,0.3056,mild
605,2021-01-25,Kairouan,35.67,10.1,clay-loam,Citrus,1,2021,16.19,0.3856,0.3066,0.5716,15.64,85.13,5.36,176.6,0.2642,0.653,0.2963,0.36,0.18,0,0.1809,low
606,2022-06-11,Kairouan,35.67,10.1,clay-loam,Olive,6,2022,35.84,0.1426,0.1302,0.247,29.97,37.37,3.17,704.8,2.6521,1.863,0.241,0.36,0.18,0,0.6239,medium
607,2021-08-01,Kairouan,35.67,10.1,clay-loam,Barley,8,2021,32.2,0.2826,0.2377,0.4461,32.19,56.65,1.81,705.4,2.0839,1.951,0.3171,0.36,0.18,0,0.0871,low
608,2023-10-13,Bizerte,37.27,9.87,loam,Citrus,10,2023,21.25,0.2149,0.1879,0.3544,18.86,55.63,3.71,407.3,0.9667,1.087,0.2349,0.32,0.12,0,0.4566,mild
609,2023-07-09,Kairouan,35.67,10.1,clay-loam,Wheat,7,2023,32.22,0.2454,0.2108,0.3967,28.72,51.01,3.16,841.1,1.9314,1.983,0.2931,0.36,0.18,0,0.4492,mild
610,2023-07-20,Kairouan,35.67,10.1,clay-loam,Potato,7,2023,31.42,0.1936,0.1713,0.3238,29.51,43.2,3.73,875.4,2.3438,2.057,0.2668,0.36,0.18,0,0.2829,mild
611,2021-11-13,Bizerte,37.27,9.87,loam,Tomato,11,2021,15.27,0.3131,0.2589,0.4849,15.92,77.79,4.85,238.6,0.4019,0.765,0.2749,0.32,0.12,0,0.0585,low
612,2021-09-17,Sfax,34.74,10.76,sandy-loam,Pepper,9,2021,36.39,0.2706,0.2291,0.4304,32.01,58.16,2.55,610.1,1.9901,1.808,0.2167,0.28,0.1,0,0.4824,mild
613,2023-06-07,Gafsa,34.43,8.78,sandy,Olive,6,2023,31.48,0.1466,0.1335,0.2532,27.05,44.68,4.35,655.4,1.9778,1.687,0.0975,0.18,0.06,1,0.5164,medium
614,2022-04-02,Béja,36.73,9.18,loam,Tomato,4,2022,26.39,0.0864,0.0817,0.1558,21.37,52.23,5.97,562.3,1.215,1.365,0.172,0.32,0.12,0,0.6786,medium
615,2022-06-25,Kairouan,35.67,10.1,clay-loam,Wheat,6,2022,26.79,0.1453,0.1324,0.2511,24.48,56.54,4.0,696.9,1.3349,1.64,0.2594,0.36,0.18,0,0.3674,mild
616,2022-01-03,Gabès,33.88,9.79,sandy,Olive,1,2022,17.67,0.1532,0.1389,0.2633,16.05,66.31,5.36,215.8,0.6145,0.731,0.1285,0.18,0.06,0,0.3148,mild
617,2022-08-09,Kairouan,35.67,10.1,clay-loam,Olive,8,2022,35.8,0.1892,0.1679,0.3175,30.21,33.07,1.67,823.4,2.875,2.024,0.2506,0.36,0.18,0,0.5319,medium
618,2021-02-24,Nabeul,36.45,10.73,sandy,Wheat,2,2021,18.14,0.1142,0.106,0.2017,13.38,65.0,5.89,339.9,0.5373,0.845,0.0891,0.18,0.06,1,0.7096,medium
619,2022-06-02,Sfax,34.74,10.76,sandy-loam,Tomato,6,2022,31.91,0.4001,0.3157,0.588,28.58,54.84,3.64,872.8,1.7656,2.013,0.2082,0.28,0.1,0,0.3928,mild
620,2022-05-08,Gabès,33.88,9.79,sandy,Tomato,5,2022,29.34,0.4629,0.3536,0.6561,28.78,66.13,4.57,649.1,1.3395,1.744,0.1275,0.18,0.06,0,0.1571,low
621,2023-03-01,Sfax,34.74,10.76,sandy-loam,Pepper,3,2023,24.53,0.2491,0.2135,0.4018,21.68,64.48,3.54,473.2,0.9212,1.262,0.2012,0.28,0.1,0,0.4022,mild
622,2022-02-17,Gafsa,34.43,8.78,sandy,Barley,2,2022,15.36,0.2315,0.2005,0.3777,12.85,72.42,3.75,292.1,0.4091,0.77,0.1415,0.18,0.06,0,0.3816,mild
623,2022-03-25,Sfax,34.74,10.76,sandy-loam,Citrus,3,2022,18.55,0.1426,0.1301,0.2469,16.31,71.18,5.61,471.6,0.5345,1.088,0.1718,0.28,0.1,0,0.3615,mild
624,2022-11-20,Sfax,34.74,10.76,sandy-loam,Potato,11,2022,21.18,0.2439,0.2096,0.3946,20.78,78.6,3.44,283.4,0.5251,0.954,0.2185,0.28,0.1,0,0.1922,low
625,2022-10-25,Gabès,33.88,9.79,sandy,Barley,10,2022,32.81,0.0714,0.0681,0.1301,25.08,44.35,3.93,469.4,1.7716,1.365,0.0725,0.18,0.06,0,0.8388,high
626,2021-05-27,Gafsa,34.43,8.78,sandy,Wheat,5,2021,29.44,0.4011,0.3163,0.5891,26.83,53.22,1.36,714.7,1.6512,1.753,0.1256,0.18,0.06,0,0.3232,mild
627,2021-07-17,Gafsa,34.43,8.78,sandy,Wheat,7,2021,38.56,0.0394,0.0384,0.0735,29.62,20.57,4.9,915.1,3.2968,2.108,0.0757,0.18,0.06,1,0.7533,high
628,2023-11-14,Bizerte,37.27,9.87,loam,Barley,11,2023,19.93,0.0153,0.0152,0.0291,14.2,47.65,1.6,238.2,0.8478,0.726,0.127,0.32,0.12,0,0.8563,high
629,2022-11-27,Bizerte,37.27,9.87,loam,Potato,11,2022,21.28,0.3807,0.3035,0.5659,20.72,77.35,5.93,322.7,0.5538,1.017,0.3104,0.32,0.12,0,0.1771,low
630,2021-06-13,Gafsa,34.43,8.78,sandy,Olive,6,2021,30.37,0.3024,0.2516,0.4716,29.64,56.05,2.91,879.2,1.8269,2.067,0.148,0.18,0.06,0,0.1543,low
631,2021-04-15,Béja,36.73,9.18,loam,Olive,4,2021,21.57,0.2504,0.2145,0.4035,21.39,66.6,2.24,576.4,0.8509,1.383,0.3046,0.32,0.12,0,0.1299,low
632,2022-02-05,Béja,36.73,9.18,loam,Pepper,2,2022,17.2,0.276,0.233,0.4375,15.12,74.22,3.53,261.5,0.4431,0.782,0.2385,0.32,0.12,0,0.4109,mild
633,2022-11-20,Nabeul,36.45,10.73,sandy,Potato,11,2022,17.81,0.206,0.1811,0.3418,15.2,61.62,5.23,302.8,0.6631,0.844,0.1328,0.18,0.06,0,0.4471,mild
634,2022-02-15,Béja,36.73,9.18,loam,Potato,2,2022,15.66,0.1806,0.1611,0.3047,14.65,69.86,5.53,295.7,0.5024,0.82,0.2121,0.32,0.12,0,0.291,mild
635,2022-06-01,Sidi Bouzid,35.04,9.48,sandy-loam,Potato,6,2022,35.33,0.0894,0.0843,0.1607,28.95,35.28,0.96,757.4,2.5844,1.89,0.149,0.28,0.1,0,0.6309,medium
636,2023-05-26,Sidi Bouzid,35.04,9.48,sandy-loam,Pepper,5,2023,38.07,0.0255,0.025,0.048,27.84,37.15,1.41,727.3,2.3532,1.809,0.1124,0.28,0.1,0,0.9917,extreme
637,2023-11-03,Sidi Bouzid,35.04,9.48,sandy-loam,Pepper,11,2023,14.11,0.2813,0.2367,0.4444,15.16,75.66,3.95,324.1,0.4193,0.872,0.2173,0.28,0.1,0,0.0117,low
638,2021-02-20,Béja,36.73,9.18,loam,Barley,2,2021,15.39,0.276,0.233,0.4376,15.19,86.69,3.09,299.4,0.2298,0.839,0.2676,0.32,0.12,0,0.2072,low
639,2023-01-13,Sfax,34.74,10.76,sandy-loam,Pepper,1,2023,19.38,0.0649,0.0622,0.1188,11.66,50.0,1.58,189.3,0.6858,0.596,0.1306,0.28,0.1,1,0.9709,extreme
640,2022-03-17,Béja,36.73,9.18,loam,Tomato,3,2022,16.33,0.2699,0.2286,0.4296,14.72,71.57,1.44,424.0,0.4762,0.984,0.2386,0.32,0.12,0,0.3182,mild
641,2021-03-09,Kairouan,35.67,10.1,clay-loam,Barley,3,2021,19.94,0.2882,0.2416,0.4533,18.25,61.92,1.66,469.7,0.7983,1.148,0.2636,0.36,0.18,0,0.3016,mild
642,2023-02-18,Bizerte,37.27,9.87,loam,Pepper,2,2023,12.29,0.3516,0.2847,0.5319,11.64,83.96,5.73,279.3,0.2197,0.723,0.2841,0.32,0.12,0,0.2005,low
643,2023-02-16,Bizerte,37.27,9.87,loam,Wheat,2,2023,15.02,0.0842,0.0797,0.1519,11.9,57.74,3.47,311.8,0.5889,0.771,0.1546,0.32,0.12,1,0.5158,medium
644,2021-09-04,Nabeul,36.45,10.73,sandy,Citrus,9,2021,38.08,0.0566,0.0545,0.1042,30.26,37.31,2.0,656.6,2.6994,1.809,0.0805,0.18,0.06,1,0.7947,high
645,2021-12-27,Nabeul,36.45,10.73,sandy,Pepper,12,2021,17.05,0.2889,0.2421,0.4543,14.77,76.6,2.35,202.0,0.3931,0.68,0.1418,0.18,0.06,0,0.4321,mild
646,2022-08-09,Gabès,33.88,9.79,sandy,Pepper,8,2022,47.14,0.0868,0.082,0.1563,36.12,25.56,4.39,900.5,4.451,2.377,0.083,0.18,0.06,1,0.8225,high
647,2021-07-11,Kairouan,35.67,10.1,clay-loam,Potato,7,2021,34.51,0.1027,0.096,0.1829,29.26,30.1,5.13,895.3,2.8428,2.069,0.23,0.36,0.18,0,0.558,medium
648,2022-11-21,Kairouan,35.67,10.1,clay-loam,Olive,11,2022,25.08,0.0563,0.0542,0.1037,18.11,50.0,0.95,323.5,1.0395,0.949,0.2206,0.36,0.18,1,0.8475,high
649,2023-03-12,Kairouan,35.67,10.1,clay-loam,Wheat,3,2023,22.2,0.3785,0.3021,0.5634,20.33,58.49,5.45,483.2,0.9907,1.232,0.2888,0.36,0.18,0,0.3087,mild
650,2021-07-24,Sidi Bouzid,35.04,9.48,sandy-loam,Wheat,7,2021,38.28,0.2191,0.1911,0.3603,35.33,48.09,2.78,690.3,2.9721,2.051,0.1955,0.28,0.1,0,0.3335,mild
651,2022-08-05,Nabeul,36.45,10.73,sandy,Tomato,8,2022,32.62,0.3568,0.2881,0.5381,28.79,41.42,0.5,654.2,2.3181,1.751,0.1096,0.18,0.06,0,0.46,mild
652,2023-04-15,Béja,36.73,9.18,loam,Olive,4,2023,20.31,0.252,0.2156,0.4056,20.66,74.95,4.34,639.5,0.6102,1.429,0.2967,0.32,0.12,0,0.0716,low
653,2021-09-18,Sidi Bouzid,35.04,9.48,sandy-loam,Olive,9,2021,36.35,0.0362,0.0353,0.0677,26.61,33.24,4.19,531.3,2.3258,1.504,0.1211,0.28,0.1,0,0.9677,extreme
654,2022-05-19,Nabeul,36.45,10.73,sandy,Tomato,5,2022,23.8,0.4722,0.3589,0.6657,24.17,60.07,1.47,766.6,1.2038,1.708,0.1457,0.18,0.06,0,0.099,low
655,2023-03-19,Bizerte,37.27,9.87,loam,Tomato,3,2023,21.78,0.1543,0.1398,0.265,18.3,47.88,0.98,466.6,1.0963,1.146,0.1767,0.32,0.12,0,0.5296,medium
656,2022-10-15,Nabeul,36.45,10.73,sandy,Citrus,10,2022,28.43,0.1292,0.1189,0.2259,24.7,59.71,4.66,482.9,1.254,1.373,0.1111,0.18,0.06,0,0.5575,medium
657,2021-10-11,Kairouan,35.67,10.1,clay-loam,Pepper,10,2021,31.83,0.0411,0.04,0.0765,23.1,38.79,5.52,517.3,1.7299,1.367,0.2161,0.36,0.18,0,0.974,extreme
658,2021-10-27,Nabeul,36.45,10.73,sandy,Wheat,10,2021,31.36,0.1174,0.1088,0.2068,26.35,54.82,5.75,489.7,1.5506,1.436,0.0856,0.18,0.06,0,0.6384,medium
659,2021-12-22,Kairouan,35.67,10.1,clay-loam,Citrus,12,2021,9.75,0.4555,0.3492,0.6483,10.9,84.75,1.28,168.0,0.1988,0.547,0.312,0.36,0.18,0,0.0004,low
660,2023-09-01,Béja,36.73,9.18,loam,Olive,9,2023,33.4,0.01,0.0099,0.0191,25.35,35.06,4.06,594.4,2.1004,1.546,0.123,0.32,0.12,0,0.9398,extreme
661,2023-10-07,Béja,36.73,9.18,loam,Wheat,10,2023,34.02,0.0765,0.0728,0.1389,26.21,43.07,2.37,497.9,1.9376,1.443,0.1608,0.32,0.12,0,0.924,extreme
662,2023-09-11,Sfax,34.74,10.76,sandy-loam,Tomato,9,2023,34.77,0.0736,0.0701,0.1338,28.13,50.72,5.44,523.7,1.8767,1.544,0.1272,0.28,0.1,1,0.7187,medium
663,2023-07-14,Sidi Bouzid,35.04,9.48,sandy-loam,Wheat,7,2023,33.26,0.1375,0.1259,0.2389,27.99,37.69,1.09,822.3,2.3532,1.929,0.1637,0.28,0.1,0,0.5774,medium
664,2023-08-19,Gafsa,34.43,8.78,sandy,Barley,8,2023,33.39,0.2795,0.2354,0.442,32.76,62.44,4.89,687.6,1.864,1.948,0.1528,0.18,0.06,0,0.1838,low
665,2021-09-04,Kairouan,35.67,10.1,clay-loam,Wheat,9,2021,29.22,0.1839,0.1637,0.3096,26.76,46.18,4.51,551.9,1.8925,1.538,0.2618,0.36,0.18,0,0.3251,mild
666,2022-12-02,Kairouan,35.67,10.1,clay-loam,Tomato,12,2022,16.68,0.0437,0.0424,0.0812,10.84,50.0,2.55,171.2,0.6492,0.551,0.2035,0.36,0.18,1,0.8424,high
667,2022-09-22,Béja,36.73,9.18,loam,Citrus,9,2022,29.92,0.2415,0.2079,0.3914,27.57,55.07,3.78,536.1,1.6564,1.544,0.2494,0.32,0.12,0,0.3401,mild
668,2023-10-03,Kairouan,35.67,10.1,clay-loam,Tomato,10,2023,23.38,0.2859,0.24,0.4505,21.03,54.08,4.96,376.4,1.1441,1.107,0.2883,0.36,0.18,0,0.3416,mild
669,2023-10-08,Gabès,33.88,9.79,sandy,Tomato,10,2023,28.11,0.3259,0.2676,0.5008,27.48,75.07,5.04,497.5,0.9144,1.484,0.1403,0.18,0.06,0,0.1686,low
670,2023-07-26,Sidi Bouzid,35.04,9.48,sandy-loam,Barley,7,2023,31.74,0.3162,0.261,0.4888,32.44,49.76,1.51,759.6,2.4486,2.034,0.261,0.28,0.1,0,0.0272,low
671,2022-03-25,Sfax,34.74,10.76,sandy-loam,Citrus,3,2022,18.17,0.2191,0.1911,0.3603,16.05,59.97,4.3,437.3,0.7299,1.04,0.1959,0.28,0.1,0,0.3787,mild
672,2021-09-28,Kairouan,35.67,10.1,clay-loam,Barley,9,2021,28.24,0.2378,0.2052,0.3864,25.36,56.61,5.21,651.1,1.4043,1.618,0.2835,0.36,0.18,0,0.4037,mild
673,2021-08-05,Gafsa,34.43,8.78,sandy,Pepper,8,2021,39.88,0.01,0.0099,0.0191,29.85,20.2,0.79,721.9,3.3565,1.881,0.0586,0.18,0.06,1,0.8257,high
674,2022-04-19,Nabeul,36.45,10.73,sandy,Potato,4,2022,26.6,0.1566,0.1417,0.2687,22.04,56.47,5.65,458.6,1.1534,1.254,0.0825,0.18,0.06,1,0.628,medium
675,2023-11-27,Nabeul,36.45,10.73,sandy,Barley,11,2023,15.66,0.3588,0.2894,0.5405,15.11,79.56,4.22,288.8,0.3509,0.822,0.1783,0.18,0.06,0,0.1821,low
676,2021-06-14,Sidi Bouzid,35.04,9.48,sandy-loam,Wheat,6,2021,28.82,0.3514,0.2845,0.5316,28.75,64.57,1.86,786.8,1.3987,1.919,0.2662,0.28,0.1,0,0.1273,low
677,2022-12-21,Sidi Bouzid,35.04,9.48,sandy-loam,Barley,12,2022,16.6,0.2588,0.2206,0.4147,17.21,78.81,3.62,215.9,0.4161,0.756,0.2144,0.28,0.1,0,0.064,low
678,2023-03-01,Sfax,34.74,10.76,sandy-loam,Pepper,3,2023,22.89,0.2109,0.1848,0.3487,21.42,62.88,4.67,418.1,0.947,1.178,0.2008,0.28,0.1,0,0.2955,mild
679,2021-04-27,Kairouan,35.67,10.1,clay-loam,Wheat,4,2021,20.72,0.6141,0.4355,0.8016,20.22,65.76,4.42,606.8,0.8118,1.376,0.3592,0.36,0.18,0,0.2055,low
680,2023-07-11,Nabeul,36.45,10.73,sandy,Wheat,7,2023,31.18,0.0677,0.0647,0.1236,26.62,29.27,5.37,750.8,2.466,1.788,0.0762,0.18,0.06,1,0.5218,medium
681,2023-09-05,Gabès,33.88,9.79,sandy,Citrus,9,2023,38.89,0.0458,0.0445,0.0851,28.38,27.19,4.71,640.8,2.8144,1.718,0.0657,0.18,0.06,0,0.9397,extreme
682,2023-09-14,Sidi Bouzid,35.04,9.48,sandy-loam,Tomato,9,2023,33.34,0.2466,0.2117,0.3984,30.7,58.43,5.63,604.9,1.8354,1.753,0.188,0.28,0.1,0,0.3781,mild
683,2021-11-06,Kairouan,35.67,10.1,clay-loam,Pepper,11,2021,24.72,0.106,0.0989,0.1883,21.33,62.1,5.84,340.5,0.9616,1.061,0.231,0.36,0.18,1,0.5029,medium
684,2022-09-19,Sidi Bouzid,35.04,9.48,sandy-loam,Wheat,9,2022,34.38,0.0904,0.0852,0.1625,27.98,39.39,2.34,487.0,2.2888,1.485,0.1547,0.28,0.1,0,0.6435,medium
685,2022-01-11,Béja,36.73,9.18,loam,Barley,1,2022,13.21,0.1518,0.1378,0.2612,9.56,65.0,4.75,203.2,0.4173,0.573,0.1902,0.32,0.12,0,0.6783,medium
686,2022-05-26,Bizerte,37.27,9.87,loam,Tomato,5,2022,32.14,0.0303,0.0297,0.0568,25.64,32.09,5.04,661.8,2.2343,1.642,0.1374,0.32,0.12,1,0.7615,high
687,2023-08-23,Gabès,33.88,9.79,sandy,Barley,8,2023,39.3,0.0533,0.0514,0.0983,33.4,43.6,4.76,718.8,2.9017,2.017,0.0897,0.18,0.06,1,0.5466,medium
688,2022-10-17,Kairouan,35.67,10.1,clay-loam,Barley,10,2022,26.64,0.2526,0.2161,0.4065,23.49,68.28,3.42,387.7,0.9177,1.195,0.2906,0.36,0.18,0,0.459,mild
689,2021-03-02,Kairouan,35.67,10.1,clay-loam,Wheat,3,2021,22.74,0.0768,0.073,0.1394,15.97,47.73,4.67,379.6,0.9486,0.967,0.204,0.36,0.18,1,0.8949,high
690,2022-06-09,Gabès,33.88,9.79,sandy,Pepper,6,2022,36.59,0.3356,0.2741,0.5126,32.85,57.08,1.74,897.2,2.141,2.229,0.11,0.18,0.06,0,0.4024,mild
691,2022-12-24,Nabeul,36.45,10.73,sandy,Citrus,12,2022,15.13,0.4346,0.3368,0.626,15.08,88.1,4.78,201.9,0.204,0.687,0.1394,0.18,0.06,0,0.1783,low
692,2023-01-21,Nabeul,36.45,10.73,sandy,Potato,1,2023,10.74,0.136,0.1246,0.2365,9.45,78.08,3.78,188.0,0.2594,0.549,0.1082,0.18,0.06,0,0.3317,mild
693,2023-01-28,Bizerte,37.27,9.87,loam,Wheat,1,2023,15.94,0.2229,0.194,0.3657,14.37,68.85,3.44,210.1,0.5101,0.685,0.2496,0.32,0.12,0,0.3269,mild
694,2022-12-03,Nabeul,36.45,10.73,sandy,Tomato,12,2022,16.29,0.2491,0.2135,0.4017,13.84,74.88,4.4,169.4,0.3975,0.605,0.1237,0.18,0.06,0,0.4374,mild
695,2023-10-17,Nabeul,36.45,10.73,sandy,Barley,10,2023,33.09,0.0701,0.067,0.1279,25.73,48.14,4.75,438.9,1.716,1.34,0.0704,0.18,0.06,0,0.8744,high
696,2021-05-05,Sidi Bouzid,35.04,9.48,sandy-loam,Olive,5,2021,28.95,0.1953,0.1727,0.3263,27.09,57.18,3.59,580.2,1.5349,1.589,0.2262,0.28,0.1,0,0.2843,mild
697,2021-09-07,Kairouan,35.67,10.1,clay-loam,Pepper,9,2021,26.93,0.2205,0.1922,0.3624,25.13,46.27,0.99,528.9,1.7153,1.451,0.2741,0.36,0.18,0,0.2656,mild
698,2022-02-27,Kairouan,35.67,10.1,clay-loam,Pepper,2,2022,14.93,0.1068,0.0996,0.1896,11.49,62.61,0.79,341.0,0.507,0.795,0.2258,0.36,0.18,0,0.5658,medium
699,2023-06-27,Béja,36.73,9.18,loam,Pepper,6,2023,31.05,0.3043,0.2528,0.4739,28.82,58.51,1.73,629.9,1.6444,1.719,0.2168,0.32,0.12,0,0.3407,mild
700,2022-07-14,Gafsa,34.43,8.78,sandy,Potato,7,2022,28.16,0.4096,0.3216,0.5986,28.77,52.16,4.27,709.7,1.891,1.823,0.1769,0.18,0.06,0,0.0285,low
701,2022-10-01,Nabeul,36.45,10.73,sandy,Pepper,10,2022,30.03,0.1241,0.1146,0.2178,25.52,54.96,2.89,415.9,1.4715,1.298,0.0958,0.18,0.06,1,0.6296,medium
702,2023-08-26,Sidi Bouzid,35.04,9.48,sandy-loam,Potato,8,2023,32.05,0.1453,0.1324,0.2511,28.59,42.23,4.88,687.6,2.2601,1.788,0.1597,0.28,0.1,0,0.3946,mild
703,2022-07-01,Bizerte,37.27,9.87,loam,Olive,7,2022,35.94,0.2357,0.2036,0.3835,34.11,43.09,0.75,929.3,3.0458,2.325,0.215,0.32,0.12,0,0.2749,mild
704,2023-02-04,Sidi Bouzid,35.04,9.48,sandy-loam,Citrus,2,2023,19.79,0.2468,0.2118,0.3986,16.6,76.65,3.42,305.1,0.4412,0.883,0.1708,0.28,0.1,0,0.4743,mild
705,2023-03-04,Gabès,33.88,9.79,sandy,Tomato,3,2023,22.96,0.01,0.0099,0.0191,16.22,44.5,3.34,408.3,1.0235,1.01,0.0661,0.18,0.06,0,0.7885,high
706,2021-08-06,Béja,36.73,9.18,loam,Wheat,8,2021,33.97,0.3669,0.2946,0.5499,33.48,49.83,5.5,744.3,2.5921,2.056,0.3137,0.32,0.12,0,0.1544,low
707,2023-02-13,Kairouan,35.67,10.1,clay-loam,Barley,2,2023,20.37,0.2362,0.2039,0.3841,17.98,73.04,2.54,254.1,0.5559,0.838,0.2945,0.36,0.18,0,0.389,mild
708,2023-12-02,Sfax,34.74,10.76,sandy-loam,Wheat,12,2023,18.21,0.1543,0.1398,0.2651,14.56,65.0,5.21,213.3,0.58,0.694,0.1658,0.28,0.1,0,0.5098,medium
709,2022-06-23,Sfax,34.74,10.76,sandy-loam,Potato,6,2022,26.78,0.2874,0.2411,0.4524,27.02,57.1,4.9,754.5,1.5311,1.809,0.2277,0.28,0.1,0,0.0584,low
710,2023-05-26,Gafsa,34.43,8.78,sandy,Olive,5,2023,30.0,0.0377,0.0368,0.0704,22.03,32.65,4.27,576.3,1.7835,1.405,0.0705,0.18,0.06,0,0.8392,high
711,2023-03-14,Sfax,34.74,10.76,sandy-loam,Citrus,3,2023,16.34,0.1923,0.1703,0.3219,14.01,62.62,5.85,465.1,0.598,1.008,0.1924,0.28,0.1,0,0.3856,mild
712,2021-05-13,Gafsa,34.43,8.78,sandy,Citrus,5,2021,27.46,0.1329,0.122,0.2317,24.83,63.39,0.95,746.9,1.148,1.712,0.114,0.18,0.06,0,0.3434,mild
713,2023-08-21,Sfax,34.74,10.76,sandy-loam,Wheat,8,2023,32.22,0.3201,0.2637,0.4936,30.75,58.58,5.75,696.1,1.8348,1.882,0.2379,0.28,0.1,0,0.2385,low
714,2023-01-13,Kairouan,35.67,10.1,clay-loam,Potato,1,2023,22.14,0.0811,0.0769,0.1468,14.74,50.0,2.44,210.2,0.8387,0.693,0.2175,0.36,0.18,1,0.9306,extreme
715,2021-02-11,Sidi Bouzid,35.04,9.48,sandy-loam,Wheat,2,2021,16.26,0.18,0.1606,0.3038,13.96,67.91,5.82,282.5,0.5115,0.784,0.1828,0.28,0.1,0,0.4165,mild
716,2023-06-23,Sidi Bouzid,35.04,9.48,sandy-loam,Wheat,6,2023,33.96,0.1331,0.1222,0.232,29.23,48.37,0.52,789.7,2.0962,1.942,0.1622,0.28,0.1,1,0.5002,medium
717,2022-10-23,Béja,36.73,9.18,loam,Pepper,10,2022,18.78,0.4087,0.321,0.5976,19.27,71.17,4.15,528.5,0.6444,1.252,0.3102,0.32,0.12,0,0.0831,low
718,2021-10-19,Kairouan,35.67,10.1,clay-loam,Barley,10,2021,27.46,0.1814,0.1618,0.306,24.65,64.66,3.06,496.8,1.0962,1.39,0.2631,0.36,0.18,0,0.3856,mild
719,2023-05-19,Nabeul,36.45,10.73,sandy,Tomato,5,2023,29.67,0.3084,0.2556,0.479,26.46,60.48,1.49,673.0,1.3653,1.687,0.1021,0.18,0.06,0,0.4467,mild
720,2023-05-06,Kairouan,35.67,10.1,clay-loam,Pepper,5,2023,21.46,0.1656,0.1491,0.2823,19.67,49.1,5.81,594.4,1.1659,1.342,0.2564,0.36,0.18,0,0.331,mild
721,2021-09-09,Nabeul,36.45,10.73,sandy,Barley,9,2021,26.99,0.2287,0.1984,0.3738,24.64,62.87,1.08,613.3,1.1511,1.544,0.1318,0.18,0.06,0,0.388,mild
722,2023-02-06,Nabeul,36.45,10.73,sandy,Olive,2,2023,15.78,0.181,0.1614,0.3054,15.75,83.29,2.16,287.8,0.299,0.836,0.1332,0.18,0.06,0,0.1067,low
723,2022-02-03,Kairouan,35.67,10.1,clay-loam,Barley,2,2022,17.65,0.2005,0.1767,0.3338,16.47,65.23,4.39,277.0,0.6514,0.838,0.2759,0.36,0.18,0,0.2933,mild
724,2022-02-17,Kairouan,35.67,10.1,clay-loam,Wheat,2,2022,14.06,0.2146,0.1876,0.3539,11.65,64.58,3.32,311.5,0.4853,0.764,0.2589,0.36,0.18,0,0.4337,mild
725,2023-04-03,Gabès,33.88,9.79,sandy,Pepper,4,2023,24.6,0.4,0.3156,0.5879,24.75,76.35,1.55,546.8,0.7384,1.462,0.1704,0.18,0.06,0,0.1188,low
726,2021-11-27,Sfax,34.74,10.76,sandy-loam,Olive,11,2021,19.41,0.1907,0.1691,0.3195,16.73,71.91,0.62,278.2,0.5351,0.846,0.2279,0.28,0.1,0,0.4118,mild
727,2021-01-05,Gabès,33.88,9.79,sandy,Potato,1,2021,17.94,0.2139,0.1871,0.3529,16.55,76.24,2.13,200.7,0.4474,0.715,0.1134,0.18,0.06,0,0.2801,mild
728,2021-05-13,Bizerte,37.27,9.87,loam,Barley,5,2021,20.56,0.2944,0.246,0.4614,18.96,58.34,0.92,710.5,0.913,1.44,0.221,0.32,0.12,0,0.3548,mild
729,2022-02-16,Gabès,33.88,9.79,sandy,Potato,2,2022,18.43,0.0993,0.0931,0.1773,14.95,65.0,5.06,338.0,0.5948,0.885,0.0783,0.18,0.06,1,0.5343,medium
730,2022-01-12,Nabeul,36.45,10.73,sandy,Pepper,1,2022,12.95,0.3116,0.2578,0.483,12.71,89.7,5.3,250.7,0.1513,0.71,0.1513,0.18,0.06,0,0.1886,low
731,2022-01-15,Sfax,34.74,10.76,sandy-loam,Potato,1,2022,16.55,0.1055,0.0985,0.1876,12.66,60.89,2.32,238.1,0.573,0.691,0.1492,0.28,0.1,0,0.5786,medium
732,2023-12-11,Sidi Bouzid,35.04,9.48,sandy-loam,Citrus,12,2023,15.7,0.5462,0.4002,0.7392,14.88,86.47,4.0,189.4,0.2289,0.661,0.2575,0.28,0.1,0,0.2035,low
733,2023-10-19,Sidi Bouzid,35.04,9.48,sandy-loam,Potato,10,2023,24.01,0.5327,0.3929,0.7262,22.84,78.83,3.73,498.1,0.5888,1.333,0.2413,0.28,0.1,0,0.2266,low
734,2022-02-23,Sidi Bouzid,35.04,9.48,sandy-loam,Wheat,2,2022,19.62,0.2649,0.225,0.4229,17.54,66.52,2.67,311.5,0.6714,0.917,0.2125,0.28,0.1,0,0.3666,mild
735,2022-06-07,Gafsa,34.43,8.78,sandy,Potato,6,2022,33.94,0.2998,0.2497,0.4681,32.9,60.68,3.85,674.2,1.9672,1.935,0.1431,0.18,0.06,0,0.1803,low
736,2023-10-10,Sfax,34.74,10.76,sandy-loam,Citrus,10,2023,21.3,0.3213,0.2645,0.4951,20.95,77.02,4.73,440.2,0.5696,1.195,0.2674,0.28,0.1,0,0.1361,low
737,2022-02-27,Sfax,34.74,10.76,sandy-loam,Barley,2,2022,15.03,0.0754,0.0718,0.137,11.66,65.0,1.98,282.4,0.4799,0.727,0.1402,0.28,0.1,1,0.5361,medium
738,2023-09-21,Gafsa,34.43,8.78,sandy,Wheat,9,2023,30.69,0.322,0.2649,0.496,31.6,64.81,3.35,526.3,1.6361,1.665,0.1517,0.18,0.06,0,0.0237,low
739,2023-05-09,Nabeul,36.45,10.73,sandy,Barley,5,2023,32.08,0.01,0.0099,0.0191,24.42,43.08,0.77,704.8,1.7416,1.647,0.0657,0.18,0.06,1,0.9183,extreme
740,2022-01-04,Sfax,34.74,10.76,sandy-loam,Barley,1,2022,18.37,0.214,0.1872,0.3531,17.49,82.96,0.89,242.9,0.3406,0.808,0.2173,0.28,0.1,0,0.2039,low
741,2022-03-11,Kairouan,35.67,10.1,clay-loam,Tomato,3,2022,22.78,0.1866,0.1659,0.3136,18.12,56.32,0.92,406.1,0.9081,1.064,0.2444,0.36,0.18,0,0.6586,medium
742,2022-09-25,Béja,36.73,9.18,loam,Olive,9,2022,26.11,0.4145,0.3246,0.604,25.43,63.46,3.65,655.6,1.1875,1.627,0.3039,0.32,0.12,0,0.1851,low
743,2023-10-07,Béja,36.73,9.18,loam,Potato,10,2023,23.51,0.4822,0.3647,0.676,23.03,70.11,2.26,482.4,0.8414,1.318,0.2593,0.32,0.12,0,0.1821,low
744,2021-10-16,Nabeul,36.45,10.73,sandy,Barley,10,2021,29.54,0.1128,0.1049,0.1995,25.52,57.52,4.91,370.5,1.3882,1.225,0.0984,0.18,0.06,1,0.5279,medium
745,2022-07-23,Gabès,33.88,9.79,sandy,Potato,7,2022,38.97,0.144,0.1313,0.2491,33.17,40.66,2.56,795.8,3.0131,2.113,0.1035,0.18,0.06,0,0.5444,medium
746,2023-11-28,Kairouan,35.67,10.1,clay-loam,Pepper,11,2023,22.28,0.2137,0.187,0.3527,19.0,72.75,4.25,315.8,0.5989,0.961,0.2613,0.36,0.18,0,0.4781,mild
747,2023-04-03,Nabeul,36.45,10.73,sandy,Citrus,4,2023,13.87,0.2653,0.2253,0.4235,14.7,68.44,2.83,521.7,0.5278,1.091,0.1428,0.18,0.06,0,0.0049,low
748,2022-05-22,Sidi Bouzid,35.04,9.48,sandy-loam,Pepper,5,2022,22.88,0.3048,0.2532,0.4745,22.54,73.3,3.04,544.4,0.7295,1.383,0.2341,0.28,0.1,0,0.1807,low
749,2022-06-14,Gafsa,34.43,8.78,sandy,Tomato,6,2022,25.55,0.5226,0.3874,0.7164,26.05,58.66,1.11,755.5,1.3936,1.771,0.1388,0.18,0.06,0,0.078,low
750,2023-03-24,Sidi Bouzid,35.04,9.48,sandy-loam,Wheat,3,2023,13.96,0.5124,0.3818,0.7064,13.14,74.29,5.71,439.4,0.3887,0.953,0.2467,0.28,0.1,0,0.2253,low
751,2022-03-05,Sidi Bouzid,35.04,9.48,sandy-loam,Citrus,3,2022,25.11,0.0403,0.0392,0.075,18.19,50.0,0.89,443.8,1.0446,1.114,0.1266,0.28,0.1,0,0.8832,high
752,2021-05-07,Gabès,33.88,9.79,sandy,Tomato,5,2021,30.99,0.284,0.2386,0.4479,29.15,61.58,4.89,591.7,1.5522,1.678,0.1066,0.18,0.06,0,0.2534,mild
753,2023-03-14,Sidi Bouzid,35.04,9.48,sandy-loam,Wheat,3,2023,22.8,0.0328,0.0321,0.0615,16.14,43.4,3.63,399.1,1.0382,0.996,0.1199,0.28,0.1,0,0.861,high
754,2021-08-07,Sfax,34.74,10.76,sandy-loam,Olive,8,2021,32.51,0.3797,0.3028,0.5648,33.52,57.18,1.96,671.1,2.218,1.954,0.2416,0.28,0.1,0,0.0266,low
755,2022-03-15,Kairouan,35.67,10.1,clay-loam,Pepper,3,2022,17.71,0.3915,0.3103,0.5783,17.43,76.72,1.58,391.3,0.4636,1.024,0.3473,0.36,0.18,0,0.1329,low
756,2022-12-08,Gafsa,34.43,8.78,sandy,Tomato,12,2022,19.6,0.2445,0.2101,0.3955,17.36,80.0,4.76,165.0,0.3966,0.664,0.1264,0.18,0.06,0,0.3897,mild
757,2023-11-23,Gabès,33.88,9.79,sandy,Citrus,11,2023,17.46,0.487,0.3674,0.6809,16.72,82.79,3.76,256.3,0.3276,0.812,0.1654,0.18,0.06,0,0.168,low
758,2023-03-02,Gabès,33.88,9.79,sandy,Barley,3,2023,20.05,0.1723,0.1545,0.2924,15.69,53.95,4.68,407.4,0.8206,0.993,0.0929,0.18,0.06,1,0.5792,medium
759,2023-03-24,Béja,36.73,9.18,loam,Wheat,3,2023,14.64,0.3769,0.301,0.5615,12.31,63.47,0.85,461.4,0.523,0.95,0.2438,0.32,0.12,0,0.431,mild
760,2023-02-19,Kairouan,35.67,10.1,clay-loam,Barley,2,2023,17.52,0.0102,0.0101,0.0194,11.25,49.91,4.41,276.9,0.6685,0.71,0.1807,0.36,0.18,1,0.8436,high
761,2021-08-10,Sfax,34.74,10.76,sandy-loam,Tomato,8,2021,33.49,0.4278,0.3327,0.6186,30.67,50.84,0.99,807.3,2.1669,2.024,0.1917,0.28,0.1,0,0.3546,mild
762,2023-05-13,Kairouan,35.67,10.1,clay-loam,Citrus,5,2023,27.94,0.2821,0.2373,0.4455,26.8,65.56,4.72,711.1,1.2138,1.748,0.3012,0.36,0.18,0,0.2047,low
763,2022-05-14,Gabès,33.88,9.79,sandy,Pepper,5,2022,31.43,0.01,0.0099,0.0191,23.89,28.69,2.54,773.6,2.1135,1.704,0.0613,0.18,0.06,1,0.8007,high
764,2023-02-24,Béja,36.73,9.18,loam,Barley,2,2023,14.55,0.0926,0.0871,0.1661,10.78,64.45,4.74,331.7,0.4597,0.765,0.1826,0.32,0.12,0,0.608,medium
765,2022-05-27,Gabès,33.88,9.79,sandy,Pepper,5,2022,26.88,0.1614,0.1457,0.2759,21.92,53.03,2.2,739.0,1.2354,1.587,0.1138,0.18,0.06,0,0.6288,medium
766,2023-01-15,Sfax,34.74,10.76,sandy-loam,Tomato,1,2023,14.24,0.3936,0.3116,0.5807,13.79,89.11,4.16,248.8,0.1717,0.732,0.2579,0.28,0.1,0,0.1991,low
767,2022-09-28,Sidi Bouzid,35.04,9.48,sandy-loam,Olive,9,2022,31.56,0.1568,0.1418,0.2688,26.71,46.98,3.88,651.0,1.8589,1.669,0.1678,0.28,0.1,0,0.5393,medium
768,2023-04-15,Nabeul,36.45,10.73,sandy,Potato,4,2023,22.28,0.2345,0.2027,0.3819,19.96,69.9,1.34,464.0,0.7024,1.195,0.1121,0.18,0.06,0,0.3867,mild
769,2023-08-10,Bizerte,37.27,9.87,loam,Citrus,8,2023,32.32,0.0671,0.0642,0.1226,27.19,43.08,1.57,660.0,2.0521,1.698,0.1557,0.32,0.12,1,0.652,medium
770,2022-01-12,Béja,36.73,9.18,loam,Olive,1,2022,11.07,0.206,0.1811,0.3418,8.81,76.61,1.56,220.7,0.2652,0.581,0.2508,0.32,0.12,0,0.4586,mild
771,2023-09-16,Kairouan,35.67,10.1,clay-loam,Pepper,9,2023,35.65,0.1381,0.1264,0.24,30.07,38.87,0.55,667.8,2.6049,1.818,0.2405,0.36,0.18,1,0.5935,medium
772,2022-10-24,Sidi Bouzid,35.04,9.48,sandy-loam,Olive,10,2022,24.25,0.1482,0.1348,0.2557,23.18,71.12,2.99,396.7,0.8202,1.199,0.1988,0.28,0.1,0,0.2202,low
773,2022-02-11,Sidi Bouzid,35.04,9.48,sandy-loam,Wheat,2,2022,15.97,0.1044,0.0975,0.1857,11.94,60.11,2.38,310.4,0.5572,0.77,0.1622,0.28,0.1,0,0.6039,medium
774,2022-11-18,Nabeul,36.45,10.73,sandy,Potato,11,2022,17.19,0.1671,0.1503,0.2846,13.78,55.31,1.17,304.9,0.7042,0.81,0.0979,0.18,0.06,1,0.5661,medium
775,2023-12-12,Sidi Bouzid,35.04,9.48,sandy-loam,Wheat,12,2023,10.77,0.3289,0.2696,0.5045,11.85,84.73,2.79,190.7,0.2121,0.602,0.2551,0.28,0.1,0,0.0266,low
776,2023-08-15,Nabeul,36.45,10.73,sandy,Pepper,8,2023,37.19,0.1466,0.1335,0.2532,31.26,40.47,2.14,819.9,2.714,2.064,0.0921,0.18,0.06,0,0.6053,medium
777,2022-03-01,Kairouan,35.67,10.1,clay-loam,Olive,3,2022,20.96,0.0729,0.0695,0.1327,16.99,60.19,1.27,393.4,0.7708,1.014,0.2248,0.36,0.18,0,0.5672,medium
778,2021-12-17,Sidi Bouzid,35.04,9.48,sandy-loam,Pepper,12,2021,15.77,0.3641,0.2928,0.5466,15.95,86.28,1.71,149.0,0.2486,0.605,0.2587,0.28,0.1,0,0.1019,low
779,2022-11-02,Kairouan,35.67,10.1,clay-loam,Tomato,11,2022,20.09,0.4198,0.3278,0.6098,20.28,81.72,5.57,279.5,0.4349,0.935,0.3595,0.36,0.18,0,0.089,low
780,2021-04-28,Béja,36.73,9.18,loam,Barley,4,2021,18.2,0.2755,0.2326,0.4368,15.7,61.85,5.58,550.2,0.6802,1.154,0.2062,0.32,0.12,0,0.4192,mild
781,2021-07-15,Gabès,33.88,9.79,sandy,Olive,7,2021,31.97,0.3309,0.2709,0.5069,31.32,54.93,5.61,950.3,2.0619,2.225,0.1409,0.18,0.06,0,0.1651,low
782,2022-09-16,Gabès,33.88,9.79,sandy,Wheat,9,2022,35.3,0.1869,0.1661,0.314,32.32,52.8,5.44,719.4,2.2852,1.975,0.1101,0.18,0.06,0,0.3456,mild
783,2023-03-15,Gabès,33.88,9.79,sandy,Pepper,3,2023,24.35,0.0583,0.0561,0.1072,17.18,42.97,3.04,380.8,1.1178,1.003,0.0685,0.18,0.06,0,0.8618,high
784,2021-09-13,Gafsa,34.43,8.78,sandy,Barley,9,2021,33.87,0.2426,0.2087,0.3929,30.44,49.67,4.88,570.9,2.1896,1.694,0.1347,0.18,0.06,0,0.373,mild
785,2022-05-21,Sidi Bouzid,35.04,9.48,sandy-loam,Barley,5,2022,21.91,0.3536,0.286,0.5343,21.53,71.6,3.07,600.8,0.7297,1.417,0.2088,0.28,0.1,0,0.1357,low
786,2023-04-26,Sfax,34.74,10.76,sandy-loam,Pepper,4,2023,29.04,0.0945,0.0888,0.1693,22.92,55.95,1.1,514.7,1.2317,1.357,0.1445,0.28,0.1,1,0.7234,medium
787,2022-07-01,Sidi Bouzid,35.04,9.48,sandy-loam,Citrus,7,2022,34.29,0.2981,0.2485,0.466,35.36,47.4,5.15,753.9,3.0167,2.145,0.2485,0.28,0.1,0,0.0074,low
788,2023-04-28,Nabeul,36.45,10.73,sandy,Pepper,4,2023,22.98,0.2803,0.236,0.4431,20.63,63.05,2.34,571.8,0.8981,1.35,0.1406,0.18,0.06,0,0.4221,mild
789,2023-11-12,Kairouan,35.67,10.1,clay-loam,Wheat,11,2023,19.4,0.2675,0.2269,0.4263,17.54,62.74,1.25,311.8,0.747,0.917,0.2962,0.36,0.18,0,0.307,mild
790,2022-09-25,Béja,36.73,9.18,loam,Wheat,9,2022,32.19,0.3246,0.2667,0.4992,31.62,63.15,4.11,534.6,1.7152,1.679,0.2773,0.32,0.12,0,0.1835,low
791,2023-08-09,Gafsa,34.43,8.78,sandy,Barley,8,2023,36.68,0.1974,0.1743,0.3293,31.89,43.39,5.41,818.7,2.6751,2.089,0.1319,0.18,0.06,0,0.4732,mild
792,2022-10-01,Bizerte,37.27,9.87,loam,Wheat,10,2022,26.9,0.036,0.0352,0.0674,20.74,46.4,3.96,500.0,1.3121,1.266,0.1238,0.32,0.12,1,0.8348,high
793,2022-03-10,Nabeul,36.45,10.73,sandy,Wheat,3,2022,19.22,0.3837,0.3054,0.5694,16.85,70.66,1.58,479.5,0.5632,1.115,0.1326,0.18,0.06,0,0.4257,mild
794,2023-05-18,Kairouan,35.67,10.1,clay-loam,Citrus,5,2023,25.27,0.1822,0.1624,0.3071,23.63,55.83,2.32,715.8,1.289,1.629,0.2569,0.36,0.18,0,0.2927,mild
795,2023-01-17,Kairouan,35.67,10.1,clay-loam,Tomato,1,2023,11.67,0.1824,0.1625,0.3074,9.24,73.66,0.98,201.6,0.3073,0.564,0.2651,0.36,0.18,0,0.4363,mild
796,2021-10-15,Sfax,34.74,10.76,sandy-loam,Citrus,10,2021,27.17,0.103,0.0963,0.1834,23.08,56.81,3.59,414.4,1.2195,1.223,0.1459,0.28,0.1,1,0.5012,medium
797,2022-09-03,Nabeul,36.45,10.73,sandy,Olive,9,2022,30.09,0.324,0.2663,0.4985,30.27,61.07,2.87,689.7,1.6778,1.855,0.1457,0.18,0.06,0,0.0671,low
798,2022-02-12,Kairouan,35.67,10.1,clay-loam,Pepper,2,2022,17.52,0.205,0.1802,0.3403,15.16,78.44,1.98,260.4,0.3715,0.782,0.2701,0.36,0.18,0,0.4368,mild
799,2023-06-02,Gabès,33.88,9.79,sandy,Tomato,6,2023,39.49,0.0165,0.0163,0.0313,30.59,36.04,0.43,654.4,2.8065,1.819,0.0566,0.18,0.06,1,0.8296,high
800,2023-05-24,Sidi Bouzid,35.04,9.48,sandy-loam,Barley,5,2023,29.13,0.3156,0.2606,0.4881,26.12,63.53,4.83,683.9,1.2349,1.688,0.1943,0.28,0.1,0,0.3886,mild
801,2021-03-05,Bizerte,37.27,9.87,loam,Wheat,3,2021,18.67,0.1391,0.1272,0.2415,14.36,58.81,4.58,497.6,0.6741,1.054,0.1622,0.32,0.12,1,0.7077,medium
802,2022-02-26,Gafsa,34.43,8.78,sandy,Citrus,2,2022,17.09,0.5175,0.3845,0.7114,17.18,76.16,3.42,293.1,0.4673,0.88,0.1745,0.18,0.06,0,0.1173,low
803,2022-02-09,Nabeul,36.45,10.73,sandy,Pepper,2,2022,15.17,0.4179,0.3267,0.6078,14.64,79.91,0.77,335.8,0.3347,0.873,0.1703,0.18,0.06,0,0.2039,low
804,2023-11-27,Gabès,33.88,9.79,sandy,Wheat,11,2023,21.29,0.1485,0.135,0.2561,18.27,63.03,4.76,292.1,0.776,0.906,0.1012,0.18,0.06,1,0.4379,mild
805,2022-03-21,Gafsa,34.43,8.78,sandy,Tomato,3,2022,18.3,0.2114,0.1852,0.3495,15.67,60.93,2.88,430.5,0.6957,1.021,0.1091,0.18,0.06,0,0.3704,mild
806,2022-08-07,Gabès,33.88,9.79,sandy,Pepper,8,2022,42.34,0.1859,0.1653,0.3126,35.28,28.43,2.78,722.9,4.0866,2.097,0.0858,0.18,0.06,0,0.5911,medium
807,2023-04-03,Sfax,34.74,10.76,sandy-loam,Potato,4,2023,23.37,0.1523,0.1382,0.2619,18.49,59.69,2.61,568.3,0.8579,1.271,0.1472,0.28,0.1,0,0.6819,medium
808,2022-11-13,Sidi Bouzid,35.04,9.48,sandy-loam,Citrus,11,2022,16.76,0.272,0.2301,0.4323,15.37,65.07,2.13,255.0,0.6101,0.778,0.1826,0.28,0.1,0,0.2706,mild
809,2022-05-02,Gafsa,34.43,8.78,sandy,Barley,5,2022,32.04,0.1491,0.1356,0.2571,27.78,54.03,4.2,570.1,1.715,1.599,0.0829,0.18,0.06,0,0.4948,medium
810,2023-10-14,Gabès,33.88,9.79,sandy,Wheat,10,2023,33.82,0.153,0.1388,0.2631,27.51,47.71,2.81,522.8,1.9214,1.522,0.1153,0.18,0.06,0,0.6549,medium
811,2022-12-08,Béja,36.73,9.18,loam,Citrus,12,2022,13.3,0.5814,0.4188,0.7722,14.08,92.0,1.24,199.1,0.1286,0.661,0.3159,0.32,0.12,0,0.0145,low
812,2023-10-17,Sfax,34.74,10.76,sandy-loam,Olive,10,2023,33.57,0.0407,0.0396,0.0758,27.7,50.67,1.62,480.0,1.8329,1.465,0.1288,0.28,0.1,1,0.6275,medium
813,2021-07-01,Nabeul,36.45,10.73,sandy,Potato,7,2021,30.21,0.3627,0.2919,0.545,31.15,46.88,2.56,966.9,2.4067,2.237,0.1746,0.18,0.06,0,0.0232,low
814,2023-12-19,Sidi Bouzid,35.04,9.48,sandy-loam,Barley,12,2023,20.11,0.0326,0.0318,0.061,12.99,48.88,1.31,215.1,0.765,0.664,0.1104,0.28,0.1,1,0.902,extreme
815,2021-10-14,Gabès,33.88,9.79,sandy,Tomato,10,2021,26.43,0.1392,0.1273,0.2417,22.53,46.38,6.13,499.9,1.4644,1.325,0.1009,0.18,0.06,1,0.51,medium
816,2022-03-18,Kairouan,35.67,10.1,clay-loam,Wheat,3,2022,17.69,0.3064,0.2543,0.4765,15.97,67.53,1.02,456.1,0.5891,1.06,0.2636,0.36,0.18,0,0.3363,mild
817,2021-02-16,Sfax,34.74,10.76,sandy-loam,Wheat,2,2021,16.82,0.1469,0.1338,0.2537,12.76,54.36,3.35,335.1,0.673,0.822,0.1588,0.28,0.1,1,0.6045,medium
818,2022-01-26,Kairouan,35.67,10.1,clay-loam,Wheat,1,2022,11.69,0.3578,0.2887,0.5392,12.31,82.63,4.88,252.6,0.2487,0.703,0.3442,0.36,0.18,0,0.02,low
819,2022-03-06,Sfax,34.74,10.76,sandy-loam,Citrus,3,2022,14.63,0.3463,0.2812,0.5255,14.36,79.21,0.51,386.7,0.3402,0.929,0.2624,0.28,0.1,0,0.1741,low
820,2023-07-21,Sfax,34.74,10.76,sandy-loam,Olive,7,2023,34.68,0.1768,0.158,0.2991,30.7,40.35,5.56,692.5,2.6343,1.875,0.1744,0.28,0.1,0,0.4508,mild
821,2023-06-18,Nabeul,36.45,10.73,sandy,Wheat,6,2023,38.95,0.0215,0.0212,0.0406,30.21,29.97,4.95,757.7,3.0073,1.942,0.0812,0.18,0.06,0,0.8235,high
822,2022-05-15,Nabeul,36.45,10.73,sandy,Tomato,5,2022,21.07,0.3426,0.2788,0.5212,19.51,51.77,2.99,806.5,1.0938,1.557,0.105,0.18,0.06,0,0.2669,mild
823,2023-07-20,Gafsa,34.43,8.78,sandy,Olive,7,2023,41.73,0.1761,0.1575,0.2981,34.27,28.98,5.06,708.3,3.834,2.036,0.1062,0.18,0.06,0,0.6039,medium
824,2022-12-24,Gafsa,34.43,8.78,sandy,Olive,12,2022,19.83,0.1021,0.0956,0.182,17.12,73.53,5.19,186.5,0.5167,0.701,0.1104,0.18,0.06,0,0.4228,mild
825,2021-10-03,Nabeul,36.45,10.73,sandy,Citrus,10,2021,23.08,0.1513,0.1373,0.2604,20.82,64.39,0.55,507.5,0.876,1.278,0.1067,0.18,0.06,0,0.3911,mild
826,2023-07-01,Sidi Bouzid,35.04,9.48,sandy-loam,Wheat,7,2023,39.17,0.2539,0.217,0.4082,34.33,36.18,3.66,663.6,3.4578,1.973,0.2196,0.28,0.1,0,0.4668,mild
827,2021-04-15,Bizerte,37.27,9.87,loam,Potato,4,2021,23.15,0.278,0.2344,0.4402,21.18,66.02,0.76,581.7,0.8543,1.381,0.1903,0.32,0.12,0,0.4132,mild
828,2021-07-14,Gabès,33.88,9.79,sandy,Tomato,7,2021,43.27,0.0508,0.0491,0.0939,32.64,18.58,3.71,764.5,4.0139,2.049,0.0664,0.18,0.06,1,0.8164,high
829,2023-11-08,Kairouan,35.67,10.1,clay-loam,Olive,11,2023,17.31,0.2734,0.2311,0.4342,18.35,83.55,1.84,331.5,0.3472,0.967,0.3527,0.36,0.18,0,0.005,low
830,2021-08-01,Gafsa,34.43,8.78,sandy,Tomato,8,2021,31.17,0.6339,0.4454,0.8191,31.11,59.28,1.16,836.6,1.8406,2.079,0.1763,0.18,0.06,0,0.0807,low
831,2021-10-06,Kairouan,35.67,10.1,clay-loam,Barley,10,2021,21.98,0.2282,0.1979,0.373,19.98,59.09,0.42,465.3,0.9555,1.197,0.278,0.36,0.18,0,0.3506,mild
832,2022-09-23,Sidi Bouzid,35.04,9.48,sandy-loam,Tomato,9,2022,28.95,0.2056,0.1807,0.3412,25.66,48.82,2.81,685.2,1.6862,1.672,0.181,0.28,0.1,0,0.4348,mild
833,2021-02-20,Béja,36.73,9.18,loam,Wheat,2,2021,13.39,0.1406,0.1285,0.2439,11.12,71.14,3.37,305.6,0.3818,0.743,0.1957,0.32,0.12,0,0.4255,mild
834,2022-11-06,Kairouan,35.67,10.1,clay-loam,Barley,11,2022,17.94,0.3798,0.3029,0.5649,17.03,74.87,2.62,329.3,0.4878,0.929,0.36,0.36,0.18,0,0.2293,low
835,2022-10-10,Bizerte,37.27,9.87,loam,Citrus,10,2022,20.91,0.3241,0.2663,0.4985,21.31,74.96,1.16,397.5,0.6348,1.146,0.3101,0.32,0.12,0,0.1077,low
836,2021-07-18,Gabès,33.88,9.79,sandy,Potato,7,2021,40.87,0.1815,0.1618,0.306,36.31,36.96,2.42,922.5,3.8104,2.415,0.1183,0.18,0.06,0,0.4236,mild
837,2023-04-18,Sidi Bouzid,35.04,9.48,sandy-loam,Citrus,4,2023,17.44,0.1691,0.1519,0.2875,15.83,61.58,2.05,508.7,0.6909,1.114,0.1733,0.28,0.1,0,0.3327,mild
838,2021-01-12,Sfax,34.74,10.76,sandy-loam,Citrus,1,2021,17.25,0.5518,0.4032,0.7445,17.26,88.8,1.33,244.4,0.2205,0.805,0.26,0.28,0.1,0,0.1531,low
839,2023-12-24,Nabeul,36.45,10.73,sandy,Wheat,12,2023,15.67,0.382,0.3043,0.5674,16.25,89.33,5.78,173.0,0.1971,0.658,0.1632,0.18,0.06,0,0.0241,low
840,2023-12-16,Kairouan,35.67,10.1,clay-loam,Wheat,12,2023,16.17,0.1618,0.146,0.2766,11.42,65.0,4.72,171.5,0.4725,0.562,0.251,0.36,0.18,0,0.7175,medium
841,2023-08-27,Sfax,34.74,10.76,sandy-loam,Potato,8,2023,36.92,0.1018,0.0953,0.1814,31.41,43.01,0.36,675.7,2.6206,1.88,0.1605,0.28,0.1,1,0.5542,medium
842,2021-02-14,Sidi Bouzid,35.04,9.48,sandy-loam,Barley,2,2021,15.67,0.1994,0.1759,0.3322,14.21,72.16,3.46,296.3,0.4511,0.81,0.1985,0.28,0.1,0,0.2752,mild
843,2021-02-01,Bizerte,37.27,9.87,loam,Pepper,2,2021,19.71,0.082,0.0777,0.1481,15.16,62.42,4.31,289.9,0.6477,0.825,0.1561,0.32,0.12,0,0.7081,medium
844,2022-10-22,Kairouan,35.67,10.1,clay-loam,Barley,10,2022,24.78,0.3006,0.2503,0.4692,24.58,69.74,2.01,383.5,0.9349,1.219,0.3288,0.36,0.18,0,0.1609,low
845,2021-07-10,Gabès,33.88,9.79,sandy,Citrus,7,2021,36.46,0.2278,0.1976,0.3725,31.62,40.39,5.46,790.5,2.7741,2.042,0.137,0.18,0.06,0,0.4822,mild
846,2021-02-08,Bizerte,37.27,9.87,loam,Pepper,2,2021,12.74,0.0693,0.0662,0.1265,9.41,54.0,4.61,350.6,0.5429,0.749,0.1551,0.32,0.12,1,0.5705,medium
847,2022-06-08,Sidi Bouzid,35.04,9.48,sandy-loam,Pepper,6,2022,34.12,0.2625,0.2233,0.4198,28.5,45.56,2.45,828.8,2.119,1.959,0.1724,0.28,0.1,0,0.6149,medium
848,2021-03-18,Gafsa,34.43,8.78,sandy,Wheat,3,2021,21.42,0.4652,0.3549,0.6584,21.12,74.96,2.11,364.8,0.6273,1.092,0.1387,0.18,0.06,0,0.1352,low
849,2023-07-25,Sfax,34.74,10.76,sandy-loam,Tomato,7,2023,34.18,0.5604,0.4078,0.7527,35.03,53.37,2.18,796.5,2.6262,2.191,0.2337,0.28,0.1,0,0.0076,low
850,2022-04-04,Sidi Bouzid,35.04,9.48,sandy-loam,Wheat,4,2022,18.19,0.6014,0.4291,0.7903,18.98,74.73,3.55,595.6,0.5546,1.319,0.2624,0.28,0.1,0,0.0135,low
851,2023-03-18,Kairouan,35.67,10.1,clay-loam,Barley,3,2023,22.53,0.2548,0.2177,0.4094,19.56,71.51,2.93,368.0,0.6483,1.053,0.2622,0.36,0.18,0,0.4678,mild
852,2022-04-17,Béja,36.73,9.18,loam,Olive,4,2022,21.9,0.1529,0.1386,0.2629,20.47,64.22,3.79,562.5,0.8614,1.334,0.2256,0.32,0.12,0,0.3215,mild
853,2021-10-25,Nabeul,36.45,10.73,sandy,Citrus,10,2021,22.62,0.2189,0.1909,0.3601,22.86,74.31,4.81,439.2,0.7155,1.252,0.1308,0.18,0.06,0,0.0981,low
854,2023-02-19,Sfax,34.74,10.76,sandy-loam,Barley,2,2023,20.3,0.1418,0.1295,0.2458,17.5,66.32,4.68,346.8,0.6734,0.966,0.1663,0.28,0.1,0,0.4615,mild
855,2021-07-20,Béja,36.73,9.18,loam,Barley,7,2021,40.01,0.1302,0.1197,0.2275,33.85,33.9,1.54,703.0,3.4873,2.012,0.1826,0.32,0.12,1,0.585,medium
856,2023-12-14,Kairouan,35.67,10.1,clay-loam,Olive,12,2023,15.58,0.2078,0.1824,0.3443,15.78,77.97,6.18,172.7,0.3949,0.648,0.3195,0.36,0.18,0,0.1105,low
857,2021-06-22,Bizerte,37.27,9.87,loam,Wheat,6,2021,33.05,0.1792,0.16,0.3027,29.92,54.1,1.43,861.9,1.939,2.059,0.1949,0.32,0.12,0,0.4676,mild
858,2022-07-25,Nabeul,36.45,10.73,sandy,Potato,7,2022,30.43,0.2383,0.2055,0.3871,28.51,42.9,2.54,912.7,2.2231,2.056,0.1305,0.18,0.06,0,0.2782,mild
859,2023-01-10,Sfax,34.74,10.76,sandy-loam,Potato,1,2023,16.42,0.2784,0.2347,0.4406,15.86,81.45,5.18,219.2,0.3342,0.732,0.2217,0.28,0.1,0,0.1968,low
860,2021-05-27,Bizerte,37.27,9.87,loam,Barley,5,2021,23.83,0.3589,0.2894,0.5405,21.55,61.65,2.46,758.8,0.9864,1.593,0.2354,0.32,0.12,0,0.3843,mild
861,2022-01-09,Gabès,33.88,9.79,sandy,Pepper,1,2022,17.12,0.2578,0.2199,0.4135,15.72,66.97,3.55,203.9,0.5898,0.703,0.1332,0.18,0.06,0,0.3028,mild
862,2023-05-11,Gabès,33.88,9.79,sandy,Tomato,5,2023,31.3,0.2298,0.1991,0.3752,26.02,44.81,5.24,763.1,1.8576,1.779,0.0926,0.18,0.06,0,0.574,medium
863,2021-09-21,Nabeul,36.45,10.73,sandy,Potato,9,2021,29.21,0.1181,0.1094,0.208,25.42,50.95,4.96,536.7,1.5933,1.471,0.1046,0.18,0.06,0,0.5194,medium
864,2022-10-12,Nabeul,36.45,10.73,sandy,Tomato,10,2022,25.56,0.1098,0.1022,0.1946,20.84,45.36,2.66,523.0,1.3451,1.298,0.0864,0.18,0.06,1,0.644,medium
865,2021-08-11,Bizerte,37.27,9.87,loam,Tomato,8,2021,38.67,0.1839,0.1637,0.3096,32.06,39.08,5.42,658.2,2.907,1.88,0.1706,0.32,0.12,0,0.6761,medium
866,2022-02-03,Sfax,34.74,10.76,sandy-loam,Potato,2,2022,18.51,0.145,0.1321,0.2507,17.05,75.67,2.36,289.0,0.473,0.871,0.1672,0.28,0.1,0,0.2851,mild
867,2021-05-28,Béja,36.73,9.18,loam,Potato,5,2021,19.08,0.6132,0.4351,0.8009,19.31,72.45,3.6,605.4,0.6173,1.342,0.3005,0.32,0.12,0,0.0858,low
868,2021-04-25,Sfax,34.74,10.76,sandy-loam,Olive,4,2021,20.76,0.2418,0.2081,0.3919,21.42,70.17,2.66,644.0,0.7614,1.463,0.2463,0.28,0.1,0,0.0392,low
869,2022-06-23,Gabès,33.88,9.79,sandy,Olive,6,2022,37.46,0.1573,0.1423,0.2697,31.41,47.95,2.56,840.0,2.3936,2.096,0.1026,0.18,0.06,0,0.6189,medium
870,2021-06-01,Kairouan,35.67,10.1,clay-loam,Citrus,6,2021,34.86,0.11,0.1024,0.1949,28.19,45.55,5.09,751.1,2.0813,1.852,0.2305,0.36,0.18,0,0.7363,medium
871,2021-01-26,Nabeul,36.45,10.73,sandy,Pepper,1,2021,15.07,0.2333,0.2017,0.3801,13.52,80.0,2.84,205.9,0.3099,0.66,0.1267,0.18,0.06,0,0.3409,mild
872,2021-01-24,Sfax,34.74,10.76,sandy-loam,Wheat,1,2021,21.64,0.0638,0.0611,0.1168,14.2,50.0,4.72,185.4,0.8098,0.64,0.1253,0.28,0.1,1,0.951,extreme
873,2021-12-14,Kairouan,35.67,10.1,clay-loam,Potato,12,2021,13.26,0.2799,0.2358,0.4427,13.84,79.77,1.1,217.8,0.3201,0.686,0.3096,0.36,0.18,0,0.0753,low
874,2021-07-04,Bizerte,37.27,9.87,loam,Citrus,7,2021,38.75,0.0924,0.087,0.1658,31.79,38.11,2.03,947.5,2.908,2.243,0.1724,0.32,0.12,1,0.7296,medium
875,2023-01-14,Bizerte,37.27,9.87,loam,Citrus,1,2023,12.13,0.1365,0.125,0.2374,9.0,64.5,2.17,177.5,0.4076,0.525,0.1768,0.32,0.12,1,0.5942,medium
876,2022-09-08,Bizerte,37.27,9.87,loam,Tomato,9,2022,31.59,0.1299,0.1195,0.2269,26.08,41.04,0.93,550.7,1.9906,1.513,0.1824,0.32,0.12,0,0.6933,medium
877,2022-10-02,Kairouan,35.67,10.1,clay-loam,Pepper,10,2022,27.93,0.1747,0.1564,0.296,24.66,61.22,3.45,420.1,1.2041,1.279,0.2632,0.36,0.18,0,0.4751,mild
878,2021-01-19,Sidi Bouzid,35.04,9.48,sandy-loam,Wheat,1,2021,14.86,0.1683,0.1512,0.2864,12.9,79.88,3.97,209.5,0.2993,0.653,0.167,0.28,0.1,0,0.3404,mild
879,2022-07-09,Gafsa,34.43,8.78,sandy,Tomato,7,2022,36.35,0.5428,0.3984,0.736,35.0,57.47,5.45,758.9,2.3918,2.137,0.156,0.18,0.06,0,0.222,low
880,2023-02-01,Sidi Bouzid,35.04,9.48,sandy-loam,Pepper,2,2023,17.61,0.1577,0.1426,0.2703,12.49,56.67,3.17,286.8,0.6276,0.754,0.1642,0.28,0.1,0,0.7316,medium
881,2021-11-07,Nabeul,36.45,10.73,sandy,Barley,11,2021,20.26,0.3494,0.2833,0.5293,19.94,79.96,5.06,285.2,0.4668,0.937,0.1637,0.18,0.06,0,0.1748,low
882,2021-11-20,Nabeul,36.45,10.73,sandy,Tomato,11,2021,19.0,0.2831,0.238,0.4468,16.92,75.38,3.5,299.7,0.4746,0.883,0.1424,0.18,0.06,0,0.376,mild
883,2022-02-23,Nabeul,36.45,10.73,sandy,Olive,2,2022,13.47,0.0664,0.0636,0.1215,10.14,54.49,3.72,339.8,0.564,0.757,0.0711,0.18,0.06,1,0.6008,medium
884,2023-03-25,Gabès,33.88,9.79,sandy,Pepper,3,2023,20.01,0.3244,0.2666,0.499,19.84,71.97,6.13,495.6,0.649,1.231,0.1489,0.18,0.06,0,0.1332,low
885,2022-07-19,Sidi Bouzid,35.04,9.48,sandy-loam,Olive,7,2022,30.53,0.3177,0.2621,0.4907,29.04,57.73,4.34,890.9,1.6968,2.054,0.2254,0.28,0.1,0,0.2157,low
886,2023-03-03,Gafsa,34.43,8.78,sandy,Pepper,3,2023,21.75,0.1382,0.1265,0.2401,16.04,60.11,1.48,480.1,0.7272,1.09,0.0876,0.18,0.06,1,0.7255,medium
887,2021-08-17,Nabeul,36.45,10.73,sandy,Barley,8,2021,36.71,0.1353,0.124,0.2355,30.35,29.42,4.11,802.7,3.0558,2.005,0.1115,0.18,0.06,0,0.6564,medium
888,2022-01-07,Nabeul,36.45,10.73,sandy,Tomato,1,2022,14.83,0.1621,0.1462,0.2769,14.06,75.14,0.85,195.5,0.399,0.655,0.1197,0.18,0.06,0,0.2678,mild
889,2022-03-21,Gafsa,34.43,8.78,sandy,Pepper,3,2022,24.55,0.1214,0.1122,0.2133,20.44,56.9,2.52,418.8,1.0356,1.15,0.0928,0.18,0.06,1,0.5355,medium
890,2022-02-06,Sidi Bouzid,35.04,9.48,sandy-loam,Barley,2,2022,16.91,0.1084,0.101,0.1923,13.41,65.0,3.58,321.2,0.5385,0.822,0.1656,0.28,0.1,0,0.5199,medium
891,2023-06-17,Sfax,34.74,10.76,sandy-loam,Tomato,6,2023,38.35,0.1856,0.1651,0.3122,31.53,38.33,0.37,838.3,2.8554,2.099,0.1299,0.28,0.1,0,0.662,medium
892,2023-08-13,Gafsa,34.43,8.78,sandy,Pepper,8,2023,32.57,0.4188,0.3272,0.6088,29.9,43.18,4.04,629.6,2.3969,1.759,0.1305,0.18,0.06,0,0.3045,mild
893,2021-05-22,Gabès,33.88,9.79,sandy,Citrus,5,2021,34.32,0.1443,0.1315,0.2496,29.59,47.53,4.93,771.3,2.174,1.934,0.0959,0.18,0.06,1,0.5323,medium
894,2023-10-25,Béja,36.73,9.18,loam,Barley,10,2023,28.64,0.2249,0.1955,0.3685,26.32,55.67,3.53,458.5,1.518,1.388,0.243,0.32,0.12,0,0.3745,mild
895,2022-07-03,Kairouan,35.67,10.1,clay-loam,Barley,7,2022,39.2,0.1879,0.1669,0.3156,35.34,46.53,2.59,767.9,3.0633,2.164,0.2853,0.36,0.18,0,0.3994,mild
896,2023-09-15,Gafsa,34.43,8.78,sandy,Pepper,9,2023,29.76,0.3525,0.2853,0.533,29.89,61.1,2.69,474.5,1.6406,1.527,0.1534,0.18,0.06,0,0.0546,low
897,2021-07-01,Kairouan,35.67,10.1,clay-loam,Olive,7,2021,32.68,0.1432,0.1307,0.2479,27.03,40.76,2.21,855.8,2.116,1.927,0.2445,0.36,0.18,0,0.6025,medium
898,2023-04-17,Sfax,34.74,10.76,sandy-loam,Wheat,4,2023,19.9,0.6093,0.4331,0.7974,19.43,68.25,4.02,486.5,0.7164,1.207,0.2739,0.28,0.1,0,0.1325,low
899,2021-04-11,Kairouan,35.67,10.1,clay-loam,Olive,4,2021,21.49,0.0975,0.0915,0.1743,16.04,60.39,5.93,631.8,0.7223,1.25,0.239,0.36,0.18,0,0.7276,medium
900,2023-02-16,Kairouan,35.67,10.1,clay-loam,Wheat,2,2023,17.12,0.1052,0.0983,0.1871,13.25,63.47,0.57,307.1,0.5563,0.8,0.2387,0.36,0.18,0,0.6,medium
901,2023-04-03,Sidi Bouzid,35.04,9.48,sandy-loam,Tomato,4,2023,24.77,0.0275,0.027,0.0518,17.51,39.42,2.19,434.2,1.2122,1.081,0.0971,0.28,0.1,0,0.8768,high
902,2023-12-03,Bizerte,37.27,9.87,loam,Pepper,12,2023,11.53,0.1821,0.1623,0.3069,10.27,73.75,1.42,176.7,0.3282,0.548,0.2011,0.32,0.12,0,0.3305,mild
903,2022-01-23,Sfax,34.74,10.76,sandy-loam,Wheat,1,2022,20.18,0.0351,0.0343,0.0656,12.66,50.0,4.45,205.4,0.7322,0.641,0.1295,0.28,0.1,1,0.9809,extreme
904,2022-09-26,Sidi Bouzid,35.04,9.48,sandy-loam,Wheat,9,2022,33.09,0.1723,0.1545,0.2924,29.05,52.48,3.28,623.3,1.909,1.719,0.1805,0.28,0.1,0,0.4639,mild
905,2021-04-27,Sfax,34.74,10.76,sandy-loam,Pepper,4,2021,28.96,0.04,0.0389,0.0745,21.45,36.34,2.23,667.8,1.6272,1.49,0.1252,0.28,0.1,1,0.8206,high
906,2022-09-18,Béja,36.73,9.18,loam,Citrus,9,2022,32.89,0.0891,0.084,0.1602,28.84,39.56,5.97,633.6,2.3982,1.725,0.1548,0.32,0.12,0,0.5008,medium
907,2022-10-15,Sfax,34.74,10.76,sandy-loam,Olive,10,2022,24.27,0.1942,0.1719,0.3248,21.87,68.51,5.69,510.2,0.8261,1.317,0.2114,0.28,0.1,0,0.3671,mild
908,2021-11-10,Gabès,33.88,9.79,sandy,Potato,11,2021,17.7,0.1776,0.1587,0.3003,15.94,64.14,5.03,268.1,0.6494,0.812,0.1033,0.18,0.06,0,0.326,mild
909,2022-03-01,Sidi Bouzid,35.04,9.48,sandy-loam,Olive,3,2022,14.59,0.2594,0.2211,0.4157,15.13,81.49,4.22,467.0,0.3183,1.046,0.2626,0.28,0.1,0,0.0664,low
910,2022-10-19,Béja,36.73,9.18,loam,Wheat,10,2022,26.1,0.1547,0.1401,0.2656,24.64,64.91,2.96,504.5,1.088,1.401,0.2066,0.32,0.12,0,0.2799,mild
911,2021-09-15,Kairouan,35.67,10.1,clay-loam,Barley,9,2021,33.66,0.01,0.0099,0.0191,26.21,28.35,2.62,679.1,2.4381,1.685,0.1971,0.36,0.18,0,0.7583,high
912,2021-01-19,Bizerte,37.27,9.87,loam,Pepper,1,2021,15.01,0.3569,0.2881,0.5382,14.95,83.51,4.64,181.7,0.2803,0.649,0.2976,0.32,0.12,0,0.1428,low
913,2023-10-23,Béja,36.73,9.18,loam,Wheat,10,2023,23.02,0.2583,0.2202,0.4141,21.59,62.77,5.74,494.0,0.9598,1.286,0.2411,0.32,0.12,0,0.3173,mild
914,2023-09-01,Nabeul,36.45,10.73,sandy,Wheat,9,2023,35.08,0.1178,0.1091,0.2075,28.76,44.19,3.7,577.9,2.2048,1.645,0.1032,0.18,0.06,0,0.7196,medium
915,2022-04-26,Béja,36.73,9.18,loam,Wheat,4,2022,18.55,0.2213,0.1927,0.3634,14.89,49.98,1.29,437.2,0.8471,1.005,0.1906,0.32,0.12,0,0.6105,medium
916,2023-08-08,Sidi Bouzid,35.04,9.48,sandy-loam,Wheat,8,2023,46.7,0.01,0.0099,0.0191,35.2,22.66,2.98,657.0,4.3962,1.996,0.1112,0.28,0.1,1,0.8831,high
917,2022-06-23,Sfax,34.74,10.76,sandy-loam,Potato,6,2022,30.4,0.3259,0.2676,0.5008,29.38,63.55,3.07,849.7,1.4923,2.021,0.2505,0.28,0.1,0,0.2265,low
918,2022-10-16,Bizerte,37.27,9.87,loam,Potato,10,2022,30.47,0.1314,0.1208,0.2294,23.31,48.62,2.91,436.2,1.4712,1.262,0.1475,0.32,0.12,0,0.9524,extreme
919,2021-04-07,Béja,36.73,9.18,loam,Barley,4,2021,26.99,0.0381,0.0372,0.0712,20.46,37.97,4.48,488.9,1.4923,1.243,0.1245,0.32,0.12,1,0.8125,high
920,2021-03-09,Bizerte,37.27,9.87,loam,Potato,3,2021,16.46,0.2608,0.222,0.4174,14.85,57.11,4.03,386.2,0.7244,0.943,0.2013,0.32,0.12,0,0.324,mild
921,2022-04-10,Sfax,34.74,10.76,sandy-loam,Olive,4,2022,21.21,0.1841,0.1639,0.3099,21.42,74.23,3.58,463.8,0.6576,1.241,0.217,0.28,0.1,0,0.076,low
922,2021-02-01,Sfax,34.74,10.76,sandy-loam,Olive,2,2021,22.16,0.1067,0.0995,0.1895,16.56,54.77,1.94,320.4,0.8521,0.904,0.155,0.28,0.1,1,0.6919,medium
923,2021-12-16,Béja,36.73,9.18,loam,Tomato,12,2021,18.09,0.2461,0.2113,0.3977,16.51,68.39,1.57,182.0,0.5938,0.68,0.2326,0.32,0.12,0,0.3267,mild
924,2022-11-21,Nabeul,36.45,10.73,sandy,Wheat,11,2022,25.11,0.0241,0.0237,0.0454,17.62,50.0,3.25,277.8,1.0075,0.867,0.0677,0.18,0.06,0,0.9883,extreme
925,2021-07-24,Gafsa,34.43,8.78,sandy,Tomato,7,2021,35.47,0.4321,0.3353,0.6233,30.95,44.49,2.23,790.3,2.4863,2.014,0.1273,0.18,0.06,0,0.4817,mild
926,2023-10-24,Nabeul,36.45,10.73,sandy,Wheat,10,2023,25.6,0.3594,0.2898,0.5412,26.53,67.65,0.47,496.3,1.1217,1.451,0.18,0.18,0.06,0,0.0326,low
927,2023-11-03,Sidi Bouzid,35.04,9.48,sandy-loam,Pepper,11,2023,24.4,0.1542,0.1397,0.2648,21.06,63.74,3.92,251.1,0.9049,0.905,0.1527,0.28,0.1,0,0.4924,medium
928,2022-03-11,Kairouan,35.67,10.1,clay-loam,Potato,3,2022,21.95,0.1178,0.1092,0.2076,18.24,56.14,4.11,427.1,0.9189,1.094,0.2132,0.36,0.18,0,0.5432,medium
929,2023-12-09,Gabès,33.88,9.79,sandy,Potato,12,2023,19.98,0.2304,0.1996,0.3762,16.75,73.26,3.31,218.6,0.51,0.751,0.1248,0.18,0.06,0,0.4803,mild
930,2021-08-05,Bizerte,37.27,9.87,loam,Citrus,8,2021,29.35,0.2218,0.1931,0.3641,29.3,63.21,4.9,857.6,1.499,2.027,0.2494,0.32,0.12,0,0.0849,low
931,2022-06-16,Sfax,34.74,10.76,sandy-loam,Citrus,6,2022,35.35,0.0432,0.042,0.0804,26.48,29.86,1.87,627.9,2.4257,1.631,0.128,0.28,0.1,1,0.8777,high
932,2023-02-25,Bizerte,37.27,9.87,loam,Tomato,2,2023,13.58,0.4418,0.3411,0.6337,13.38,85.64,1.95,339.7,0.2204,0.844,0.32,0.32,0.12,0,0.1353,low
933,2022-05-26,Kairouan,35.67,10.1,clay-loam,Pepper,5,2022,20.97,0.3596,0.2899,0.5414,20.45,75.58,3.82,566.8,0.587,1.338,0.3319,0.36,0.18,0,0.1763,low
934,2022-08-20,Kairouan,35.67,10.1,clay-loam,Pepper,8,2022,44.42,0.1144,0.1062,0.2021,35.72,38.22,5.61,646.8,3.6143,2.0,0.209,0.36,0.18,1,0.7387,medium
935,2022-10-11,Gafsa,34.43,8.78,sandy,Wheat,10,2022,32.86,0.0974,0.0914,0.1741,26.56,45.67,3.74,497.9,1.8882,1.455,0.0778,0.18,0.06,0,0.6517,medium
936,2023-03-11,Nabeul,36.45,10.73,sandy,Citrus,3,2023,15.35,0.1831,0.1631,0.3084,14.2,65.87,0.44,388.5,0.5527,0.927,0.1302,0.18,0.06,0,0.278,mild
937,2021-09-24,Sfax,34.74,10.76,sandy-loam,Potato,9,2021,29.77,0.2051,0.1803,0.3404,27.1,48.35,4.46,648.7,1.852,1.68,0.1909,0.28,0.1,0,0.3727,mild
938,2022-12-20,Gabès,33.88,9.79,sandy,Barley,12,2022,15.06,0.164,0.1477,0.2799,12.96,76.33,3.36,187.5,0.3537,0.619,0.1177,0.18,0.06,0,0.3604,mild
939,2021-09-17,Gabès,33.88,9.79,sandy,Barley,9,2021,34.62,0.0539,0.052,0.0994,28.09,38.19,2.53,578.6,2.3482,1.622,0.0814,0.18,0.06,1,0.6514,medium
940,2023-08-22,Bizerte,37.27,9.87,loam,Olive,8,2023,30.64,0.2346,0.2028,0.382,27.47,51.67,5.12,700.6,1.7715,1.761,0.2229,0.32,0.12,0,0.4427,mild
941,2023-04-19,Nabeul,36.45,10.73,sandy,Tomato,4,2023,22.41,0.0129,0.0128,0.0245,15.54,40.11,5.28,604.5,1.0575,1.205,0.0619,0.18,0.06,1,0.9365,extreme
942,2023-05-18,Nabeul,36.45,10.73,sandy,Pepper,5,2023,23.43,0.2045,0.1799,0.3397,22.05,52.11,0.45,559.8,1.2699,1.385,0.115,0.18,0.06,0,0.2638,mild
943,2023-11-26,Kairouan,35.67,10.1,clay-loam,Pepper,11,2023,18.55,0.3254,0.2673,0.5002,18.16,78.6,4.24,278.7,0.4462,0.882,0.3339,0.36,0.18,0,0.197,low
944,2023-03-13,Kairouan,35.67,10.1,clay-loam,Pepper,3,2023,17.11,0.3254,0.2673,0.5002,16.6,77.34,2.12,458.5,0.428,1.082,0.3162,0.36,0.18,0,0.1609,low
945,2023-06-12,Gafsa,34.43,8.78,sandy,Olive,6,2023,39.42,0.01,0.0099,0.0191,29.28,33.03,3.05,816.4,2.7268,1.977,0.0666,0.18,0.06,0,0.9221,extreme
946,2022-04-17,Sidi Bouzid,35.04,9.48,sandy-loam,Potato,4,2022,21.97,0.4725,0.3591,0.666,21.07,67.03,0.68,521.6,0.8236,1.304,0.2204,0.28,0.1,0,0.2295,low
947,2023-02-11,Béja,36.73,9.18,loam,Barley,2,2023,17.28,0.2053,0.1805,0.3407,15.67,75.03,4.82,327.4,0.4446,0.89,0.2292,0.32,0.12,0,0.3626,mild
948,2022-10-26,Béja,36.73,9.18,loam,Barley,10,2022,20.8,0.1679,0.1509,0.2858,19.28,64.14,1.91,478.2,0.8021,1.192,0.2255,0.32,0.12,0,0.312,mild
949,2023-10-23,Béja,36.73,9.18,loam,Olive,10,2023,24.32,0.0879,0.0829,0.1581,19.78,51.14,1.02,459.3,1.127,1.183,0.1845,0.32,0.12,0,0.6633,medium
950,2023-06-21,Béja,36.73,9.18,loam,Pepper,6,2023,24.28,0.6413,0.449,0.8254,24.85,59.51,2.83,883.7,1.271,1.863,0.3074,0.32,0.12,0,0.0779,low
951,2021-02-14,Sfax,34.74,10.76,sandy-loam,Pepper,2,2021,16.28,0.2272,0.1972,0.3717,14.27,75.17,5.91,266.0,0.4041,0.769,0.2066,0.28,0.1,0,0.3481,mild
952,2023-09-07,Sidi Bouzid,35.04,9.48,sandy-loam,Citrus,9,2023,36.9,0.0593,0.057,0.1089,29.03,42.38,0.89,607.5,2.3126,1.696,0.113,0.28,0.1,0,0.7794,high
953,2021-12-27,Sidi Bouzid,35.04,9.48,sandy-loam,Barley,12,2021,17.26,0.1513,0.1374,0.2605,12.23,65.0,2.76,168.4,0.4985,0.573,0.1735,0.28,0.1,0,0.7359,medium
954,2022-12-08,Kairouan,35.67,10.1,clay-loam,Potato,12,2022,21.82,0.0326,0.0319,0.0611,15.12,47.17,1.14,225.4,0.9082,0.726,0.1934,0.36,0.18,1,0.8963,high
955,2022-04-25,Sidi Bouzid,35.04,9.48,sandy-loam,Olive,4,2022,21.18,0.048,0.0465,0.0889,15.92,51.23,2.61,590.6,0.8824,1.204,0.1258,0.28,0.1,0,0.7004,medium
956,2021-03-21,Sfax,34.74,10.76,sandy-loam,Pepper,3,2021,20.78,0.167,0.1501,0.2843,16.78,54.72,5.06,368.4,0.8652,0.975,0.1687,0.28,0.1,0,0.5149,medium
957,2022-05-22,Gabès,33.88,9.79,sandy,Tomato,5,2022,30.4,0.442,0.3412,0.6339,28.11,63.21,1.29,689.5,1.3995,1.771,0.1394,0.18,0.06,0,0.3273,mild
958,2023-05-23,Béja,36.73,9.18,loam,Wheat,5,2023,25.49,0.1535,0.1391,0.2638,22.38,47.24,3.65,562.1,1.4278,1.4,0.1544,0.32,0.12,0,0.4922,medium
959,2021-02-10,Nabeul,36.45,10.73,sandy,Olive,2,2021,13.0,0.2607,0.2219,0.4173,13.84,81.37,5.54,302.7,0.2947,0.809,0.1628,0.18,0.06,0,0.0331,low
960,2023-01-14,Gabès,33.88,9.79,sandy,Citrus,1,2023,24.02,0.0233,0.0229,0.0439,15.65,50.0,1.25,218.3,0.8889,0.726,0.063,0.18,0.06,1,0.9856,extreme
961,2023-12-01,Sidi Bouzid,35.04,9.48,sandy-loam,Tomato,12,2023,14.8,0.1562,0.1414,0.268,13.82,71.56,1.55,167.5,0.4495,0.601,0.1622,0.28,0.1,0,0.2547,mild
962,2021-03-09,Kairouan,35.67,10.1,clay-loam,Olive,3,2021,13.67,0.0982,0.0921,0.1755,12.13,69.86,5.32,368.7,0.4263,0.844,0.2537,0.36,0.18,0,0.3322,mild
963,2021-03-12,Sfax,34.74,10.76,sandy-loam,Potato,3,2021,19.99,0.3551,0.287,0.5361,17.8,60.31,1.0,391.4,0.8092,1.035,0.1975,0.28,0.1,0,0.3377,mild
964,2022-07-07,Sidi Bouzid,35.04,9.48,sandy-loam,Barley,7,2022,32.39,0.2414,0.2078,0.3912,28.94,41.37,5.18,707.0,2.34,1.826,0.2168,0.28,0.1,0,0.4023,mild
965,2022-03-13,Kairouan,35.67,10.1,clay-loam,Potato,3,2022,18.76,0.238,0.2053,0.3867,14.86,57.04,5.04,462.7,0.7261,1.032,0.2412,0.36,0.18,0,0.5436,medium
966,2022-05-25,Kairouan,35.67,10.1,clay-loam,Barley,5,2022,26.45,0.3484,0.2826,0.5281,22.85,57.79,1.64,696.2,1.175,1.576,0.2736,0.36,0.18,0,0.4648,mild
967,2022-02-11,Sidi Bouzid,35.04,9.48,sandy-loam,Tomato,2,2022,11.77,0.3083,0.2556,0.4789,11.58,82.62,5.35,275.8,0.2371,0.717,0.2266,0.28,0.1,0,0.1587,low
968,2022-05-19,Gabès,33.88,9.79,sandy,Olive,5,2022,25.38,0.2083,0.1828,0.3451,25.58,60.93,4.04,694.1,1.2814,1.68,0.1519,0.18,0.06,0,0.0968,low
969,2022-07-02,Sfax,34.74,10.76,sandy-loam,Olive,7,2022,38.73,0.2623,0.2231,0.4194,34.43,50.1,4.97,753.6,2.7177,2.107,0.2015,0.28,0.1,0,0.4547,mild
970,2021-08-13,Sidi Bouzid,35.04,9.48,sandy-loam,Tomato,8,2021,37.94,0.2504,0.2145,0.4035,30.97,41.53,1.33,792.2,2.6218,2.017,0.1591,0.28,0.1,1,0.6981,medium
971,2023-09-28,Bizerte,37.27,9.87,loam,Tomato,9,2023,26.23,0.2059,0.1809,0.3416,24.1,47.93,1.46,713.6,1.5629,1.645,0.2191,0.32,0.12,0,0.3779,mild
972,2021-10-01,Kairouan,35.67,10.1,clay-loam,Citrus,10,2021,22.29,0.2452,0.2106,0.3964,23.19,72.64,3.51,475.0,0.7773,1.313,0.313,0.36,0.18,0,0.014,low
973,2023-09-26,Kairouan,35.67,10.1,clay-loam,Pepper,9,2023,28.55,0.2153,0.1882,0.355,27.11,46.51,5.94,604.4,1.9198,1.622,0.2724,0.36,0.18,0,0.2628,mild
974,2023-01-05,Bizerte,37.27,9.87,loam,Olive,1,2023,15.89,0.1015,0.095,0.1809,12.77,59.63,5.41,212.5,0.5958,0.655,0.2051,0.32,0.12,0,0.5172,medium
975,2022-01-07,Sfax,34.74,10.76,sandy-loam,Olive,1,2022,14.3,0.1372,0.1256,0.2385,11.45,67.35,4.36,232.4,0.4416,0.655,0.1759,0.28,0.1,0,0.4772,mild
976,2022-10-22,Gabès,33.88,9.79,sandy,Wheat,10,2022,34.47,0.1191,0.1103,0.2097,29.14,48.2,5.88,462.4,2.0923,1.483,0.102,0.18,0.06,0,0.5474,medium
977,2022-04-14,Kairouan,35.67,10.1,clay-loam,Pepper,4,2022,26.84,0.0856,0.0809,0.1543,21.74,50.94,2.77,480.6,1.277,1.274,0.2122,0.36,0.18,0,0.6423,medium
978,2021-02-23,Sfax,34.74,10.76,sandy-loam,Wheat,2,2021,17.4,0.0531,0.0512,0.098,11.4,49.55,2.28,338.8,0.6799,0.79,0.1137,0.28,0.1,0,0.7877,high
979,2023-12-15,Gabès,33.88,9.79,sandy,Wheat,12,2023,24.09,0.0636,0.0609,0.1164,16.41,50.0,2.03,227.3,0.9331,0.758,0.0761,0.18,0.06,0,0.9013,extreme
980,2021-09-10,Sfax,34.74,10.76,sandy-loam,Tomato,9,2021,35.29,0.2149,0.1878,0.3544,31.82,60.04,3.8,539.0,1.8813,1.693,0.1818,0.28,0.1,0,0.4297,mild
981,2023-07-17,Kairouan,35.67,10.1,clay-loam,Citrus,7,2023,36.11,0.2451,0.2105,0.3963,35.17,58.92,1.26,867.6,2.3322,2.293,0.2923,0.36,0.18,0,0.2015,low
982,2021-07-06,Kairouan,35.67,10.1,clay-loam,Barley,7,2021,34.31,0.1805,0.161,0.3045,31.08,44.95,2.58,704.9,2.4837,1.907,0.2785,0.36,0.18,0,0.3762,mild
983,2023-12-25,Sfax,34.74,10.76,sandy-loam,Wheat,12,2023,14.17,0.2605,0.2218,0.417,13.29,87.7,1.07,224.6,0.1877,0.685,0.2249,0.28,0.1,0,0.2216,low
984,2021-07-10,Gafsa,34.43,8.78,sandy,Wheat,7,2021,41.32,0.0787,0.0747,0.1426,34.53,38.34,2.47,912.1,3.3783,2.322,0.0786,0.18,0.06,0,0.6063,medium
985,2021-09-25,Bizerte,37.27,9.87,loam,Olive,9,2021,30.86,0.3287,0.2694,0.5042,30.29,68.39,3.04,612.5,1.3636,1.749,0.2493,0.32,0.12,0,0.1519,low
986,2023-04-15,Gafsa,34.43,8.78,sandy,Potato,4,2023,23.48,0.415,0.3249,0.6046,20.37,66.1,1.16,565.6,0.811,1.334,0.1253,0.18,0.06,0,0.4175,mild
987,2021-12-25,Sidi Bouzid,35.04,9.48,sandy-loam,Tomato,12,2021,14.5,0.364,0.2928,0.5465,14.74,79.62,3.79,213.1,0.3417,0.698,0.2548,0.28,0.1,0,0.1059,low
988,2022-05-12,Sfax,34.74,10.76,sandy-loam,Citrus,5,2022,33.25,0.1064,0.0993,0.1891,27.01,41.26,2.22,571.6,2.0953,1.574,0.1431,0.28,0.1,1,0.6507,medium
989,2022-08-25,Sfax,34.74,10.76,sandy-loam,Tomato,8,2022,41.53,0.1289,0.1186,0.2254,35.38,37.48,5.07,770.4,3.5899,2.169,0.1315,0.28,0.1,1,0.5505,medium
990,2022-09-11,Sidi Bouzid,35.04,9.48,sandy-loam,Tomato,9,2022,30.33,0.3161,0.2609,0.4887,29.4,59.41,3.48,514.7,1.6639,1.573,0.2218,0.28,0.1,0,0.1845,low
991,2023-02-11,Gafsa,34.43,8.78,sandy,Citrus,2,2023,17.65,0.273,0.2308,0.4336,16.03,71.03,3.25,279.7,0.5278,0.831,0.104,0.18,0.06,0,0.2823,mild
992,2021-09-25,Kairouan,35.67,10.1,clay-loam,Barley,9,2021,34.74,0.1269,0.1169,0.2222,31.68,48.46,1.66,594.6,2.4064,1.773,0.23,0.36,0.18,0,0.3738,mild
993,2021-03-05,Bizerte,37.27,9.87,loam,Wheat,3,2021,18.6,0.1574,0.1424,0.2698,14.31,48.47,0.81,442.7,0.8404,0.993,0.1693,0.32,0.12,1,0.6483,medium
994,2021-12-16,Sidi Bouzid,35.04,9.48,sandy-loam,Tomato,12,2021,17.06,0.1749,0.1566,0.2963,14.63,79.38,5.74,205.3,0.3434,0.683,0.1811,0.28,0.1,0,0.4072,mild
995,2022-02-10,Gafsa,34.43,8.78,sandy,Pepper,2,2022,16.81,0.1989,0.1755,0.3315,14.19,72.3,1.96,247.5,0.4482,0.739,0.1071,0.18,0.06,0,0.4065,mild
996,2022-08-21,Béja,36.73,9.18,loam,Potato,8,2022,27.07,0.3554,0.2872,0.5364,27.02,57.34,3.69,821.8,1.5225,1.888,0.2917,0.32,0.12,0,0.1055,low
997,2022-08-21,Béja,36.73,9.18,loam,Citrus,8,2022,30.49,0.1678,0.1508,0.2856,28.45,50.25,1.42,630.4,1.9302,1.706,0.21,0.32,0.12,0,0.2947,mild
998,2021-01-24,Sfax,34.74,10.76,sandy-loam,Wheat,1,2021,12.39,0.335,0.2737,0.5119,13.37,80.43,5.53,232.4,0.3003,0.698,0.2588,0.28,0.1,0,0.0305,low
999,2022-05-04,Gafsa,34.43,8.78,sandy,Potato,5,2022,33.88,0.0395,0.0385,0.0737,25.59,30.8,4.21,668.4,2.2701,1.648,0.0787,0.18,0.06,0,0.8294,high
1000,2021-06-03,Bizerte,37.27,9.87,loam,Olive,6,2021,32.28,0.1417,0.1294,0.2456,27.35,44.61,2.16,915.4,2.0157,2.007,0.1905,0.32,0.12,0,0.6241,medium
1001,2022-05-23,Gabès,33.88,9.79,sandy,Pepper,5,2022,31.96,0.082,0.0777,0.1482,27.18,43.84,2.56,555.9,2.0242,1.559,0.0921,0.18,0.06,1,0.5325,medium
1002,2023-12-11,Sidi Bouzid,35.04,9.48,sandy-loam,Olive,12,2023,12.05,0.1235,0.114,0.2167,10.8,78.05,4.66,222.3,0.2843,0.627,0.1777,0.28,0.1,0,0.269,mild
1003,2023-11-24,Gafsa,34.43,8.78,sandy,Potato,11,2023,15.91,0.2785,0.2347,0.4407,15.93,78.0,5.96,279.6,0.3983,0.829,0.1501,0.18,0.06,0,0.0969,low
1004,2022-04-07,Gafsa,34.43,8.78,sandy,Olive,4,2022,23.88,0.1357,0.1244,0.2362,22.0,61.37,4.53,562.1,1.0212,1.386,0.1179,0.18,0.06,0,0.2738,mild
1005,2021-02-05,Sfax,34.74,10.76,sandy-loam,Wheat,2,2021,12.57,0.3843,0.3057,0.5701,11.87,85.16,0.96,323.4,0.2065,0.784,0.2777,0.28,0.1,0,0.2129,low
1006,2022-09-20,Nabeul,36.45,10.73,sandy,Potato,9,2022,36.6,0.0263,0.0258,0.0495,28.3,39.64,0.83,505.0,2.3211,1.522,0.0665,0.18,0.06,1,0.9214,extreme
1007,2021-02-19,Sfax,34.74,10.76,sandy-loam,Tomato,2,2021,14.12,0.3231,0.2657,0.4974,14.46,84.91,6.02,271.9,0.2485,0.782,0.2395,0.28,0.1,0,0.0622,low
1008,2022-01-10,Gabès,33.88,9.79,sandy,Potato,1,2022,19.29,0.077,0.0732,0.1396,15.2,65.0,0.71,204.8,0.6048,0.694,0.0798,0.18,0.06,1,0.6137,medium
1009,2022-07-17,Sidi Bouzid,35.04,9.48,sandy-loam,Wheat,7,2022,38.57,0.0813,0.0771,0.1471,31.19,39.49,3.34,773.9,2.7476,2.002,0.1418,0.28,0.1,1,0.7331,medium
1010,2023-07-26,Béja,36.73,9.18,loam,Barley,7,2023,44.35,0.0291,0.0286,0.0548,33.93,23.14,3.61,884.3,4.0736,2.261,0.1154,0.32,0.12,1,0.899,high
1011,2022-10-12,Sidi Bouzid,35.04,9.48,sandy-loam,Wheat,10,2022,23.41,0.3587,0.2893,0.5403,23.14,67.09,3.37,514.5,0.9325,1.364,0.2524,0.28,0.1,0,0.1407,low
1012,2022-05-14,Sfax,34.74,10.76,sandy-loam,Citrus,5,2022,31.17,0.0599,0.0576,0.1101,25.03,43.44,1.8,732.9,1.7943,1.704,0.1353,0.28,0.1,0,0.6861,medium
1013,2023-03-28,Kairouan,35.67,10.1,clay-loam,Tomato,3,2023,16.6,0.236,0.2038,0.3839,14.81,66.24,0.96,470.6,0.5688,1.04,0.28,0.36,0.18,0,0.304,mild
1014,2022-08-16,Gafsa,34.43,8.78,sandy,Citrus,8,2022,48.48,0.0338,0.033,0.0633,37.3,22.82,1.33,710.7,4.922,2.158,0.0666,0.18,0.06,1,0.7867,high
1015,2021-05-16,Sfax,34.74,10.76,sandy-loam,Potato,5,2021,30.78,0.3991,0.3151,0.5869,28.29,62.97,2.5,767.6,1.4235,1.876,0.2165,0.28,0.1,0,0.3567,mild
1016,2022-07-13,Béja,36.73,9.18,loam,Citrus,7,2022,31.6,0.1521,0.138,0.2617,29.26,40.59,3.94,791.7,2.4153,1.946,0.2022,0.32,0.12,0,0.3143,mild
1017,2021-12-06,Béja,36.73,9.18,loam,Olive,12,2021,19.13,0.0891,0.0841,0.1603,16.01,56.59,4.55,189.9,0.79,0.685,0.1724,0.32,0.12,1,0.509,medium
1018,2021-03-14,Kairouan,35.67,10.1,clay-loam,Potato,3,2021,16.62,0.2077,0.1823,0.3441,11.69,60.89,2.74,462.5,0.5375,0.932,0.2329,0.36,0.18,0,0.7109,medium
1019,2022-10-03,Nabeul,36.45,10.73,sandy,Barley,10,2022,26.84,0.1339,0.1229,0.2333,22.73,49.44,4.62,536.1,1.397,1.379,0.11,0.18,0.06,0,0.5747,medium
1020,2022-09-11,Kairouan,35.67,10.1,clay-loam,Barley,9,2022,39.7,0.0502,0.0485,0.0928,31.65,29.26,1.53,645.0,3.2981,1.846,0.2107,0.36,0.18,0,0.7505,high
1021,2021-04-27,Gabès,33.88,9.79,sandy,Tomato,4,2021,20.48,0.3406,0.2774,0.5187,20.14,73.98,5.6,473.5,0.6138,1.213,0.1502,0.18,0.06,0,0.1839,low
1022,2023-01-17,Gabès,33.88,9.79,sandy,Pepper,1,2023,17.67,0.1497,0.136,0.258,14.82,80.0,2.75,191.4,0.3371,0.663,0.1066,0.18,0.06,0,0.4555,mild
1023,2021-12-08,Sidi Bouzid,35.04,9.48,sandy-loam,Pepper,12,2021,18.5,0.3578,0.2887,0.5392,18.41,88.08,3.94,166.6,0.2524,0.687,0.2478,0.28,0.1,0,0.0952,low
1024,2022-12-09,Sfax,34.74,10.76,sandy-loam,Barley,12,2022,19.67,0.2078,0.1824,0.3443,18.32,77.84,5.37,243.8,0.4665,0.829,0.1945,0.28,0.1,0,0.2808,mild
1025,2021-09-19,Gafsa,34.43,8.78,sandy,Wheat,9,2021,40.57,0.0613,0.0589,0.1125,31.2,34.22,2.69,697.2,2.9887,1.901,0.0828,0.18,0.06,1,0.8296,high
1026,2023-07-18,Sfax,34.74,10.76,sandy-loam,Olive,7,2023,40.4,0.2247,0.1953,0.3682,35.98,39.56,0.75,793.7,3.5874,2.226,0.186,0.28,0.1,0,0.4028,mild
1027,2021-06-06,Béja,36.73,9.18,loam,Barley,6,2021,27.53,0.3232,0.2658,0.4975,27.81,54.06,4.32,867.3,1.7169,1.974,0.3077,0.32,0.12,0,0.0716,low
1028,2022-04-18,Sfax,34.74,10.76,sandy-loam,Pepper,4,2022,23.7,0.293,0.245,0.4595,23.71,70.76,2.46,653.2,0.8573,1.559,0.2219,0.28,0.1,0,0.0753,low
1029,2023-02-18,Bizerte,37.27,9.87,loam,Tomato,2,2023,14.48,0.1596,0.1441,0.2731,12.46,67.21,5.03,289.5,0.474,0.757,0.1942,0.32,0.12,0,0.4118,mild
1030,2021-04-21,Gafsa,34.43,8.78,sandy,Potato,4,2021,23.79,0.3234,0.2659,0.4977,22.59,61.41,0.4,597.8,1.0574,1.451,0.1195,0.18,0.06,0,0.256,mild
1031,2021-07-20,Sfax,34.74,10.76,sandy-loam,Olive,7,2021,38.59,0.298,0.2485,0.466,35.25,50.0,0.42,689.5,2.8509,2.047,0.2192,0.28,0.1,0,0.3635,mild
1032,2021-11-10,Gafsa,34.43,8.78,sandy,Potato,11,2021,25.24,0.1561,0.1413,0.2679,20.58,58.95,5.46,310.8,0.9949,0.994,0.1039,0.18,0.06,0,0.5821,medium
1033,2022-04-09,Sfax,34.74,10.76,sandy-loam,Tomato,4,2022,21.67,0.3774,0.3013,0.5621,21.45,78.11,4.3,657.7,0.5597,1.479,0.2526,0.28,0.1,0,0.1091,low
1034,2022-03-28,Gafsa,34.43,8.78,sandy,Potato,3,2022,18.56,0.5087,0.3797,0.7028,19.49,76.34,6.05,403.1,0.5362,1.1,0.1603,0.18,0.06,0,0.0103,low
1035,2022-11-09,Nabeul,36.45,10.73,sandy,Potato,11,2022,15.89,0.3601,0.2902,0.542,16.11,74.38,2.92,273.2,0.4691,0.824,0.1579,0.18,0.06,0,0.0907,low
1036,2023-03-25,Béja,36.73,9.18,loam,Tomato,3,2023,16.61,0.3232,0.2657,0.4974,17.36,82.33,4.31,476.7,0.3503,1.128,0.2734,0.32,0.12,0,0.0435,low
1037,2023-06-02,Gafsa,34.43,8.78,sandy,Wheat,6,2023,26.81,0.3007,0.2504,0.4694,26.62,54.98,0.77,603.7,1.5696,1.604,0.147,0.18,0.06,0,0.1312,low
1038,2021-06-07,Bizerte,37.27,9.87,loam,Citrus,6,2021,29.15,0.2644,0.2247,0.4223,29.42,59.2,0.87,821.8,1.6747,1.989,0.2717,0.32,0.12,0,0.0733,low
1039,2023-08-08,Kairouan,35.67,10.1,clay-loam,Tomato,8,2023,30.84,0.6907,0.4727,0.867,30.01,58.64,2.32,868.1,1.7558,2.07,0.3428,0.36,0.18,0,0.1911,low
1040,2023-12-15,Gabès,33.88,9.79,sandy,Olive,12,2023,16.4,0.0879,0.083,0.1582,12.41,57.87,1.09,222.4,0.6069,0.662,0.0882,0.18,0.06,0,0.5468,medium
1041,2022-03-25,Sfax,34.74,10.76,sandy-loam,Wheat,3,2022,18.52,0.0113,0.0112,0.0215,12.85,40.25,1.39,449.8,0.8861,0.955,0.0986,0.28,0.1,1,0.756,high
1042,2023-06-02,Gafsa,34.43,8.78,sandy,Tomato,6,2023,28.79,0.5267,0.3896,0.7204,28.08,68.57,3.57,832.8,1.1932,1.945,0.1405,0.18,0.06,0,0.1673,low
1043,2022-02-22,Sfax,34.74,10.76,sandy-loam,Tomato,2,2022,16.23,0.3,0.2498,0.4684,15.52,73.87,2.69,294.6,0.4608,0.84,0.2234,0.28,0.1,0,0.1991,low
1044,2023-10-01,Sidi Bouzid,35.04,9.48,sandy-loam,Tomato,10,2023,21.53,0.361,0.2908,0.543,22.13,64.88,5.43,468.4,0.9361,1.27,0.2399,0.28,0.1,0,0.0674,low
1045,2023-03-22,Sfax,34.74,10.76,sandy-loam,Barley,3,2023,19.54,0.1111,0.1033,0.1966,14.16,49.46,2.89,502.2,0.8165,1.053,0.1358,0.28,0.1,1,0.7023,medium
1046,2021-07-19,Sidi Bouzid,35.04,9.48,sandy-loam,Olive,7,2021,37.77,0.27,0.2287,0.4297,34.42,43.01,4.2,773.2,3.1037,2.134,0.2079,0.28,0.1,0,0.3375,mild
1047,2021-01-26,Sfax,34.74,10.76,sandy-loam,Wheat,1,2021,12.7,0.2181,0.1903,0.3589,10.45,70.86,2.73,198.9,0.3687,0.585,0.2034,0.28,0.1,0,0.4048,mild
1048,2021-12-26,Sfax,34.74,10.76,sandy-loam,Pepper,12,2021,20.62,0.0185,0.0183,0.0351,13.45,48.84,2.95,209.2,0.789,0.664,0.1212,0.28,0.1,1,0.9257,extreme
1049,2022-02-18,Sfax,34.74,10.76,sandy-loam,Wheat,2,2022,12.95,0.2381,0.2054,0.3868,11.52,64.91,1.87,279.5,0.4767,0.72,0.2005,0.28,0.1,0,0.2971,mild
1050,2021-11-22,Nabeul,36.45,10.73,sandy,Potato,11,2021,23.15,0.1055,0.0985,0.1875,18.94,53.39,6.07,298.9,1.0201,0.933,0.0921,0.18,0.06,0,0.6266,medium
1051,2022-05-18,Kairouan,35.67,10.1,clay-loam,Olive,5,2022,25.53,0.2232,0.1942,0.3661,25.91,73.48,4.11,688.1,0.8865,1.685,0.3076,0.36,0.18,0,0.0421,low
1052,2022-07-12,Nabeul,36.45,10.73,sandy,Pepper,7,2022,33.1,0.3768,0.301,0.5615,29.48,45.26,1.49,692.2,2.2548,1.828,0.1335,0.18,0.06,0,0.4325,mild
1053,2021-08-18,Béja,36.73,9.18,loam,Citrus,8,2021,35.09,0.3515,0.2846,0.5317,34.52,59.09,3.2,661.4,2.2398,1.977,0.3055,0.32,0.12,0,0.1309,low
1054,2022-03-16,Gabès,33.88,9.79,sandy,Barley,3,2022,20.49,0.1265,0.1166,0.2215,14.97,53.01,2.22,362.0,0.8001,0.916,0.0791,0.18,0.06,0,0.6907,medium
1055,2022-07-11,Kairouan,35.67,10.1,clay-loam,Tomato,7,2022,32.76,0.4795,0.3632,0.6733,32.05,55.08,3.96,928.0,2.1425,2.232,0.3032,0.36,0.18,0,0.1379,low
1056,2023-12-05,Nabeul,36.45,10.73,sandy,Olive,12,2023,21.42,0.0305,0.0299,0.0572,17.49,63.97,3.97,227.8,0.7201,0.783,0.0691,0.18,0.06,1,0.6392,medium
1057,2022-09-04,Sfax,34.74,10.76,sandy-loam,Wheat,9,2022,38.24,0.1382,0.1265,0.2401,31.47,44.07,5.78,694.9,2.5802,1.908,0.1657,0.28,0.1,0,0.663,medium
1058,2021-02-16,Gafsa,34.43,8.78,sandy,Olive,2,2021,11.62,0.2713,0.2296,0.4314,12.22,84.9,2.67,284.9,0.2148,0.744,0.1569,0.18,0.06,0,0.0252,low
1059,2021-07-07,Bizerte,37.27,9.87,loam,Wheat,7,2021,28.42,0.3038,0.2525,0.4733,27.49,53.12,5.92,792.8,1.7204,1.874,0.2706,0.32,0.12,0,0.2063,low
1060,2022-10-02,Sidi Bouzid,35.04,9.48,sandy-loam,Pepper,10,2022,24.99,0.3337,0.2728,0.5103,25.13,74.26,4.14,394.6,0.8215,1.253,0.24,0.28,0.1,0,0.1184,low
1061,2022-09-11,Kairouan,35.67,10.1,clay-loam,Pepper,9,2022,32.97,0.26,0.2215,0.4164,29.66,58.66,0.84,680.3,1.7198,1.819,0.2788,0.36,0.18,0,0.4134,mild
1062,2022-02-05,Nabeul,36.45,10.73,sandy,Citrus,2,2022,19.87,0.2977,0.2483,0.4656,17.0,76.11,1.76,265.3,0.463,0.833,0.1104,0.18,0.06,0,0.4775,mild
1063,2022-08-28,Bizerte,37.27,9.87,loam,Citrus,8,2022,35.21,0.3023,0.2514,0.4714,34.5,57.55,1.19,661.9,2.3215,1.977,0.2712,0.32,0.12,0,0.1871,low
1064,2021-10-08,Sfax,34.74,10.76,sandy-loam,Wheat,10,2021,28.59,0.2989,0.2491,0.467,28.09,71.3,3.8,504.4,1.0908,1.515,0.2393,0.28,0.1,0,0.1522,low
1065,2022-12-04,Sidi Bouzid,35.04,9.48,sandy-loam,Olive,12,2022,16.92,0.176,0.1575,0.298,15.0,75.4,1.61,196.2,0.4194,0.675,0.204,0.28,0.1,0,0.3374,mild
1066,2021-03-10,Gafsa,34.43,8.78,sandy,Potato,3,2021,21.69,0.2862,0.2402,0.4508,18.69,65.41,4.76,350.0,0.7452,1.003,0.1045,0.18,0.06,0,0.4679,mild
1067,2021-05-09,Sidi Bouzid,35.04,9.48,sandy-loam,Tomato,5,2021,22.71,0.692,0.4733,0.868,23.29,60.41,5.18,682.5,1.1321,1.578,0.2665,0.28,0.1,0,0.0334,low
1068,2021-07-09,Sidi Bouzid,35.04,9.48,sandy-loam,Tomato,7,2021,34.2,0.574,0.4149,0.7653,33.23,58.36,1.06,686.7,2.1214,1.965,0.2493,0.28,0.1,0,0.1775,low
1069,2021-11-27,Béja,36.73,9.18,loam,Wheat,11,2021,17.32,0.1421,0.1298,0.2462,12.96,57.38,2.67,249.6,0.6367,0.714,0.1996,0.32,0.12,0,0.7283,medium
1070,2022-02-19,Sfax,34.74,10.76,sandy-loam,Barley,2,2022,14.05,0.2042,0.1796,0.3391,11.08,67.6,5.17,279.1,0.4275,0.709,0.194,0.28,0.1,0,0.4564,mild
1071,2023-05-22,Sfax,34.74,10.76,sandy-loam,Citrus,5,2023,27.69,0.2071,0.1818,0.3433,24.39,50.36,1.66,657.2,1.5161,1.589,0.2173,0.28,0.1,0,0.4246,mild
1072,2022-09-11,Sidi Bouzid,35.04,9.48,sandy-loam,Olive,9,2022,28.93,0.2845,0.239,0.4486,25.03,60.57,2.54,595.8,1.2516,1.536,0.2052,0.28,0.1,0,0.4908,mild
1073,2022-07-10,Béja,36.73,9.18,loam,Pepper,7,2022,30.13,0.28,0.2358,0.4428,28.52,46.14,5.1,736.5,2.0982,1.847,0.1932,0.32,0.12,0,0.2809,mild
1074,2022-07-22,Gabès,33.88,9.79,sandy,Potato,7,2022,36.51,0.2165,0.1891,0.3567,33.29,38.42,2.99,841.0,3.148,2.177,0.1369,0.18,0.06,0,0.3402,mild
1075,2023-04-26,Kairouan,35.67,10.1,clay-loam,Citrus,4,2023,23.1,0.1111,0.1034,0.1967,17.91,50.21,4.66,471.6,1.0219,1.14,0.2385,0.36,0.18,0,0.6974,medium
1076,2021-05-23,Sidi Bouzid,35.04,9.48,sandy-loam,Olive,5,2021,31.7,0.1358,0.1245,0.2364,27.77,49.75,5.62,652.9,1.8743,1.711,0.1803,0.28,0.1,0,0.4718,mild
1077,2021-12-09,Kairouan,35.67,10.1,clay-loam,Potato,12,2021,21.27,0.1595,0.1441,0.273,16.41,63.4,3.2,213.8,0.6833,0.735,0.255,0.36,0.18,0,0.6849,medium
1078,2021-05-17,Gabès,33.88,9.79,sandy,Citrus,5,2021,29.25,0.1174,0.1088,0.207,26.68,54.4,1.94,703.2,1.5958,1.733,0.0953,0.18,0.06,1,0.3489,mild
1079,2021-10-21,Sidi Bouzid,35.04,9.48,sandy-loam,Wheat,10,2021,20.24,0.3427,0.2788,0.5212,19.92,64.88,5.74,386.4,0.817,1.089,0.2429,0.28,0.1,0,0.1691,low
1080,2022-10-09,Sfax,34.74,10.76,sandy-loam,Potato,10,2022,33.26,0.0105,0.0104,0.0201,24.7,41.26,4.72,415.3,1.8279,1.273,0.1157,0.28,0.1,1,0.9116,extreme
1081,2023-07-06,Béja,36.73,9.18,loam,Barley,7,2023,32.43,0.2114,0.1852,0.3494,29.45,44.31,1.79,806.9,2.2899,1.972,0.2351,0.32,0.12,0,0.3803,mild
1082,2022-09-23,Gafsa,34.43,8.78,sandy,Citrus,9,2022,27.78,0.3243,0.2665,0.4988,26.65,64.16,1.67,656.0,1.2519,1.673,0.1639,0.18,0.06,0,0.2179,low
1083,2021-08-12,Kairouan,35.67,10.1,clay-loam,Pepper,8,2021,30.15,0.4249,0.3309,0.6155,29.9,56.9,4.78,784.9,1.8179,1.964,0.2825,0.36,0.18,0,0.1404,low
1084,2022-04-17,Gabès,33.88,9.79,sandy,Tomato,4,2022,26.01,0.1643,0.148,0.2804,21.88,59.24,2.08,651.5,1.0697,1.488,0.1007,0.18,0.06,1,0.5295,medium
1085,2023-05-19,Gabès,33.88,9.79,sandy,Citrus,5,2023,30.09,0.1419,0.1295,0.2458,24.03,42.69,1.03,704.5,1.7136,1.632,0.1071,0.18,0.06,0,0.6832,medium
1086,2021-08-14,Gabès,33.88,9.79,sandy,Barley,8,2021,38.15,0.22,0.1917,0.3615,34.24,51.65,2.74,627.7,2.6064,1.916,0.1218,0.18,0.06,0,0.4242,mild
1087,2023-01-17,Sidi Bouzid,35.04,9.48,sandy-loam,Tomato,1,2023,14.19,0.335,0.2737,0.5119,14.33,76.59,1.27,192.3,0.3822,0.655,0.2348,0.28,0.1,0,0.1315,low
1088,2022-02-18,Béja,36.73,9.18,loam,Olive,2,2022,12.74,0.1507,0.1369,0.2595,11.91,66.31,2.38,270.5,0.4698,0.718,0.227,0.32,0.12,0,0.2707,mild
1089,2023-11-06,Bizerte,37.27,9.87,loam,Citrus,11,2023,14.71,0.5429,0.3984,0.7361,14.52,86.98,4.22,340.6,0.2153,0.877,0.3054,0.32,0.12,0,0.1834,low
1090,2022-06-17,Sfax,34.74,10.76,sandy-loam,Olive,6,2022,26.77,0.3772,0.3012,0.5619,27.15,63.15,5.97,776.6,1.3255,1.841,0.2466,0.28,0.1,0,0.0528,low
1091,2021-11-26,Nabeul,36.45,10.73,sandy,Potato,11,2021,24.43,0.1872,0.1663,0.3144,21.49,70.46,3.48,275.3,0.7569,0.958,0.1105,0.18,0.06,0,0.4702,mild
1092,2021-01-24,Nabeul,36.45,10.73,sandy,Potato,1,2021,19.67,0.1907,0.1691,0.3196,17.08,68.87,0.74,204.4,0.6063,0.733,0.1079,0.18,0.06,0,0.4285,mild
1093,2023-03-03,Gabès,33.88,9.79,sandy,Wheat,3,2023,19.66,0.1335,0.1225,0.2327,16.23,54.48,1.36,371.1,0.8399,0.963,0.0968,0.18,0.06,1,0.5161,medium
1094,2023-02-02,Kairouan,35.67,10.1,clay-loam,Potato,2,2023,20.55,0.2309,0.2,0.3768,18.51,74.48,2.51,319.8,0.5437,0.954,0.2847,0.36,0.18,0,0.3644,mild
1095,2022-10-09,Béja,36.73,9.18,loam,Pepper,10,2022,19.13,0.4291,0.3335,0.6201,19.79,79.37,4.48,517.9,0.476,1.257,0.3158,0.32,0.12,0,0.0149,low
1096,2021-11-09,Sidi Bouzid,35.04,9.48,sandy-loam,Olive,11,2021,25.49,0.0974,0.0914,0.1741,20.55,58.48,3.4,264.3,1.0043,0.916,0.1508,0.28,0.1,0,0.6675,medium
1097,2021-02-24,Nabeul,36.45,10.73,sandy,Potato,2,2021,9.96,0.3895,0.309,0.576,9.64,80.45,1.42,335.0,0.2343,0.738,0.1596,0.18,0.06,0,0.1519,low
1098,2022-12-05,Sfax,34.74,10.76,sandy-loam,Barley,12,2022,16.87,0.2164,0.189,0.3566,17.51,85.95,5.49,183.4,0.2811,0.703,0.2167,0.28,0.1,0,0.049,low
1099,2021-09-01,Béja,36.73,9.18,loam,Tomato,9,2021,39.04,0.077,0.0732,0.1397,30.52,35.63,1.9,563.0,2.814,1.685,0.1521,0.32,0.12,0,0.8683,high
1100,2021-05-07,Béja,36.73,9.18,loam,Potato,5,2021,19.04,0.6533,0.4549,0.8357,19.28,72.74,3.88,721.6,0.6093,1.463,0.3196,0.32,0.12,0,0.1347,low
1101,2021-11-05,Gafsa,34.43,8.78,sandy,Barley,11,2021,23.15,0.1843,0.164,0.3102,21.29,71.82,0.78,289.5,0.7135,0.977,0.1288,0.18,0.06,0,0.3502,mild
1102,2023-05-28,Gabès,33.88,9.79,sandy,Potato,5,2023,26.11,0.5659,0.4107,0.7578,26.69,67.08,2.15,603.3,1.1523,1.606,0.1541,0.18,0.06,0,0.061,low
1103,2021-07-16,Kairouan,35.67,10.1,clay-loam,Potato,7,2021,38.68,0.1642,0.1479,0.2802,33.24,33.44,2.18,853.8,3.3941,2.192,0.2523,0.36,0.18,0,0.503,medium
1104,2023-11-22,Kairouan,35.67,10.1,clay-loam,Citrus,11,2023,22.98,0.2404,0.2071,0.39,20.01,64.96,1.58,318.9,0.8202,0.992,0.2519,0.36,0.18,0,0.4246,mild
1105,2021-08-17,Gafsa,34.43,8.78,sandy,Potato,8,2021,37.16,0.2009,0.1771,0.3344,34.0,39.76,2.31,708.1,3.2039,2.025,0.1179,0.18,0.06,0,0.3139,mild
1106,2022-12-20,Sidi Bouzid,35.04,9.48,sandy-loam,Pepper,12,2022,19.45,0.0703,0.0671,0.1282,13.22,49.18,5.6,205.5,0.7724,0.654,0.1317,0.28,0.1,0,0.8233,high
1107,2022-06-26,Sfax,34.74,10.76,sandy-loam,Barley,6,2022,31.09,0.1117,0.1039,0.1977,25.35,45.33,3.93,666.3,1.7679,1.637,0.1609,0.28,0.1,0,0.6256,medium
1108,2022-06-19,Kairouan,35.67,10.1,clay-loam,Potato,6,2022,35.73,0.1408,0.1287,0.2442,28.85,39.92,5.39,784.1,2.3853,1.919,0.2341,0.36,0.18,0,0.6844,medium
1109,2021-05-01,Bizerte,37.27,9.87,loam,Wheat,5,2021,21.72,0.3854,0.3065,0.5714,19.48,64.76,0.7,629.1,0.7978,1.374,0.2496,0.32,0.12,0,0.427,mild
1110,2022-10-14,Bizerte,37.27,9.87,loam,Wheat,10,2022,31.6,0.0312,0.0305,0.0585,25.7,47.19,4.99,490.6,1.7441,1.416,0.1295,0.32,0.12,0,0.7587,high
1111,2023-03-26,Sidi Bouzid,35.04,9.48,sandy-loam,Potato,3,2023,22.18,0.0789,0.0749,0.1429,14.94,47.44,6.09,480.9,0.8931,1.055,0.1251,0.28,0.1,0,0.9377,extreme
1112,2022-06-13,Sfax,34.74,10.76,sandy-loam,Pepper,6,2022,34.19,0.1639,0.1477,0.2797,29.77,47.0,4.37,801.4,2.2189,1.979,0.1529,0.28,0.1,1,0.505,medium
1113,2021-05-20,Sfax,34.74,10.76,sandy-loam,Wheat,5,2021,26.04,0.3814,0.3039,0.5667,23.45,57.87,2.75,688.4,1.2165,1.59,0.2018,0.28,0.1,0,0.4064,mild
1114,2023-10-09,Sfax,34.74,10.76,sandy-loam,Potato,10,2023,29.14,0.4298,0.3339,0.6208,26.4,56.54,4.96,503.3,1.4956,1.457,0.2026,0.28,0.1,0,0.3998,mild
1115,2021-05-28,Gafsa,34.43,8.78,sandy,Olive,5,2021,22.43,0.1876,0.1666,0.315,23.32,62.79,2.86,528.5,1.0656,1.389,0.1518,0.18,0.06,0,0.0262,low
1116,2023-06-15,Kairouan,35.67,10.1,clay-loam,Tomato,6,2023,31.6,0.1665,0.1498,0.2836,26.47,40.37,1.61,903.6,2.0611,1.956,0.2178,0.36,0.18,1,0.572,medium
1117,2023-06-16,Sidi Bouzid,35.04,9.48,sandy-loam,Pepper,6,2023,29.64,0.5605,0.4079,0.7528,30.0,61.27,2.49,771.9,1.6428,1.951,0.2421,0.28,0.1,0,0.0453,low
1118,2021-01-15,Béja,36.73,9.18,loam,Tomato,1,2021,13.44,0.2368,0.2044,0.3849,10.67,78.54,5.96,222.9,0.2755,0.625,0.2185,0.32,0.12,0,0.4884,mild
1119,2022-06-23,Sfax,34.74,10.76,sandy-loam,Tomato,6,2022,24.81,0.6202,0.4386,0.8071,25.22,55.32,1.71,655.2,1.4342,1.618,0.2599,0.28,0.1,0,0.0871,low
1120,2022-09-11,Sidi Bouzid,35.04,9.48,sandy-loam,Olive,9,2022,31.31,0.4486,0.3451,0.641,30.5,63.07,4.17,647.5,1.6125,1.806,0.2648,0.28,0.1,0,0.1906,low
1121,2022-09-20,Gabès,33.88,9.79,sandy,Potato,9,2022,29.77,0.1792,0.1599,0.3026,25.96,48.43,1.22,562.3,1.7293,1.525,0.1053,0.18,0.06,0,0.4767,mild
1122,2023-07-13,Gafsa,34.43,8.78,sandy,Olive,7,2023,41.17,0.224,0.1948,0.3672,35.87,40.74,4.53,757.9,3.4947,2.171,0.1247,0.18,0.06,0,0.4713,mild
1123,2022-07-27,Béja,36.73,9.18,loam,Potato,7,2022,34.6,0.1621,0.1462,0.2769,30.66,50.48,5.04,922.6,2.1817,2.163,0.2122,0.32,0.12,0,0.481,mild
1124,2021-02-26,Gafsa,34.43,8.78,sandy,Wheat,2,2021,16.98,0.2868,0.2406,0.4516,17.33,82.65,4.72,272.0,0.3432,0.851,0.1551,0.18,0.06,0,0.0705,low
1125,2022-06-15,Gafsa,34.43,8.78,sandy,Citrus,6,2022,35.46,0.0444,0.0431,0.0825,29.96,45.52,5.63,657.4,2.3057,1.799,0.085,0.18,0.06,0,0.5718,medium
1126,2021-03-02,Kairouan,35.67,10.1,clay-loam,Tomato,3,2021,21.81,0.1574,0.1424,0.2698,16.79,62.55,3.56,389.9,0.716,1.004,0.25,0.36,0.18,0,0.6736,medium
1127,2022-04-11,Nabeul,36.45,10.73,sandy,Olive,4,2022,21.93,0.2114,0.1852,0.3495,22.84,78.71,1.08,577.2,0.5925,1.435,0.1576,0.18,0.06,0,0.0,low
1128,2021-08-13,Gafsa,34.43,8.78,sandy,Olive,8,2021,41.82,0.1238,0.1143,0.2172,35.0,38.22,3.23,757.5,3.473,2.135,0.0864,0.18,0.06,1,0.609,medium
1129,2022-07-28,Bizerte,37.27,9.87,loam,Olive,7,2022,31.29,0.4341,0.3365,0.6254,31.89,51.01,1.88,758.9,2.3145,2.011,0.2991,0.32,0.12,0,0.0107,low
1130,2022-01-08,Gabès,33.88,9.79,sandy,Potato,1,2022,13.43,0.2431,0.2091,0.3936,12.28,68.19,6.09,231.8,0.4543,0.673,0.1347,0.18,0.06,0,0.271,mild
1131,2021-02-20,Sfax,34.74,10.76,sandy-loam,Olive,2,2021,15.19,0.2106,0.1846,0.3484,15.93,84.5,1.45,356.9,0.2806,0.936,0.2401,0.28,0.1,0,0.0,low
1132,2021-06-18,Sfax,34.74,10.76,sandy-loam,Citrus,6,2021,34.08,0.2355,0.2034,0.3832,31.52,49.71,1.73,803.9,2.3273,2.055,0.205,0.28,0.1,0,0.3317,mild
1133,2021-01-26,Gabès,33.88,9.79,sandy,Tomato,1,2021,14.27,0.255,0.2179,0.4098,12.03,72.86,1.58,220.4,0.3814,0.651,0.1255,0.18,0.06,0,0.3895,mild
1134,2021-09-15,Kairouan,35.67,10.1,clay-loam,Barley,9,2021,33.49,0.1755,0.157,0.2971,31.5,56.68,1.42,644.4,2.0019,1.839,0.2649,0.36,0.18,0,0.2702,mild
1135,2023-08-28,Bizerte,37.27,9.87,loam,Barley,8,2023,32.82,0.2111,0.185,0.3491,29.53,49.55,2.49,719.7,2.0838,1.866,0.245,0.32,0.12,0,0.4609,mild
1136,2023-12-27,Sidi Bouzid,35.04,9.48,sandy-loam,Barley,12,2023,18.32,0.1577,0.1426,0.2703,16.27,73.63,4.65,232.2,0.4877,0.763,0.1753,0.28,0.1,0,0.3373,mild
1137,2022-01-28,Gafsa,34.43,8.78,sandy,Barley,1,2022,16.14,0.3746,0.2996,0.5589,16.52,82.06,0.83,243.5,0.3372,0.787,0.1686,0.18,0.06,0,0.088,low
1138,2022-06-14,Sfax,34.74,10.76,sandy-loam,Potato,6,2022,30.92,0.2693,0.2282,0.4288,28.69,54.61,4.67,747.8,1.786,1.868,0.2165,0.28,0.1,0,0.3178,mild
1139,2023-12-19,Bizerte,37.27,9.87,loam,Barley,12,2023,16.9,0.0994,0.0932,0.1775,14.12,65.0,5.86,185.4,0.5639,0.639,0.1723,0.32,0.12,1,0.5299,medium
1140,2022-07-08,Bizerte,37.27,9.87,loam,Olive,7,2022,31.67,0.294,0.2457,0.4608,29.48,39.01,4.73,803.7,2.5117,1.97,0.2373,0.32,0.12,0,0.2794,mild
1141,2021-03-08,Kairouan,35.67,10.1,clay-loam,Olive,3,2021,21.75,0.1203,0.1113,0.2116,18.04,62.35,0.61,453.5,0.7789,1.121,0.2531,0.36,0.18,0,0.5581,medium
1142,2021-11-05,Béja,36.73,9.18,loam,Tomato,11,2021,15.85,0.395,0.3125,0.5823,15.98,84.87,2.79,279.9,0.2748,0.83,0.2882,0.32,0.12,0,0.1163,low
1143,2023-02-19,Béja,36.73,9.18,loam,Wheat,2,2023,20.51,0.0372,0.0363,0.0695,15.67,60.44,4.69,295.5,0.7043,0.845,0.1425,0.32,0.12,1,0.7177,medium
1144,2021-09-13,Nabeul,36.45,10.73,sandy,Barley,9,2021,35.69,0.0757,0.072,0.1375,28.69,42.74,4.7,538.5,2.2525,1.585,0.0815,0.18,0.06,0,0.7684,high
1145,2023-08-06,Nabeul,36.45,10.73,sandy,Pepper,8,2023,37.3,0.1752,0.1568,0.2967,31.91,42.97,4.22,659.9,2.6981,1.876,0.0877,0.18,0.06,1,0.5851,medium
1146,2021-02-23,Kairouan,35.67,10.1,clay-loam,Tomato,2,2021,15.13,0.1451,0.1322,0.2508,11.56,65.0,2.15,346.1,0.4768,0.803,0.234,0.36,0.18,1,0.5423,medium
1147,2021-07-14,Kairouan,35.67,10.1,clay-loam,Tomato,7,2021,38.51,0.3349,0.2736,0.5118,34.37,41.11,4.71,765.9,3.1979,2.122,0.2521,0.36,0.18,0,0.4123,mild
1148,2023-10-12,Sfax,34.74,10.76,sandy-loam,Wheat,10,2023,31.69,0.0736,0.0701,0.1339,27.57,51.96,1.84,446.8,1.7703,1.409,0.1233,0.28,0.1,1,0.4935,medium
1149,2021-02-12,Sidi Bouzid,35.04,9.48,sandy-loam,Wheat,2,2021,15.39,0.2217,0.1931,0.3641,16.59,74.97,3.47,345.4,0.4725,0.939,0.2121,0.28,0.1,0,0.0,low
1150,2023-05-19,Bizerte,37.27,9.87,loam,Citrus,5,2023,27.8,0.237,0.2045,0.3852,25.4,60.89,3.72,689.5,1.2684,1.667,0.257,0.32,0.12,0,0.3873,mild
1151,2022-06-27,Gafsa,34.43,8.78,sandy,Barley,6,2022,32.37,0.1902,0.1687,0.3189,28.22,45.26,6.2,843.1,2.0963,1.964,0.1215,0.18,0.06,0,0.4511,mild
1152,2021-12-15,Gafsa,34.43,8.78,sandy,Barley,12,2021,19.21,0.1645,0.1482,0.2806,17.56,80.0,4.38,172.8,0.4015,0.683,0.1106,0.18,0.06,0,0.324,mild
1153,2022-12-28,Gafsa,34.43,8.78,sandy,Citrus,12,2022,16.41,0.1083,0.101,0.1922,13.07,56.67,3.99,175.6,0.6521,0.601,0.0825,0.18,0.06,1,0.5174,medium
1154,2022-12-12,Sidi Bouzid,35.04,9.48,sandy-loam,Barley,12,2022,17.25,0.0777,0.0738,0.1408,12.41,65.0,1.92,186.7,0.5044,0.607,0.1484,0.28,0.1,1,0.6593,medium
1155,2021-11-11,Kairouan,35.67,10.1,clay-loam,Wheat,11,2021,19.23,0.1824,0.1625,0.3074,17.29,69.73,4.54,246.2,0.5977,0.809,0.2606,0.36,0.18,0,0.3159,mild
1156,2023-10-17,Sfax,34.74,10.76,sandy-loam,Tomato,10,2023,29.02,0.0988,0.0926,0.1764,23.12,51.81,1.44,489.5,1.3636,1.33,0.1482,0.28,0.1,1,0.734,medium
1157,2022-12-10,Béja,36.73,9.18,loam,Olive,12,2022,15.42,0.1669,0.1501,0.2842,14.63,71.37,2.06,174.9,0.4766,0.63,0.2369,0.32,0.12,0,0.2446,mild
1158,2023-06-09,Gabès,33.88,9.79,sandy,Tomato,6,2023,37.6,0.4123,0.3233,0.6017,33.59,49.23,2.13,676.5,2.6388,1.964,0.1399,0.18,0.06,0,0.3982,mild
1159,2021-05-11,Béja,36.73,9.18,loam,Wheat,5,2021,29.24,0.1391,0.1272,0.2414,24.87,53.39,5.4,693.0,1.4648,1.65,0.1549,0.32,0.12,1,0.6164,medium
1160,2022-03-08,Sidi Bouzid,35.04,9.48,sandy-loam,Wheat,3,2022,18.28,0.3528,0.2855,0.5333,15.71,58.01,1.47,456.3,0.7496,1.052,0.1942,0.28,0.1,0,0.3843,mild
1161,2022-12-03,Gabès,33.88,9.79,sandy,Barley,12,2022,26.7,0.01,0.0099,0.0191,19.07,50.0,5.0,217.6,1.1036,0.799,0.0598,0.18,0.06,1,0.9125,extreme
1162,2021-04-17,Kairouan,35.67,10.1,clay-loam,Tomato,4,2021,26.65,0.1692,0.152,0.2878,23.08,58.91,0.71,515.3,1.1602,1.364,0.2471,0.36,0.18,0,0.4806,mild
1163,2022-06-12,Sfax,34.74,10.76,sandy-loam,Barley,6,2022,43.99,0.0288,0.0283,0.0542,33.17,33.62,2.81,686.4,3.3711,1.962,0.1106,0.28,0.1,1,0.922,extreme
1164,2021-03-01,Béja,36.73,9.18,loam,Tomato,3,2021,17.37,0.1999,0.1763,0.3329,15.52,66.82,2.11,351.0,0.585,0.917,0.203,0.32,0.12,0,0.4083,mild
1165,2021-10-02,Kairouan,35.67,10.1,clay-loam,Citrus,10,2021,19.82,0.3593,0.2897,0.5411,20.62,73.47,4.67,377.4,0.6447,1.097,0.3411,0.36,0.18,0,0.0449,low
1166,2022-07-17,Nabeul,36.45,10.73,sandy,Wheat,7,2022,36.39,0.2003,0.1766,0.3335,32.96,44.21,1.15,772.7,2.7998,2.073,0.1309,0.18,0.06,0,0.4029,mild
1167,2021-08-06,Gafsa,34.43,8.78,sandy,Potato,8,2021,43.78,0.085,0.0804,0.1533,35.78,35.16,1.2,812.0,3.8059,2.244,0.0934,0.18,0.06,0,0.6509,medium
1168,2023-10-21,Nabeul,36.45,10.73,sandy,Pepper,10,2023,22.65,0.3311,0.2711,0.5072,22.13,78.79,2.3,464.7,0.565,1.265,0.1554,0.18,0.06,0,0.2092,low
1169,2022-05-12,Kairouan,35.67,10.1,clay-loam,Barley,5,2022,23.44,0.2278,0.1976,0.3725,20.26,56.85,5.04,596.4,1.0256,1.366,0.2408,0.36,0.18,1,0.4641,mild
1170,2022-08-23,Sfax,34.74,10.76,sandy-loam,Citrus,8,2022,38.16,0.1289,0.1186,0.2253,32.45,33.19,4.02,757.6,3.2591,2.032,0.1568,0.28,0.1,1,0.5316,medium
1171,2022-11-02,Sfax,34.74,10.76,sandy-loam,Wheat,11,2022,23.86,0.1052,0.0982,0.187,18.09,60.68,3.41,242.4,0.8162,0.821,0.1509,0.28,0.1,1,0.7273,medium
1172,2021-11-02,Sfax,34.74,10.76,sandy-loam,Olive,11,2021,22.64,0.0439,0.0426,0.0815,14.59,48.77,1.56,279.9,0.851,0.796,0.1391,0.28,0.1,0,0.9963,extreme
1173,2022-09-20,Sfax,34.74,10.76,sandy-loam,Wheat,9,2022,34.54,0.01,0.0099,0.0191,26.49,27.23,2.9,584.3,2.5183,1.573,0.1109,0.28,0.1,0,0.7726,high
1174,2023-05-04,Gabès,33.88,9.79,sandy,Citrus,5,2023,30.18,0.1912,0.1695,0.3203,27.56,52.93,5.43,548.9,1.7344,1.562,0.1192,0.18,0.06,0,0.3375,mild
1175,2022-07-03,Béja,36.73,9.18,loam,Olive,7,2022,29.65,0.19,0.1685,0.3186,27.65,41.06,2.3,888.8,2.1834,1.991,0.1969,0.32,0.12,0,0.3158,mild
1176,2021-06-02,Nabeul,36.45,10.73,sandy,Tomato,6,2021,31.94,0.6635,0.4598,0.8444,31.5,65.13,5.5,638.2,1.6112,1.83,0.1688,0.18,0.06,0,0.1656,low
1177,2023-09-19,Gabès,33.88,9.79,sandy,Citrus,9,2023,30.44,0.1798,0.1605,0.3036,26.65,51.52,3.84,530.8,1.6939,1.505,0.1263,0.18,0.06,0,0.4867,mild
1178,2021-02-17,Sfax,34.74,10.76,sandy-loam,Olive,2,2021,16.07,0.0699,0.0667,0.1274,12.41,62.38,5.27,299.2,0.542,0.768,0.1555,0.28,0.1,1,0.5738,medium
1179,2021-07-15,Gabès,33.88,9.79,sandy,Citrus,7,2021,36.48,0.2438,0.2096,0.3945,32.1,45.45,2.88,667.8,2.6088,1.895,0.1256,0.18,0.06,0,0.4413,mild
1180,2022-04-28,Sfax,34.74,10.76,sandy-loam,Olive,4,2022,18.94,0.1906,0.169,0.3195,18.29,77.71,3.9,550.8,0.4683,1.244,0.2074,0.28,0.1,0,0.2212,low
1181,2022-07-25,Kairouan,35.67,10.1,clay-loam,Olive,7,2022,36.6,0.1691,0.1519,0.2876,31.11,42.25,4.39,776.5,2.6109,2.003,0.2435,0.36,0.18,0,0.5869,medium
1182,2022-01-09,Gafsa,34.43,8.78,sandy,Wheat,1,2022,12.71,0.3355,0.274,0.5125,12.62,84.65,2.95,219.2,0.2242,0.662,0.1671,0.18,0.06,0,0.159,low
1183,2022-02-15,Gabès,33.88,9.79,sandy,Wheat,2,2022,19.36,0.3868,0.3073,0.5729,19.75,79.75,1.71,313.0,0.4663,0.976,0.18,0.18,0.06,0,0.0414,low
1184,2022-03-03,Sfax,34.74,10.76,sandy-loam,Wheat,3,2022,16.33,0.3447,0.2801,0.5236,14.66,68.65,5.77,480.5,0.523,1.045,0.2109,0.28,0.1,0,0.3117,mild
1185,2021-04-24,Gabès,33.88,9.79,sandy,Wheat,4,2021,22.75,0.3628,0.292,0.5451,20.25,57.87,5.45,525.9,1.0004,1.282,0.1209,0.18,0.06,0,0.3842,mild
1186,2022-05-25,Sfax,34.74,10.76,sandy-loam,Pepper,5,2022,32.02,0.1404,0.1283,0.2435,25.52,45.13,3.39,603.3,1.7929,1.564,0.1714,0.28,0.1,0,0.6965,medium
1187,2021-12-03,Sidi Bouzid,35.04,9.48,sandy-loam,Tomato,12,2021,17.39,0.1197,0.1108,0.2106,12.45,59.64,1.32,213.8,0.5832,0.65,0.1502,0.28,0.1,1,0.7235,medium
1188,2021-09-20,Sidi Bouzid,35.04,9.48,sandy-loam,Pepper,9,2021,32.97,0.2795,0.2355,0.4421,32.5,72.1,1.85,524.1,1.3645,1.692,0.2082,0.28,0.1,0,0.1655,low
1189,2023-02-24,Nabeul,36.45,10.73,sandy,Citrus,2,2023,22.03,0.1499,0.1362,0.2583,17.18,57.06,4.84,284.6,0.8414,0.867,0.0794,0.18,0.06,0,0.7031,medium
1190,2021-02-14,Gabès,33.88,9.79,sandy,Barley,2,2021,23.42,0.1576,0.1425,0.2701,18.47,53.54,3.73,367.8,0.9875,1.022,0.1075,0.18,0.06,0,0.6421,medium
1191,2023-01-25,Bizerte,37.27,9.87,loam,Pepper,1,2023,16.04,0.1728,0.1549,0.2932,13.78,74.92,4.43,202.1,0.3954,0.66,0.2055,0.32,0.12,0,0.4061,mild
1192,2021-12-14,Gafsa,34.43,8.78,sandy,Tomato,12,2021,14.34,0.296,0.247,0.4633,15.55,82.33,1.14,201.3,0.3122,0.695,0.1347,0.18,0.06,0,0.0,low
1193,2023-02-23,Sfax,34.74,10.76,sandy-loam,Tomato,2,2023,16.34,0.2104,0.1844,0.348,14.08,66.05,3.2,325.2,0.5456,0.845,0.1852,0.28,0.1,0,0.3486,mild
1194,2022-11-26,Bizerte,37.27,9.87,loam,Olive,11,2022,19.85,0.2028,0.1785,0.3371,19.76,85.48,1.66,263.7,0.3345,0.896,0.277,0.32,0.12,0,0.1477,low
1195,2023-11-14,Sfax,34.74,10.76,sandy-loam,Potato,11,2023,23.88,0.1969,0.1739,0.3286,20.72,71.19,1.36,244.3,0.7045,0.885,0.1829,0.28,0.1,0,0.4775,mild
1196,2023-11-13,Gabès,33.88,9.79,sandy,Wheat,11,2023,25.87,0.1515,0.1375,0.2607,23.29,77.68,3.63,253.4,0.6381,0.961,0.1014,0.18,0.06,1,0.3923,mild
1197,2023-05-03,Sfax,34.74,10.76,sandy-loam,Pepper,5,2023,32.01,0.1235,0.114,0.2167,26.37,48.87,2.34,710.8,1.7562,1.73,0.1476,0.28,0.1,1,0.607,medium
1198,2021-05-22,Sfax,34.74,10.76,sandy-loam,Barley,5,2021,21.72,0.6019,0.4293,0.7907,21.04,70.88,1.64,768.6,0.726,1.582,0.2666,0.28,0.1,0,0.169,low
1199,2022-09-02,Kairouan,35.67,10.1,clay-loam,Wheat,9,2022,33.5,0.1147,0.1065,0.2026,27.45,41.57,4.59,546.2,2.1392,1.554,0.241,0.36,0.18,1,0.6607,medium
1200,2022-12-14,Sidi Bouzid,35.04,9.48,sandy-loam,Olive,12,2022,24.04,0.0292,0.0286,0.0548,16.5,50.0,2.26,174.6,0.9386,0.666,0.1082,0.28,0.1,1,0.9112,extreme
1201,2023-10-24,Sfax,34.74,10.76,sandy-loam,Olive,10,2023,27.1,0.045,0.0437,0.0837,22.85,47.73,4.02,543.5,1.4553,1.393,0.1379,0.28,0.1,0,0.5001,medium
1202,2023-03-24,Sfax,34.74,10.76,sandy-loam,Wheat,3,2023,16.81,0.5254,0.3889,0.7191,16.47,78.06,5.56,466.2,0.4111,1.087,0.2472,0.28,0.1,0,0.1475,low
1203,2022-02-14,Sidi Bouzid,35.04,9.48,sandy-loam,Olive,2,2022,19.51,0.0855,0.0808,0.1542,16.12,52.08,3.18,233.1,0.8778,0.761,0.163,0.28,0.1,0,0.4978,medium
1204,2023-02-11,Sfax,34.74,10.76,sandy-loam,Wheat,2,2023,20.67,0.0868,0.082,0.1563,16.22,54.05,2.19,304.1,0.8472,0.872,0.143,0.28,0.1,1,0.6255,medium
1205,2022-03-23,Sfax,34.74,10.76,sandy-loam,Tomato,3,2022,15.55,0.3888,0.3086,0.5752,16.26,78.13,4.15,475.1,0.4044,1.091,0.2486,0.28,0.1,0,0.0116,low
1206,2023-06-24,Gafsa,34.43,8.78,sandy,Olive,6,2023,33.29,0.1402,0.1281,0.2432,26.65,40.56,4.54,854.4,2.0758,1.909,0.0996,0.18,0.06,1,0.6925,medium
1207,2023-06-26,Sfax,34.74,10.76,sandy-loam,Tomato,6,2023,41.4,0.1385,0.1267,0.2406,32.12,25.3,4.43,671.5,3.5766,1.901,0.1363,0.28,0.1,0,0.7746,high
1208,2022-06-24,Bizerte,37.27,9.87,loam,Wheat,6,2022,27.51,0.4143,0.3245,0.6039,27.13,56.98,3.0,900.7,1.5456,1.981,0.32,0.32,0.12,0,0.1691,low
1209,2023-07-01,Sidi Bouzid,35.04,9.48,sandy-loam,Wheat,7,2023,34.29,0.3018,0.2511,0.4707,33.36,48.37,2.48,772.0,2.6504,2.089,0.2305,0.28,0.1,0,0.1837,low
1210,2023-07-22,Sfax,34.74,10.76,sandy-loam,Barley,7,2023,34.79,0.1049,0.098,0.1866,29.3,27.44,4.19,848.3,2.9581,2.016,0.1451,0.28,0.1,0,0.5115,medium
1211,2022-06-23,Nabeul,36.45,10.73,sandy,Potato,6,2022,31.89,0.3123,0.2583,0.4839,31.54,61.4,5.07,783.5,1.7885,2.03,0.1605,0.18,0.06,0,0.1302,low
1212,2022-04-19,Gabès,33.88,9.79,sandy,Citrus,4,2022,23.87,0.1207,0.1116,0.2122,19.54,59.07,4.61,447.8,0.9301,1.161,0.1008,0.18,0.06,1,0.5587,medium
1213,2022-01-15,Sfax,34.74,10.76,sandy-loam,Wheat,1,2022,14.73,0.3689,0.2959,0.5523,15.13,90.73,4.41,241.0,0.1594,0.751,0.2663,0.28,0.1,0,0.063,low
1214,2023-09-11,Sfax,34.74,10.76,sandy-loam,Pepper,9,2023,38.23,0.1712,0.1536,0.2907,31.12,49.61,4.56,648.6,2.2796,1.831,0.1646,0.28,0.1,0,0.7291,medium
1215,2021-05-22,Gafsa,34.43,8.78,sandy,Olive,5,2021,34.02,0.0262,0.0257,0.0494,25.36,44.23,1.91,668.9,1.8046,1.64,0.0739,0.18,0.06,0,0.921,extreme
1216,2023-12-23,Kairouan,35.67,10.1,clay-loam,Olive,12,2023,16.84,0.107,0.0998,0.19,11.99,61.16,5.43,200.0,0.5444,0.619,0.2545,0.36,0.18,0,0.7256,medium
1217,2021-12-11,Sfax,34.74,10.76,sandy-loam,Potato,12,2021,17.32,0.0608,0.0584,0.1116,13.19,65.0,2.04,188.6,0.5307,0.625,0.1326,0.28,0.1,1,0.5586,medium
1218,2022-07-04,Kairouan,35.67,10.1,clay-loam,Wheat,7,2022,31.87,0.2031,0.1788,0.3376,29.2,38.81,5.74,933.4,2.4797,2.11,0.2756,0.36,0.18,0,0.3152,mild
1219,2022-06-01,Kairouan,35.67,10.1,clay-loam,Barley,6,2022,32.04,0.1219,0.1127,0.2142,29.43,47.42,1.53,884.7,2.1592,2.064,0.2413,0.36,0.18,0,0.311,mild
1220,2022-04-23,Kairouan,35.67,10.1,clay-loam,Barley,4,2022,26.31,0.01,0.0099,0.0191,18.58,50.0,3.2,609.0,1.07,1.319,0.1848,0.36,0.18,0,0.943,extreme
1221,2021-12-22,Béja,36.73,9.18,loam,Barley,12,2021,21.6,0.0671,0.0642,0.1226,16.66,50.0,5.37,216.4,0.9484,0.745,0.157,0.32,0.12,0,0.7644,high
1222,2023-01-07,Kairouan,35.67,10.1,clay-loam,Wheat,1,2023,18.2,0.2367,0.2043,0.3848,15.56,69.12,3.84,234.9,0.546,0.751,0.2852,0.36,0.18,0,0.4666,mild
1223,2021-11-20,Nabeul,36.45,10.73,sandy,Barley,11,2021,15.67,0.1901,0.1686,0.3187,14.87,70.12,1.72,264.3,0.5053,0.78,0.1222,0.18,0.06,0,0.2512,mild
1224,2021-09-15,Nabeul,36.45,10.73,sandy,Pepper,9,2021,37.95,0.0542,0.0523,0.1,31.72,51.72,0.69,546.5,2.2598,1.701,0.0761,0.18,0.06,1,0.7043,medium
1225,2021-08-14,Gabès,33.88,9.79,sandy,Tomato,8,2021,42.9,0.2251,0.1956,0.3688,36.39,43.02,4.07,746.9,3.4584,2.176,0.0978,0.18,0.06,1,0.5568,medium
1226,2023-12-23,Béja,36.73,9.18,loam,Citrus,12,2023,12.28,0.3061,0.2541,0.4761,11.1,80.0,3.21,160.3,0.2643,0.538,0.2128,0.32,0.12,0,0.2864,mild
1227,2023-02-23,Béja,36.73,9.18,loam,Potato,2,2023,18.81,0.0802,0.0761,0.1452,14.88,63.89,2.66,266.2,0.611,0.783,0.1395,0.32,0.12,0,0.6637,medium
1228,2021-06-21,Bizerte,37.27,9.87,loam,Citrus,6,2021,26.02,0.1609,0.1452,0.2751,23.99,52.39,1.36,691.6,1.4193,1.615,0.2247,0.32,0.12,0,0.3141,mild
1229,2021-09-15,Sfax,34.74,10.76,sandy-loam,Wheat,9,2021,39.53,0.0635,0.0608,0.1163,32.36,47.41,0.51,665.3,2.5519,1.901,0.1273,0.28,0.1,1,0.7014,medium
1230,2021-08-23,Béja,36.73,9.18,loam,Barley,8,2021,33.1,0.2269,0.197,0.3713,32.07,48.58,0.73,848.8,2.4542,2.135,0.2422,0.32,0.12,0,0.2237,low
1231,2023-03-22,Sfax,34.74,10.76,sandy-loam,Barley,3,2023,17.99,0.3933,0.3114,0.5803,15.1,65.55,1.26,496.0,0.5912,1.076,0.2187,0.28,0.1,0,0.4657,mild
1232,2023-12-15,Sfax,34.74,10.76,sandy-loam,Citrus,12,2023,14.64,0.4941,0.3715,0.6881,13.95,77.6,1.24,215.5,0.357,0.685,0.2488,0.28,0.1,0,0.1784,low
1233,2023-04-15,Béja,36.73,9.18,loam,Olive,4,2023,28.33,0.012,0.0119,0.0229,20.88,44.77,4.99,521.8,1.3638,1.299,0.1414,0.32,0.12,1,0.948,extreme
1234,2022-06-17,Sidi Bouzid,35.04,9.48,sandy-loam,Citrus,6,2022,28.79,0.322,0.2649,0.496,29.47,56.27,3.19,746.0,1.8003,1.897,0.2686,0.28,0.1,0,0.0231,low
1235,2021-06-25,Sfax,34.74,10.76,sandy-loam,Tomato,6,2021,35.38,0.218,0.1902,0.3587,28.23,47.31,4.36,879.5,2.0189,2.006,0.1484,0.28,0.1,0,0.7393,medium
1236,2023-04-12,Gabès,33.88,9.79,sandy,Wheat,4,2023,23.04,0.3615,0.2912,0.5436,20.05,67.54,1.81,554.7,0.7615,1.31,0.1244,0.18,0.06,0,0.4101,mild
1237,2022-06-28,Gafsa,34.43,8.78,sandy,Wheat,6,2022,35.11,0.1305,0.12,0.2279,28.12,34.74,5.03,839.5,2.4847,1.955,0.0958,0.18,0.06,1,0.6973,medium
1238,2022-08-04,Kairouan,35.67,10.1,clay-loam,Olive,8,2022,37.87,0.2225,0.1937,0.3651,34.54,50.66,4.5,843.4,2.7049,2.234,0.2648,0.36,0.18,0,0.3523,mild
1239,2022-11-20,Gafsa,34.43,8.78,sandy,Pepper,11,2022,19.67,0.3008,0.2504,0.4695,20.04,75.01,3.02,249.8,0.5859,0.879,0.1483,0.18,0.06,0,0.061,low
1240,2023-12-11,Gafsa,34.43,8.78,sandy,Wheat,12,2023,21.81,0.0342,0.0334,0.0641,15.04,48.63,2.58,224.3,0.878,0.723,0.0779,0.18,0.06,1,0.8207,high
1241,2023-06-14,Kairouan,35.67,10.1,clay-loam,Wheat,6,2023,37.52,0.1021,0.0956,0.182,30.03,35.38,1.44,862.2,2.7464,2.064,0.2304,0.36,0.18,1,0.7254,medium
1242,2021-08-22,Sfax,34.74,10.76,sandy-loam,Olive,8,2021,40.25,0.2399,0.2067,0.3892,36.07,46.36,4.64,637.4,3.1993,1.998,0.195,0.28,0.1,0,0.4014,mild
1243,2021-08-18,Bizerte,37.27,9.87,loam,Pepper,8,2021,39.29,0.1426,0.1302,0.247,33.83,39.02,2.45,723.5,3.2133,2.041,0.1591,0.32,0.12,0,0.5775,medium
1244,2023-09-23,Kairouan,35.67,10.1,clay-loam,Potato,9,2023,30.45,0.2222,0.1934,0.3647,27.82,56.22,5.42,706.9,1.6377,1.782,0.2813,0.36,0.18,0,0.3957,mild
1245,2023-04-27,Sfax,34.74,10.76,sandy-loam,Potato,4,2023,20.66,0.2337,0.2021,0.3807,17.5,69.35,3.76,481.8,0.6131,1.139,0.1701,0.28,0.1,0,0.4518,mild
1246,2023-09-23,Béja,36.73,9.18,loam,Barley,9,2023,31.32,0.2456,0.2109,0.397,29.44,56.41,1.27,560.8,1.7915,1.644,0.2461,0.32,0.12,0,0.2985,mild
1247,2023-11-12,Sfax,34.74,10.76,sandy-loam,Potato,11,2023,21.26,0.3164,0.2611,0.4891,20.59,82.17,2.34,260.8,0.4322,0.911,0.2377,0.28,0.1,0,0.2131,low
1248,2023-12-21,Gabès,33.88,9.79,sandy,Olive,12,2023,21.8,0.0755,0.0718,0.1371,17.86,65.0,2.61,206.2,0.7162,0.753,0.0857,0.18,0.06,1,0.5682,medium
1249,2022-11-02,Béja,36.73,9.18,loam,Barley,11,2022,15.56,0.2348,0.2029,0.3822,13.9,70.87,5.86,322.2,0.4626,0.836,0.2401,0.32,0.12,0,0.3929,mild
1250,2023-05-24,Sfax,34.74,10.76,sandy-loam,Potato,5,2023,27.39,0.3425,0.2787,0.521,24.3,57.55,1.75,697.2,1.29,1.634,0.1856,0.28,0.1,0,0.4112,mild
1251,2022-10-22,Sfax,34.74,10.76,sandy-loam,Citrus,10,2022,35.82,0.075,0.0714,0.1362,28.04,47.13,0.63,483.3,2.003,1.481,0.1293,0.28,0.1,1,0.7933,high
1252,2023-06-14,Nabeul,36.45,10.73,sandy,Olive,6,2023,29.6,0.2599,0.2214,0.4163,28.17,48.13,5.52,660.2,1.9805,1.736,0.126,0.18,0.06,0,0.2464,mild
1253,2023-07-12,Nabeul,36.45,10.73,sandy,Tomato,7,2023,37.54,0.1749,0.1566,0.2963,30.58,40.22,3.25,862.3,2.6219,2.087,0.0875,0.18,0.06,1,0.7274,medium
1254,2022-06-27,Kairouan,35.67,10.1,clay-loam,Pepper,6,2022,38.35,0.1457,0.1327,0.2518,31.42,48.32,4.15,814.4,2.3774,2.064,0.2228,0.36,0.18,1,0.7127,medium
1255,2021-12-06,Kairouan,35.67,10.1,clay-loam,Potato,12,2021,14.46,0.2266,0.1968,0.3709,13.15,73.15,3.31,174.0,0.4061,0.6,0.2724,0.36,0.18,0,0.3049,mild
1256,2021-06-22,Sfax,34.74,10.76,sandy-loam,Potato,6,2021,31.76,0.1276,0.1175,0.2233,27.02,38.92,4.94,729.3,2.1802,1.779,0.165,0.28,0.1,0,0.5064,medium
1257,2023-06-23,Nabeul,36.45,10.73,sandy,Wheat,6,2023,33.5,0.0167,0.0165,0.0316,24.73,35.87,2.28,830.7,1.999,1.801,0.0562,0.18,0.06,1,0.9565,extreme
1258,2021-12-24,Sfax,34.74,10.76,sandy-loam,Tomato,12,2021,15.16,0.2536,0.2168,0.4078,13.08,72.3,2.3,185.5,0.4172,0.618,0.2069,0.28,0.1,0,0.4035,mild
1259,2023-12-07,Kairouan,35.67,10.1,clay-loam,Potato,12,2023,17.18,0.01,0.0099,0.0191,10.4,50.0,1.05,172.3,0.6307,0.544,0.179,0.36,0.18,0,0.9135,extreme
1260,2021-09-05,Bizerte,37.27,9.87,loam,Wheat,9,2021,30.03,0.2444,0.2101,0.3954,28.11,56.36,2.69,679.9,1.6603,1.759,0.2516,0.32,0.12,0,0.3492,mild
1261,2023-04-23,Kairouan,35.67,10.1,clay-loam,Potato,4,2023,21.34,0.4532,0.3478,0.6458,21.75,75.29,1.14,600.6,0.6433,1.424,0.3046,0.36,0.18,0,0.0844,low
1262,2022-09-16,Nabeul,36.45,10.73,sandy,Tomato,9,2022,32.83,0.1159,0.1075,0.2045,27.19,47.47,3.15,660.2,1.8945,1.699,0.0859,0.18,0.06,0,0.7055,medium
1263,2023-01-11,Bizerte,37.27,9.87,loam,Potato,1,2023,16.25,0.1682,0.1511,0.2861,14.46,72.47,6.07,241.2,0.4535,0.736,0.1934,0.32,0.12,0,0.3464,mild
1264,2021-12-05,Sidi Bouzid,35.04,9.48,sandy-loam,Citrus,12,2021,13.17,0.2966,0.2475,0.4641,12.4,69.76,0.47,200.9,0.4355,0.629,0.1906,0.28,0.1,0,0.2427,mild
1265,2022-08-10,Sfax,34.74,10.76,sandy-loam,Pepper,8,2022,36.45,0.4244,0.3307,0.615,36.1,51.87,3.24,851.6,2.8751,2.311,0.2189,0.28,0.1,0,0.1143,low
1266,2021-06-28,Gabès,33.88,9.79,sandy,Tomato,6,2021,35.05,0.1428,0.1303,0.2472,27.85,39.55,5.65,869.3,2.2656,1.978,0.0926,0.18,0.06,1,0.721,medium
1267,2023-01-09,Sfax,34.74,10.76,sandy-loam,Wheat,1,2023,13.54,0.2322,0.201,0.3786,11.5,72.87,2.41,220.5,0.3682,0.639,0.2013,0.28,0.1,0,0.3789,mild
1268,2022-01-04,Béja,36.73,9.18,loam,Barley,1,2022,11.6,0.1892,0.1679,0.3175,10.76,78.28,3.13,227.5,0.2807,0.633,0.2304,0.32,0.12,0,0.2679,mild
1269,2023-02-03,Bizerte,37.27,9.87,loam,Barley,2,2023,13.27,0.368,0.2954,0.5513,13.42,80.38,4.76,296.1,0.3019,0.789,0.3084,0.32,0.12,0,0.0741,low
1270,2021-05-26,Nabeul,36.45,10.73,sandy,Wheat,5,2021,21.55,0.5072,0.3788,0.7012,21.1,61.61,4.29,645.3,0.9605,1.452,0.1562,0.18,0.06,0,0.2005,low
1271,2023-09-13,Kairouan,35.67,10.1,clay-loam,Olive,9,2023,30.87,0.2075,0.1822,0.3439,28.07,50.08,0.99,703.1,1.8947,1.787,0.2604,0.36,0.18,0,0.3643,mild
1272,2023-05-01,Gabès,33.88,9.79,sandy,Olive,5,2023,27.24,0.1796,0.1603,0.3033,25.47,62.65,4.46,555.1,1.217,1.498,0.129,0.18,0.06,0,0.3014,mild
1273,2023-01-01,Nabeul,36.45,10.73,sandy,Barley,1,2023,14.71,0.1513,0.1374,0.2605,12.27,71.17,5.52,228.0,0.4117,0.667,0.1094,0.18,0.06,0,0.4165,mild
1274,2022-12-12,Nabeul,36.45,10.73,sandy,Potato,12,2022,12.63,0.2682,0.2274,0.4273,10.25,76.57,3.49,183.3,0.2927,0.558,0.1329,0.18,0.06,0,0.4381,mild
1275,2022-02-27,Sfax,34.74,10.76,sandy-loam,Potato,2,2022,19.01,0.2526,0.2161,0.4065,16.75,63.63,4.99,354.9,0.6938,0.956,0.2194,0.28,0.1,0,0.3586,mild
1276,2023-02-24,Sfax,34.74,10.76,sandy-loam,Barley,2,2023,15.35,0.2269,0.197,0.3713,13.43,74.0,5.45,353.0,0.4007,0.862,0.2127,0.28,0.1,0,0.3216,mild
1277,2022-11-07,Bizerte,37.27,9.87,loam,Olive,11,2022,18.66,0.0425,0.0413,0.0791,14.11,57.7,3.02,278.5,0.6812,0.783,0.159,0.32,0.12,0,0.7309,medium
1278,2022-09-28,Gabès,33.88,9.79,sandy,Wheat,9,2022,43.59,0.01,0.0099,0.0191,34.2,28.19,3.42,529.3,3.8622,1.758,0.0612,0.18,0.06,0,0.7551,high
1279,2022-08-12,Kairouan,35.67,10.1,clay-loam,Pepper,8,2022,30.75,0.6515,0.454,0.8342,29.93,62.61,5.3,883.2,1.5801,2.084,0.3532,0.36,0.18,0,0.1693,low
1280,2023-01-16,Nabeul,36.45,10.73,sandy,Wheat,1,2023,13.34,0.2487,0.2132,0.4012,12.36,74.25,1.18,196.3,0.3698,0.621,0.125,0.18,0.06,0,0.2738,mild
1281,2022-09-14,Gabès,33.88,9.79,sandy,Olive,9,2022,34.3,0.3479,0.2822,0.5275,34.06,66.37,3.38,647.2,1.7947,1.939,0.1561,0.18,0.06,0,0.1084,low
1282,2021-01-15,Gabès,33.88,9.79,sandy,Pepper,1,2021,18.42,0.3354,0.2739,0.5123,17.23,84.69,4.79,226.4,0.3009,0.774,0.1564,0.18,0.06,0,0.2247,low
1283,2021-05-20,Sfax,34.74,10.76,sandy-loam,Pepper,5,2021,34.95,0.0156,0.0154,0.0296,26.15,42.5,3.11,660.9,1.9502,1.66,0.1077,0.28,0.1,1,0.9233,extreme
1284,2021-03-17,Gabès,33.88,9.79,sandy,Pepper,3,2021,16.31,0.3986,0.3148,0.5864,17.46,68.73,3.28,363.0,0.6239,0.987,0.1644,0.18,0.06,0,0.0058,low
1285,2022-06-06,Sidi Bouzid,35.04,9.48,sandy-loam,Tomato,6,2022,34.96,0.3024,0.2515,0.4715,31.92,53.17,0.76,813.7,2.2164,2.084,0.1711,0.28,0.1,0,0.3663,mild
1286,2023-06-23,Béja,36.73,9.18,loam,Olive,6,2023,28.14,0.2251,0.1956,0.3687,25.18,50.42,3.9,641.2,1.588,1.599,0.2121,0.32,0.12,0,0.4593,mild
1287,2023-03-25,Béja,36.73,9.18,loam,Barley,3,2023,13.73,0.237,0.2045,0.3852,12.5,70.8,5.0,377.2,0.4232,0.865,0.2055,0.32,0.12,0,0.2997,mild
1288,2021-05-02,Kairouan,35.67,10.1,clay-loam,Olive,5,2021,27.82,0.1606,0.145,0.2747,24.86,53.91,1.45,739.9,1.4477,1.705,0.2874,0.36,0.18,0,0.4025,mild
1289,2023-08-04,Sfax,34.74,10.76,sandy-loam,Olive,8,2023,35.08,0.3356,0.2741,0.5127,33.49,64.04,4.07,798.9,1.8591,2.13,0.2291,0.28,0.1,0,0.2293,low
1290,2021-12-18,Béja,36.73,9.18,loam,Potato,12,2021,15.43,0.2895,0.2425,0.455,13.15,73.52,2.66,164.0,0.4007,0.583,0.254,0.32,0.12,0,0.4417,mild
1291,2023-10-15,Nabeul,36.45,10.73,sandy,Olive,10,2023,25.08,0.1864,0.1657,0.3133,26.18,73.42,5.63,523.2,0.903,1.478,0.1471,0.18,0.06,0,0.0167,low
1292,2022-01-13,Kairouan,35.67,10.1,clay-loam,Tomato,1,2022,15.6,0.1868,0.166,0.3139,13.24,67.8,4.02,219.4,0.4899,0.676,0.2606,0.36,0.18,0,0.3996,mild
1293,2023-01-08,Kairouan,35.67,10.1,clay-loam,Potato,1,2023,13.66,0.2411,0.2076,0.3908,11.54,70.62,5.15,185.9,0.3998,0.588,0.2903,0.36,0.18,0,0.3838,mild
1294,2023-06-26,Nabeul,36.45,10.73,sandy,Tomato,6,2023,25.54,0.4767,0.3615,0.6704,25.53,54.85,4.86,692.8,1.4756,1.676,0.143,0.18,0.06,0,0.1176,low
1295,2023-12-13,Gafsa,34.43,8.78,sandy,Tomato,12,2023,22.78,0.1332,0.1222,0.2321,17.18,58.48,4.22,212.6,0.8136,0.749,0.0835,0.18,0.06,1,0.7194,medium
1296,2021-12-15,Gafsa,34.43,8.78,sandy,Wheat,12,2021,21.6,0.2203,0.192,0.362,19.44,75.05,2.68,213.0,0.5634,0.799,0.1294,0.18,0.06,0,0.3852,mild
1297,2021-04-16,Sidi Bouzid,35.04,9.48,sandy-loam,Pepper,4,2021,25.48,0.1862,0.1655,0.3129,22.75,58.02,5.76,560.6,1.1617,1.411,0.1809,0.28,0.1,0,0.3745,mild
1298,2023-08-25,Gafsa,34.43,8.78,sandy,Pepper,8,2023,40.22,0.3055,0.2537,0.4754,36.69,53.97,5.05,673.7,2.8394,2.078,0.1154,0.18,0.06,0,0.3906,mild
1299,2022-04-15,Gabès,33.88,9.79,sandy,Pepper,4,2022,20.99,0.2354,0.2034,0.3831,18.37,58.63,0.9,563.7,0.8738,1.262,0.1281,0.18,0.06,0,0.3687,mild
1300,2021-05-25,Kairouan,35.67,10.1,clay-loam,Olive,5,2021,25.36,0.1652,0.1487,0.2817,22.56,51.02,3.61,586.1,1.3397,1.436,0.2775,0.36,0.18,0,0.4124,mild
1301,2022-01-07,Sfax,34.74,10.76,sandy-loam,Citrus,1,2022,16.27,0.2406,0.2072,0.3902,13.11,73.53,3.14,229.7,0.3995,0.689,0.1647,0.28,0.1,0,0.46,mild
1302,2021-12-23,Béja,36.73,9.18,loam,Pepper,12,2021,16.94,0.1873,0.1664,0.3147,14.91,73.89,0.89,174.8,0.4426,0.635,0.2118,0.32,0.12,0,0.3888,mild
1303,2022-06-26,Kairouan,35.67,10.1,clay-loam,Pepper,6,2022,25.27,0.5557,0.4053,0.7483,25.72,54.01,1.27,633.0,1.5203,1.609,0.318,0.36,0.18,0,0.0677,low
1304,2023-07-21,Nabeul,36.45,10.73,sandy,Olive,7,2023,33.8,0.2221,0.1933,0.3645,30.5,38.02,2.39,874.5,2.7062,2.099,0.124,0.18,0.06,0,0.399,mild
1305,2023-12-06,Sidi Bouzid,35.04,9.48,sandy-loam,Olive,12,2023,26.37,0.01,0.0099,0.0191,18.65,50.0,5.41,165.2,1.0751,0.689,0.0952,0.28,0.1,1,0.9275,extreme
1306,2021-01-22,Gabès,33.88,9.79,sandy,Tomato,1,2021,20.61,0.2328,0.2014,0.3794,18.8,69.34,3.22,253.4,0.6652,0.856,0.113,0.18,0.06,0,0.3383,mild
1307,2023-12-02,Gafsa,34.43,8.78,sandy,Olive,12,2023,14.4,0.1224,0.1131,0.215,12.44,74.47,2.88,170.3,0.3686,0.58,0.0949,0.18,0.06,1,0.3298,mild
1308,2021-10-08,Bizerte,37.27,9.87,loam,Pepper,10,2021,23.23,0.1416,0.1293,0.2454,18.42,57.81,3.83,504.0,0.894,1.195,0.1836,0.32,0.12,0,0.7109,medium
1309,2023-12-13,Kairouan,35.67,10.1,clay-loam,Pepper,12,2023,12.9,0.2635,0.224,0.4211,11.4,77.41,5.01,171.0,0.3046,0.561,0.2807,0.36,0.18,0,0.2805,mild
1310,2021-07-27,Sfax,34.74,10.76,sandy-loam,Potato,7,2021,40.74,0.1596,0.1442,0.2732,35.8,41.15,4.3,688.7,3.4575,2.067,0.177,0.28,0.1,0,0.4427,mild
1311,2021-01-14,Gafsa,34.43,8.78,sandy,Pepper,1,2021,20.72,0.1016,0.0951,0.1811,15.74,63.23,2.34,216.7,0.6574,0.726,0.0967,0.18,0.06,1,0.6613,medium
1312,2021-08-14,Bizerte,37.27,9.87,loam,Potato,8,2021,31.64,0.2373,0.2048,0.3857,28.77,41.75,4.7,750.0,2.3028,1.874,0.2447,0.32,0.12,0,0.4027,mild
1313,2023-09-11,Sidi Bouzid,35.04,9.48,sandy-loam,Barley,9,2023,39.41,0.1212,0.112,0.213,31.92,48.65,4.9,512.5,2.4304,1.654,0.1604,0.28,0.1,1,0.7215,medium
1314,2022-11-14,Sidi Bouzid,35.04,9.48,sandy-loam,Potato,11,2022,23.96,0.048,0.0465,0.089,19.36,65.0,2.36,272.3,0.7863,0.901,0.1241,0.28,0.1,1,0.655,medium
1315,2023-01-01,Bizerte,37.27,9.87,loam,Barley,1,2023,9.84,0.3366,0.2748,0.5139,10.78,79.63,5.01,199.4,0.2635,0.593,0.3165,0.32,0.12,0,0.0404,low
1316,2023-01-11,Sfax,34.74,10.76,sandy-loam,Barley,1,2023,20.47,0.1404,0.1283,0.2435,17.85,79.49,1.91,197.2,0.4196,0.736,0.1608,0.28,0.1,0,0.4108,mild
1317,2022-09-26,Sfax,34.74,10.76,sandy-loam,Wheat,9,2022,30.07,0.3451,0.2804,0.5242,29.23,68.74,5.67,661.5,1.2686,1.777,0.2548,0.28,0.1,0,0.2099,low
1318,2023-11-24,Sidi Bouzid,35.04,9.48,sandy-loam,Pepper,11,2023,17.61,0.2136,0.1869,0.3526,14.77,70.14,0.36,287.8,0.5019,0.812,0.1972,0.28,0.1,0,0.45,mild
1319,2021-06-28,Gabès,33.88,9.79,sandy,Citrus,6,2021,33.63,0.182,0.1622,0.3068,29.49,46.49,2.16,780.4,2.2056,1.941,0.1247,0.18,0.06,0,0.4316,mild
1320,2021-01-11,Gabès,33.88,9.79,sandy,Pepper,1,2021,22.86,0.1051,0.0982,0.1869,18.26,64.77,2.54,222.1,0.7393,0.79,0.0897,0.18,0.06,1,0.6034,medium
1321,2021-11-05,Béja,36.73,9.18,loam,Potato,11,2021,20.03,0.158,0.1429,0.2708,17.92,72.33,1.07,261.1,0.5682,0.848,0.1916,0.32,0.12,0,0.3854,mild
1322,2023-04-01,Gabès,33.88,9.79,sandy,Tomato,4,2023,25.49,0.2916,0.244,0.4577,22.58,61.23,2.52,507.1,1.0619,1.336,0.1266,0.18,0.06,0,0.4412,mild
1323,2021-04-27,Bizerte,37.27,9.87,loam,Olive,4,2021,20.38,0.1701,0.1527,0.2891,21.23,73.68,5.46,546.5,0.6641,1.341,0.2372,0.32,0.12,0,0.0,low
1324,2023-02-24,Sidi Bouzid,35.04,9.48,sandy-loam,Potato,2,2023,15.18,0.2817,0.2371,0.445,14.29,75.62,5.64,249.7,0.3971,0.745,0.211,0.28,0.1,0,0.2309,low
1325,2021-04-04,Bizerte,37.27,9.87,loam,Olive,4,2021,15.4,0.1791,0.1599,0.3025,14.64,67.11,3.69,474.6,0.548,1.038,0.2436,0.32,0.12,0,0.2523,mild
1326,2021-01-15,Bizerte,37.27,9.87,loam,Tomato,1,2021,9.38,0.4185,0.3271,0.6085,9.3,89.97,5.47,195.2,0.1175,0.556,0.3083,0.32,0.12,0,0.1603,low
1327,2023-09-14,Bizerte,37.27,9.87,loam,Olive,9,2023,23.69,0.4561,0.3496,0.6489,24.61,67.41,1.91,605.8,1.0087,1.534,0.3155,0.32,0.12,0,0.0458,low
1328,2023-01-09,Sidi Bouzid,35.04,9.48,sandy-loam,Barley,1,2023,11.64,0.2806,0.2363,0.4436,12.13,84.27,1.38,230.8,0.2225,0.668,0.2308,0.28,0.1,0,0.0878,low
1329,2021-07-24,Sfax,34.74,10.76,sandy-loam,Wheat,7,2021,34.39,0.3029,0.2519,0.4721,32.5,48.99,3.21,765.7,2.4946,2.045,0.2352,0.28,0.1,0,0.2309,low
1330,2021-05-06,Sidi Bouzid,35.04,9.48,sandy-loam,Pepper,5,2021,29.75,0.0891,0.084,0.1602,25.19,47.22,4.86,580.7,1.6916,1.522,0.1424,0.28,0.1,1,0.5502,medium
1331,2023-08-09,Gabès,33.88,9.79,sandy,Wheat,8,2023,33.4,0.1865,0.1658,0.3134,30.11,40.06,5.01,629.8,2.5597,1.767,0.1205,0.18,0.06,0,0.3766,mild
1332,2021-04-20,Kairouan,35.67,10.1,clay-loam,Wheat,4,2021,19.85,0.3766,0.3009,0.5613,17.86,62.31,0.39,601.0,0.771,1.285,0.273,0.36,0.18,0,0.3126,mild
1333,2023-08-23,Gafsa,34.43,8.78,sandy,Tomato,8,2023,31.76,0.5943,0.4255,0.7839,29.92,55.06,5.97,727.4,1.8981,1.891,0.1612,0.18,0.06,0,0.2351,low
1334,2021-03-25,Béja,36.73,9.18,loam,Wheat,3,2021,16.8,0.2518,0.2155,0.4055,14.76,64.9,1.57,401.8,0.5893,0.959,0.191,0.32,0.12,0,0.385,mild
1335,2021-08-01,Kairouan,35.67,10.1,clay-loam,Barley,8,2021,34.39,0.1379,0.1262,0.2397,28.83,30.47,4.03,881.2,2.7573,2.034,0.2401,0.36,0.18,1,0.5555,medium
1336,2023-09-11,Kairouan,35.67,10.1,clay-loam,Citrus,9,2023,32.51,0.1658,0.1492,0.2826,29.04,56.54,2.35,725.0,1.7448,1.853,0.2622,0.36,0.18,0,0.4529,mild
1337,2022-11-14,Béja,36.73,9.18,loam,Barley,11,2022,20.23,0.2301,0.1994,0.3757,18.41,77.32,5.01,285.4,0.4804,0.899,0.2392,0.32,0.12,0,0.3453,mild
1338,2023-01-23,Bizerte,37.27,9.87,loam,Potato,1,2023,8.09,0.3931,0.3113,0.5801,8.03,84.11,2.48,196.5,0.1708,0.532,0.3084,0.32,0.12,0,0.1297,low
1339,2021-08-17,Nabeul,36.45,10.73,sandy,Wheat,8,2021,35.49,0.063,0.0604,0.1155,30.49,34.27,1.61,876.1,2.8685,2.1,0.0789,0.18,0.06,0,0.5469,medium
1340,2023-06-01,Bizerte,37.27,9.87,loam,Wheat,6,2023,33.59,0.061,0.0586,0.112,29.32,36.56,5.06,866.0,2.5893,2.038,0.1582,0.32,0.12,1,0.5158,medium
1341,2022-07-28,Sidi Bouzid,35.04,9.48,sandy-loam,Citrus,7,2022,45.97,0.01,0.0099,0.0191,33.8,17.86,5.41,876.1,4.3208,2.244,0.1172,0.28,0.1,0,0.9483,extreme
1342,2023-09-04,Béja,36.73,9.18,loam,Barley,9,2023,30.71,0.2303,0.1995,0.376,30.43,61.54,2.89,556.3,1.672,1.671,0.2505,0.32,0.12,0,0.1169,low
1343,2021-09-19,Sidi Bouzid,35.04,9.48,sandy-loam,Barley,9,2021,36.68,0.1044,0.0975,0.1857,31.34,43.14,4.87,640.5,2.6043,1.827,0.1558,0.28,0.1,1,0.5347,medium
1344,2021-10-06,Kairouan,35.67,10.1,clay-loam,Olive,10,2021,26.49,0.2607,0.222,0.4173,26.56,69.98,0.88,383.0,1.043,1.276,0.3409,0.36,0.18,0,0.1081,low
1345,2021-09-25,Kairouan,35.67,10.1,clay-loam,Potato,9,2021,35.82,0.0257,0.0252,0.0484,27.91,27.4,0.9,595.2,2.7299,1.639,0.1857,0.36,0.18,0,0.7704,high
1346,2022-09-27,Kairouan,35.67,10.1,clay-loam,Tomato,9,2022,33.75,0.0785,0.0746,0.1423,28.25,36.4,5.34,642.5,2.4388,1.715,0.2027,0.36,0.18,0,0.5651,medium
1347,2022-02-14,Sfax,34.74,10.76,sandy-loam,Potato,2,2022,19.65,0.2456,0.2109,0.397,16.68,78.21,4.1,371.1,0.4136,0.976,0.1952,0.28,0.1,0,0.4643,mild
1348,2022-06-05,Kairouan,35.67,10.1,clay-loam,Potato,6,2022,34.47,0.1753,0.1568,0.2968,29.52,38.12,1.11,699.7,2.5547,1.839,0.2417,0.36,0.18,0,0.5017,medium
1349,2023-01-15,Gafsa,34.43,8.78,sandy,Olive,1,2023,19.39,0.0387,0.0377,0.0723,14.83,65.0,2.6,240.9,0.5904,0.744,0.0762,0.18,0.06,0,0.658,medium
1350,2023-12-02,Gafsa,34.43,8.78,sandy,Olive,12,2023,21.43,0.1166,0.1082,0.2057,18.75,80.0,1.4,184.5,0.4326,0.729,0.115,0.18,0.06,0,0.4283,mild
1351,2023-10-26,Sidi Bouzid,35.04,9.48,sandy-loam,Olive,10,2023,33.52,0.0325,0.0318,0.061,27.22,47.72,4.99,454.5,1.8882,1.41,0.1355,0.28,0.1,1,0.6967,medium
1352,2023-06-12,Nabeul,36.45,10.73,sandy,Olive,6,2023,31.73,0.0676,0.0646,0.1235,27.06,42.31,3.42,836.7,2.064,1.907,0.0873,0.18,0.06,0,0.572,medium
1353,2022-12-25,Sfax,34.74,10.76,sandy-loam,Citrus,12,2022,16.82,0.2675,0.2269,0.4264,14.76,70.57,4.76,230.0,0.4941,0.726,0.1723,0.28,0.1,0,0.3652,mild
1354,2022-04-12,Sidi Bouzid,35.04,9.48,sandy-loam,Citrus,4,2022,21.35,0.1682,0.1512,0.2863,19.15,65.72,0.97,449.1,0.7603,1.151,0.186,0.28,0.1,0,0.3519,mild
1355,2023-05-24,Nabeul,36.45,10.73,sandy,Olive,5,2023,24.78,0.2413,0.2077,0.3911,25.07,67.64,3.84,549.4,1.029,1.476,0.1557,0.18,0.06,0,0.065,low
1356,2022-11-19,Béja,36.73,9.18,loam,Olive,11,2022,27.15,0.0609,0.0585,0.1118,19.74,46.66,3.01,259.4,1.2271,0.888,0.137,0.32,0.12,0,0.984,extreme
1357,2022-02-10,Béja,36.73,9.18,loam,Olive,2,2022,16.06,0.2946,0.2461,0.4616,17.07,75.98,1.41,346.2,0.4675,0.953,0.3146,0.32,0.12,0,0.0086,low
1358,2021-11-07,Kairouan,35.67,10.1,clay-loam,Pepper,11,2021,19.75,0.2441,0.2098,0.395,17.84,63.58,4.22,321.7,0.744,0.939,0.2868,0.36,0.18,0,0.3734,mild
1359,2022-06-22,Nabeul,36.45,10.73,sandy,Tomato,6,2022,30.62,0.288,0.2415,0.4531,28.32,52.45,1.12,759.3,1.8307,1.867,0.0986,0.18,0.06,1,0.3415,mild
1360,2021-01-03,Béja,36.73,9.18,loam,Potato,1,2021,14.6,0.0954,0.0896,0.1708,11.58,65.0,3.58,178.0,0.4774,0.576,0.1689,0.32,0.12,1,0.54,medium
1361,2023-04-18,Kairouan,35.67,10.1,clay-loam,Potato,4,2023,22.2,0.4161,0.3256,0.6058,20.27,57.26,5.94,467.2,1.016,1.209,0.2991,0.36,0.18,0,0.2966,mild
1362,2023-04-10,Gabès,33.88,9.79,sandy,Pepper,4,2023,26.18,0.1036,0.0968,0.1844,21.88,49.31,1.66,545.5,1.3306,1.362,0.0837,0.18,0.06,1,0.5421,medium
1363,2023-09-03,Gabès,33.88,9.79,sandy,Tomato,9,2023,34.36,0.1798,0.1605,0.3036,31.76,51.81,4.94,635.1,2.2612,1.835,0.1036,0.18,0.06,0,0.3421,mild
1364,2021-05-21,Gabès,33.88,9.79,sandy,Barley,5,2021,24.15,0.3152,0.2603,0.4876,22.49,61.75,5.74,752.4,1.0421,1.624,0.1203,0.18,0.06,0,0.2538,mild
1365,2021-03-19,Nabeul,36.45,10.73,sandy,Citrus,3,2021,17.7,0.0647,0.062,0.1185,13.8,52.08,4.16,369.9,0.7561,0.893,0.0827,0.18,0.06,1,0.6115,medium
1366,2023-06-16,Sidi Bouzid,35.04,9.48,sandy-loam,Pepper,6,2023,33.64,0.1739,0.1557,0.2947,27.31,46.54,4.74,710.3,1.9413,1.767,0.1577,0.28,0.1,1,0.717,medium
1367,2023-03-13,Kairouan,35.67,10.1,clay-loam,Potato,3,2023,20.07,0.3312,0.2711,0.5073,18.36,61.0,1.81,433.5,0.8236,1.106,0.266,0.36,0.18,0,0.3439,mild
1368,2022-07-15,Gafsa,34.43,8.78,sandy,Pepper,7,2022,37.47,0.1898,0.1684,0.3183,31.81,26.85,2.3,730.1,3.4411,1.97,0.086,0.18,0.06,1,0.5317,medium
1369,2021-03-27,Sfax,34.74,10.76,sandy-loam,Olive,3,2021,25.24,0.0517,0.0499,0.0955,18.66,48.58,5.81,427.1,1.1063,1.107,0.1124,0.28,0.1,1,0.7963,high
1370,2022-01-02,Gabès,33.88,9.79,sandy,Barley,1,2022,14.91,0.2242,0.195,0.3675,12.12,74.83,3.33,255.1,0.3558,0.702,0.1382,0.18,0.06,0,0.4459,mild
1371,2023-04-11,Kairouan,35.67,10.1,clay-loam,Tomato,4,2023,23.89,0.1681,0.1511,0.2861,21.04,55.92,5.44,556.0,1.0989,1.346,0.2646,0.36,0.18,0,0.4254,mild
1372,2022-08-04,Gafsa,34.43,8.78,sandy,Citrus,8,2022,37.36,0.2307,0.1998,0.3766,36.86,54.86,4.86,655.7,2.8105,2.057,0.1251,0.18,0.06,0,0.1014,low
1373,2022-03-09,Kairouan,35.67,10.1,clay-loam,Citrus,3,2022,16.75,0.2231,0.1941,0.366,14.51,67.7,3.04,489.6,0.5338,1.051,0.2726,0.36,0.18,0,0.3551,mild
1374,2021-07-19,Nabeul,36.45,10.73,sandy,Wheat,7,2021,34.29,0.227,0.197,0.3714,30.18,38.93,4.99,695.8,2.6189,1.86,0.1294,0.18,0.06,0,0.4529,mild
1375,2023-09-10,Bizerte,37.27,9.87,loam,Tomato,9,2023,30.8,0.195,0.1725,0.3259,27.6,56.78,1.14,587.2,1.5961,1.617,0.1962,0.32,0.12,0,0.4668,mild
1376,2023-12-04,Gafsa,34.43,8.78,sandy,Tomato,12,2023,14.54,0.1439,0.1312,0.2489,11.79,66.91,2.35,189.3,0.4577,0.598,0.0991,0.18,0.06,0,0.4213,mild
1377,2022-06-23,Nabeul,36.45,10.73,sandy,Citrus,6,2022,30.16,0.0917,0.0864,0.1647,25.29,33.94,0.83,783.9,2.1297,1.773,0.0788,0.18,0.06,0,0.6072,medium
1378,2023-10-06,Sidi Bouzid,35.04,9.48,sandy-loam,Citrus,10,2023,28.3,0.3133,0.259,0.4851,27.9,70.7,1.59,504.2,1.1014,1.508,0.2569,0.28,0.1,0,0.1706,low
1379,2021-10-08,Sfax,34.74,10.76,sandy-loam,Potato,10,2021,29.9,0.2164,0.189,0.3566,25.95,54.48,0.74,444.0,1.5251,1.354,0.1636,0.28,0.1,0,0.5177,medium
1380,2022-05-02,Gabès,33.88,9.79,sandy,Potato,5,2022,30.69,0.1208,0.1117,0.2124,24.39,47.5,4.18,777.5,1.6034,1.729,0.0952,0.18,0.06,0,0.7317,medium
1381,2021-06-14,Nabeul,36.45,10.73,sandy,Potato,6,2021,32.32,0.2515,0.2153,0.405,29.0,55.77,3.02,865.1,1.7714,2.023,0.1244,0.18,0.06,0,0.442,mild
1382,2021-04-14,Sidi Bouzid,35.04,9.48,sandy-loam,Citrus,4,2021,24.34,0.0761,0.0724,0.1382,19.77,55.85,2.07,576.2,1.0175,1.325,0.133,0.28,0.1,0,0.6031,medium
1383,2022-01-03,Bizerte,37.27,9.87,loam,Citrus,1,2022,12.98,0.5095,0.3801,0.7035,13.02,90.05,4.34,239.0,0.1493,0.7,0.2854,0.32,0.12,0,0.1337,low
1384,2021-02-19,Gabès,33.88,9.79,sandy,Potato,2,2021,16.37,0.1561,0.1413,0.2678,12.73,63.83,5.16,358.7,0.5323,0.85,0.1111,0.18,0.06,0,0.5662,medium
1385,2023-05-26,Béja,36.73,9.18,loam,Potato,5,2023,25.37,0.356,0.2875,0.5371,23.1,54.09,1.56,673.8,1.2978,1.56,0.2216,0.32,0.12,0,0.3675,mild
1386,2022-09-08,Nabeul,36.45,10.73,sandy,Olive,9,2022,33.54,0.0793,0.0753,0.1436,27.16,41.23,2.9,592.0,2.1145,1.607,0.0711,0.18,0.06,1,0.7044,medium
1387,2021-11-02,Sfax,34.74,10.76,sandy-loam,Olive,11,2021,22.03,0.1714,0.1537,0.291,19.62,66.81,3.58,244.7,0.7578,0.86,0.2107,0.28,0.1,0,0.3776,mild
1388,2023-05-16,Nabeul,36.45,10.73,sandy,Barley,5,2023,22.13,0.2628,0.2235,0.4201,19.47,60.92,1.41,710.9,0.884,1.46,0.1073,0.18,0.06,0,0.4215,mild
1389,2023-05-22,Sfax,34.74,10.76,sandy-loam,Potato,5,2023,35.36,0.0825,0.0781,0.1491,26.88,38.31,5.17,564.9,2.1841,1.561,0.1211,0.28,0.1,0,0.8738,high
1390,2022-02-23,Gafsa,34.43,8.78,sandy,Wheat,2,2022,15.98,0.2159,0.1887,0.3559,14.52,73.15,3.93,278.3,0.444,0.792,0.135,0.18,0.06,0,0.3059,mild
1391,2023-08-01,Béja,36.73,9.18,loam,Barley,8,2023,34.37,0.2176,0.19,0.3583,31.23,48.3,2.83,671.7,2.3528,1.867,0.2266,0.32,0.12,0,0.3998,mild
1392,2021-02-01,Bizerte,37.27,9.87,loam,Olive,2,2021,18.31,0.1293,0.119,0.226,15.96,76.1,3.47,324.0,0.4336,0.893,0.1941,0.32,0.12,0,0.478,mild
1393,2023-02-11,Sidi Bouzid,35.04,9.48,sandy-loam,Wheat,2,2023,23.61,0.0571,0.055,0.1051,15.24,44.48,2.08,235.1,0.9616,0.744,0.1351,0.28,0.1,1,0.9927,extreme
1394,2022-12-09,Bizerte,37.27,9.87,loam,Tomato,12,2022,18.29,0.0882,0.0832,0.1587,13.98,60.79,1.17,183.3,0.6262,0.632,0.1542,0.32,0.12,0,0.7114,medium
1395,2021-01-26,Sidi Bouzid,35.04,9.48,sandy-loam,Barley,1,2021,20.63,0.0688,0.0657,0.1255,17.16,65.0,5.69,219.2,0.6852,0.761,0.1269,0.28,0.1,1,0.5198,medium
1396,2022-06-14,Kairouan,35.67,10.1,clay-loam,Pepper,6,2022,35.6,0.1906,0.169,0.3194,28.84,34.63,4.73,699.4,2.5947,1.813,0.2357,0.36,0.18,1,0.6605,medium
1397,2022-02-22,Béja,36.73,9.18,loam,Pepper,2,2022,18.69,0.1408,0.1287,0.2442,15.08,61.45,3.71,271.7,0.6608,0.797,0.1896,0.32,0.12,0,0.6356,medium
1398,2023-09-12,Kairouan,35.67,10.1,clay-loam,Citrus,9,2023,36.28,0.0785,0.0746,0.1423,30.88,46.48,3.74,557.0,2.3872,1.688,0.2038,0.36,0.18,1,0.5673,medium
1399,2022-09-13,Gafsa,34.43,8.78,sandy,Pepper,9,2022,28.88,0.3436,0.2794,0.5223,28.37,62.22,0.93,589.1,1.459,1.647,0.1444,0.18,0.06,0,0.1389,low
1400,2021-03-24,Gafsa,34.43,8.78,sandy,Olive,3,2021,18.85,0.1946,0.1722,0.3253,17.03,61.96,0.87,418.3,0.7385,1.047,0.1281,0.18,0.06,0,0.2994,mild
1401,2021-05-13,Gabès,33.88,9.79,sandy,Potato,5,2021,30.48,0.4214,0.3288,0.6116,28.76,53.02,0.82,735.2,1.8563,1.855,0.1336,0.18,0.06,0,0.2784,mild
1402,2023-04-21,Sidi Bouzid,35.04,9.48,sandy-loam,Potato,4,2023,23.91,0.479,0.3629,0.6728,23.42,76.7,4.63,575.2,0.6716,1.453,0.2358,0.28,0.1,0,0.1782,low
1403,2021-01-08,Bizerte,37.27,9.87,loam,Wheat,1,2021,18.02,0.1113,0.1036,0.1971,13.87,61.14,2.32,241.5,0.6161,0.723,0.1867,0.32,0.12,1,0.6853,medium
1404,2023-11-07,Gafsa,34.43,8.78,sandy,Pepper,11,2023,19.75,0.1571,0.1422,0.2694,17.43,63.7,3.0,304.4,0.7228,0.903,0.115,0.18,0.06,0,0.3858,mild
1405,2023-08-18,Kairouan,35.67,10.1,clay-loam,Citrus,8,2023,34.99,0.2119,0.1856,0.3502,30.84,42.53,5.48,618.8,2.5587,1.778,0.2973,0.36,0.18,0,0.4574,mild
1406,2022-11-07,Sfax,34.74,10.76,sandy-loam,Wheat,11,2022,18.37,0.308,0.2554,0.4786,17.29,81.64,4.38,333.9,0.3625,0.942,0.2465,0.28,0.1,0,0.2293,low
1407,2022-07-17,Gabès,33.88,9.79,sandy,Barley,7,2022,43.09,0.1171,0.1086,0.2065,34.76,36.01,4.6,954.4,3.5516,2.386,0.0918,0.18,0.06,0,0.716,medium
1408,2023-12-11,Sfax,34.74,10.76,sandy-loam,Wheat,12,2023,16.0,0.0662,0.0634,0.1211,11.21,64.0,3.55,203.2,0.4794,0.608,0.138,0.28,0.1,0,0.6879,medium
1409,2022-12-01,Gafsa,34.43,8.78,sandy,Tomato,12,2022,13.21,0.2928,0.2448,0.4592,11.39,75.37,5.56,159.0,0.3317,0.541,0.1259,0.18,0.06,0,0.3548,mild
1410,2022-09-03,Nabeul,36.45,10.73,sandy,Olive,9,2022,29.65,0.1434,0.1308,0.2481,24.89,49.23,3.46,674.9,1.5975,1.63,0.0938,0.18,0.06,1,0.592,medium
1411,2021-04-03,Gabès,33.88,9.79,sandy,Barley,4,2021,24.44,0.2185,0.1906,0.3595,19.72,52.28,1.88,467.5,1.0964,1.192,0.1111,0.18,0.06,0,0.6265,medium
1412,2023-01-08,Nabeul,36.45,10.73,sandy,Pepper,1,2023,16.93,0.01,0.0099,0.0191,11.86,50.0,2.34,171.5,0.6946,0.571,0.0523,0.18,0.06,1,0.76,high
1413,2023-02-10,Sidi Bouzid,35.04,9.48,sandy-loam,Olive,2,2023,19.34,0.1059,0.0989,0.1882,15.53,63.28,5.29,319.7,0.648,0.876,0.1454,0.28,0.1,1,0.5701,medium
1414,2021-05-04,Kairouan,35.67,10.1,clay-loam,Potato,5,2021,23.08,0.4557,0.3493,0.6485,20.38,51.11,2.46,680.2,1.17,1.463,0.3074,0.36,0.18,0,0.4282,mild
1415,2023-02-23,Béja,36.73,9.18,loam,Citrus,2,2023,20.41,0.1486,0.1352,0.2563,15.75,59.18,4.89,310.2,0.7304,0.868,0.1656,0.32,0.12,1,0.724,medium
1416,2023-10-15,Gafsa,34.43,8.78,sandy,Olive,10,2023,27.88,0.1734,0.1553,0.294,25.34,63.63,2.02,359.6,1.1756,1.202,0.1324,0.18,0.06,0,0.3872,mild
1417,2022-10-22,Sidi Bouzid,35.04,9.48,sandy-loam,Barley,10,2022,32.25,0.0848,0.0802,0.153,26.79,54.33,0.78,475.1,1.6079,1.428,0.1396,0.28,0.1,0,0.6127,medium
1418,2021-04-19,Sidi Bouzid,35.04,9.48,sandy-loam,Citrus,4,2021,22.72,0.1408,0.1286,0.2441,19.56,67.47,2.0,510.1,0.7401,1.24,0.1585,0.28,0.1,1,0.4613,mild
1419,2021-12-11,Sidi Bouzid,35.04,9.48,sandy-loam,Tomato,12,2021,18.0,0.2235,0.1944,0.3665,15.75,80.0,5.83,195.0,0.358,0.689,0.1873,0.28,0.1,0,0.3757,mild
1420,2021-02-25,Gafsa,34.43,8.78,sandy,Citrus,2,2021,25.31,0.0757,0.072,0.1375,17.12,43.89,1.35,326.8,1.0954,0.928,0.0738,0.18,0.06,1,0.9352,extreme
1421,2023-12-10,Gafsa,34.43,8.78,sandy,Wheat,12,2023,13.65,0.353,0.2856,0.5336,14.66,77.17,3.25,184.6,0.3809,0.648,0.1751,0.18,0.06,0,0.0261,low
1422,2022-04-06,Gabès,33.88,9.79,sandy,Olive,4,2022,19.4,0.2079,0.1825,0.3445,19.78,74.43,1.97,604.8,0.59,1.358,0.1579,0.18,0.06,0,0.0548,low
1423,2021-05-26,Sidi Bouzid,35.04,9.48,sandy-loam,Wheat,5,2021,29.24,0.1656,0.1491,0.2823,23.72,42.82,3.11,726.7,1.678,1.645,0.1509,0.28,0.1,0,0.6344,medium
1424,2022-04-03,Sfax,34.74,10.76,sandy-loam,Olive,4,2022,26.09,0.1703,0.1529,0.2894,23.65,57.91,4.78,607.5,1.2295,1.501,0.2072,0.28,0.1,0,0.3297,mild
1425,2021-12-11,Nabeul,36.45,10.73,sandy,Wheat,12,2021,17.8,0.01,0.0099,0.0191,12.21,50.0,5.4,167.7,0.7109,0.571,0.0539,0.18,0.06,1,0.8263,high
1426,2021-03-06,Kairouan,35.67,10.1,clay-loam,Citrus,3,2021,25.17,0.1295,0.1191,0.2262,19.68,56.92,1.58,466.9,0.9878,1.19,0.2392,0.36,0.18,1,0.7316,medium
1427,2023-05-09,Nabeul,36.45,10.73,sandy,Pepper,5,2023,27.69,0.0543,0.0523,0.1001,20.52,32.4,0.86,753.5,1.6319,1.546,0.0841,0.18,0.06,1,0.8651,high
1428,2021-03-26,Sfax,34.74,10.76,sandy-loam,Wheat,3,2021,13.51,0.6291,0.443,0.8149,13.82,77.7,2.4,394.0,0.3525,0.922,0.2619,0.28,0.1,0,0.0529,low
1429,2022-11-21,Nabeul,36.45,10.73,sandy,Pepper,11,2022,21.27,0.2065,0.1814,0.3425,19.7,67.51,5.0,328.6,0.7459,0.999,0.1198,0.18,0.06,0,0.3213,mild
1430,2023-07-19,Kairouan,35.67,10.1,clay-loam,Wheat,7,2023,42.31,0.1571,0.1421,0.2694,35.27,36.76,2.67,707.3,3.6098,2.074,0.2497,0.36,0.18,0,0.6159,medium
1431,2022-02-01,Sidi Bouzid,35.04,9.48,sandy-loam,Olive,2,2022,14.41,0.0606,0.0582,0.1112,10.39,65.0,2.64,269.2,0.4413,0.68,0.1516,0.28,0.1,0,0.5963,medium
1432,2022-02-23,Kairouan,35.67,10.1,clay-loam,Potato,2,2022,14.46,0.2559,0.2185,0.411,11.96,67.98,2.45,254.9,0.4478,0.698,0.3025,0.36,0.18,0,0.453,mild
1433,2021-04-14,Béja,36.73,9.18,loam,Potato,4,2021,27.77,0.0982,0.0921,0.1754,20.48,45.38,5.54,580.4,1.316,1.355,0.1526,0.32,0.12,1,0.9517,extreme
1434,2021-11-26,Sidi Bouzid,35.04,9.48,sandy-loam,Citrus,11,2021,20.82,0.2461,0.2113,0.3976,17.64,60.87,1.93,310.0,0.7894,0.917,0.1672,0.28,0.1,0,0.4999,medium
1435,2022-12-13,Gafsa,34.43,8.78,sandy,Tomato,12,2022,19.14,0.2939,0.2456,0.4607,15.97,79.17,1.34,200.3,0.3782,0.702,0.1368,0.18,0.06,0,0.4786,mild
1436,2022-12-05,Kairouan,35.67,10.1,clay-loam,Pepper,12,2022,18.43,0.2637,0.2241,0.4213,16.99,77.72,3.34,178.2,0.4313,0.682,0.285,0.36,0.18,0,0.3217,mild
1437,2022-02-27,Gabès,33.88,9.79,sandy,Olive,2,2022,18.33,0.0328,0.0321,0.0614,11.98,50.0,2.58,327.3,0.7005,0.792,0.07,0.18,0.06,0,0.801,high
1438,2021-04-04,Gafsa,34.43,8.78,sandy,Barley,4,2021,26.83,0.0589,0.0567,0.1083,18.37,37.34,3.47,533.8,1.3235,1.228,0.0684,0.18,0.06,1,0.9177,extreme
1439,2023-12-10,Sfax,34.74,10.76,sandy-loam,Wheat,12,2023,16.27,0.2287,0.1984,0.3738,14.29,69.37,4.81,206.3,0.499,0.677,0.198,0.28,0.1,0,0.3423,mild
1440,2023-02-17,Kairouan,35.67,10.1,clay-loam,Olive,2,2023,19.75,0.108,0.1007,0.1917,17.62,76.12,2.28,366.0,0.4812,0.996,0.2576,0.36,0.18,0,0.3923,mild
1441,2021-01-07,Béja,36.73,9.18,loam,Pepper,1,2021,10.73,0.2714,0.2297,0.4315,10.24,80.43,3.55,243.6,0.2443,0.643,0.2416,0.32,0.12,0,0.2083,low
1442,2022-09-23,Nabeul,36.45,10.73,sandy,Tomato,9,2022,30.86,0.0873,0.0824,0.1572,26.82,44.77,2.6,639.8,1.9479,1.658,0.0869,0.18,0.06,0,0.52,medium
1443,2023-05-25,Nabeul,36.45,10.73,sandy,Wheat,5,2023,19.55,0.6075,0.4322,0.7958,19.73,64.84,5.69,698.0,0.8086,1.457,0.18,0.18,0.06,0,0.0687,low
1444,2023-07-26,Gafsa,34.43,8.78,sandy,Wheat,7,2023,35.22,0.3184,0.2625,0.4915,34.6,60.56,1.68,795.4,2.1685,2.171,0.1665,0.18,0.06,0,0.1652,low
1445,2023-07-15,Kairouan,35.67,10.1,clay-loam,Potato,7,2023,38.49,0.0176,0.0174,0.0334,28.75,19.19,5.72,850.6,3.1907,1.995,0.1842,0.36,0.18,0,0.8647,high
1446,2023-04-15,Gafsa,34.43,8.78,sandy,Tomato,4,2023,17.98,0.1937,0.1715,0.324,16.29,65.16,2.1,544.0,0.6454,1.168,0.1275,0.18,0.06,0,0.2666,mild
1447,2022-12-06,Gafsa,34.43,8.78,sandy,Potato,12,2022,22.82,0.1623,0.1464,0.2773,19.58,68.24,4.58,189.2,0.7235,0.755,0.1052,0.18,0.06,0,0.4974,mild
1448,2022-06-25,Sidi Bouzid,35.04,9.48,sandy-loam,Olive,6,2022,31.41,0.1922,0.1703,0.3218,27.02,45.05,3.58,610.5,1.9613,1.627,0.1685,0.28,0.1,0,0.4763,mild
1449,2023-04-05,Béja,36.73,9.18,loam,Potato,4,2023,18.62,0.6292,0.443,0.8149,18.22,65.41,5.53,618.7,0.7238,1.316,0.296,0.32,0.12,0,0.2135,low
1450,2021-08-02,Sfax,34.74,10.76,sandy-loam,Citrus,8,2021,36.86,0.3097,0.2566,0.4807,35.61,60.9,1.12,749.5,2.273,2.148,0.2513,0.28,0.1,0,0.222,low
1451,2022-12-16,Béja,36.73,9.18,loam,Barley,12,2022,18.18,0.1898,0.1684,0.3183,16.21,67.02,1.84,191.4,0.6079,0.691,0.2244,0.32,0.12,0,0.3715,mild
1452,2023-07-07,Nabeul,36.45,10.73,sandy,Olive,7,2023,30.0,0.3904,0.3096,0.5771,29.12,59.64,0.78,724.1,1.6277,1.855,0.1581,0.18,0.06,0,0.2154,low
1453,2022-05-23,Sidi Bouzid,35.04,9.48,sandy-loam,Wheat,5,2022,29.68,0.2807,0.2363,0.4437,27.44,57.56,4.75,736.7,1.5524,1.804,0.1763,0.28,0.1,0,0.3438,mild
1454,2022-12-10,Kairouan,35.67,10.1,clay-loam,Potato,12,2022,13.4,0.3096,0.2565,0.4806,13.52,82.27,5.72,235.6,0.2747,0.706,0.3287,0.36,0.18,0,0.0933,low
1455,2022-10-14,Bizerte,37.27,9.87,loam,Olive,10,2022,27.4,0.01,0.0099,0.0191,20.57,41.25,1.51,387.4,1.4234,1.11,0.1236,0.32,0.12,1,0.8842,high
1456,2023-03-20,Kairouan,35.67,10.1,clay-loam,Pepper,3,2023,22.77,0.0143,0.0142,0.0272,16.16,44.73,4.02,441.9,1.015,1.049,0.1883,0.36,0.18,1,0.8446,high
1457,2021-04-27,Nabeul,36.45,10.73,sandy,Olive,4,2021,27.68,0.01,0.0099,0.0191,21.03,38.7,1.3,499.0,1.5276,1.275,0.0611,0.18,0.06,1,0.8384,high
1458,2021-12-17,Sfax,34.74,10.76,sandy-loam,Barley,12,2021,16.86,0.1465,0.1334,0.2531,14.18,72.73,5.96,177.8,0.441,0.627,0.1794,0.28,0.1,0,0.4128,mild
1459,2023-12-24,Gabès,33.88,9.79,sandy,Tomato,12,2023,18.9,0.101,0.0946,0.1802,14.88,64.58,3.07,184.9,0.5995,0.653,0.0899,0.18,0.06,1,0.5838,medium
1460,2022-10-07,Sidi Bouzid,35.04,9.48,sandy-loam,Olive,10,2022,28.8,0.1466,0.1335,0.2532,26.9,64.48,3.27,433.3,1.2591,1.367,0.1926,0.28,0.1,0,0.2874,mild
1461,2021-02-20,Bizerte,37.27,9.87,loam,Citrus,2,2021,15.57,0.2963,0.2473,0.4637,14.89,75.6,2.33,318.7,0.4132,0.858,0.2327,0.32,0.12,0,0.253,mild
1462,2023-05-27,Gabès,33.88,9.79,sandy,Olive,5,2023,24.19,0.1819,0.1621,0.3067,23.71,59.51,1.12,636.6,1.1869,1.539,0.1352,0.18,0.06,0,0.1464,low
1463,2022-11-16,Kairouan,35.67,10.1,clay-loam,Wheat,11,2022,16.3,0.2884,0.2417,0.4536,17.19,82.83,4.83,236.2,0.3366,0.79,0.3057,0.36,0.18,0,0.0311,low
1464,2023-01-28,Gafsa,34.43,8.78,sandy,Pepper,1,2023,17.75,0.1747,0.1564,0.296,15.95,67.13,3.83,175.7,0.5958,0.657,0.1093,0.18,0.06,0,0.3283,mild
1465,2023-08-21,Gabès,33.88,9.79,sandy,Barley,8,2023,31.34,0.2602,0.2216,0.4167,31.43,62.27,2.36,630.6,1.7369,1.816,0.1542,0.18,0.06,0,0.0946,low
1466,2021-10-24,Sidi Bouzid,35.04,9.48,sandy-loam,Citrus,10,2021,25.88,0.3621,0.2915,0.5443,24.59,67.59,4.56,500.9,1.002,1.394,0.264,0.28,0.1,0,0.2161,low
1467,2022-05-26,Sfax,34.74,10.76,sandy-loam,Olive,5,2022,29.33,0.0806,0.0765,0.1459,23.84,47.95,5.4,761.1,1.5384,1.688,0.1438,0.28,0.1,1,0.6357,medium
1468,2023-02-26,Sfax,34.74,10.76,sandy-loam,Olive,2,2023,12.97,0.2179,0.1901,0.3586,12.36,72.39,1.37,351.2,0.3966,0.831,0.2222,0.28,0.1,0,0.21,low
1469,2022-10-26,Kairouan,35.67,10.1,clay-loam,Citrus,10,2022,28.18,0.0896,0.0845,0.1611,23.98,52.27,1.49,511.7,1.4226,1.389,0.2103,0.36,0.18,1,0.5161,medium
1470,2021-08-04,Nabeul,36.45,10.73,sandy,Potato,8,2021,36.68,0.1026,0.0959,0.1827,31.84,31.15,3.41,621.0,3.2432,1.818,0.0993,0.18,0.06,1,0.5016,medium
1471,2022-09-22,Kairouan,35.67,10.1,clay-loam,Olive,9,2022,34.5,0.2417,0.2081,0.3917,32.59,62.09,1.71,588.4,1.8634,1.796,0.272,0.36,0.18,0,0.2899,mild
1472,2022-02-15,Gabès,33.88,9.79,sandy,Tomato,2,2022,18.06,0.2228,0.1939,0.3655,15.44,69.41,5.72,360.7,0.5366,0.928,0.1238,0.18,0.06,0,0.4459,mild
1473,2021-04-23,Sidi Bouzid,35.04,9.48,sandy-loam,Citrus,4,2021,19.18,0.2963,0.2473,0.4637,19.02,77.79,1.67,571.9,0.4886,1.294,0.2496,0.28,0.1,0,0.1447,low
1474,2022-04-16,Béja,36.73,9.18,loam,Olive,4,2022,21.25,0.0685,0.0654,0.125,17.16,51.34,2.28,492.2,0.9525,1.14,0.1743,0.32,0.12,0,0.648,medium
1475,2023-03-06,Sidi Bouzid,35.04,9.48,sandy-loam,Pepper,3,2023,21.69,0.1058,0.0987,0.188,17.12,54.93,4.53,464.5,0.8799,1.106,0.1394,0.28,0.1,0,0.5873,medium
1476,2022-08-13,Sidi Bouzid,35.04,9.48,sandy-loam,Citrus,8,2022,44.2,0.0346,0.0338,0.0648,33.5,23.62,5.7,621.6,3.9504,1.879,0.128,0.28,0.1,1,0.8556,high
1477,2022-01-17,Gabès,33.88,9.79,sandy,Potato,1,2022,12.62,0.3781,0.3018,0.5629,12.96,89.62,4.79,232.5,0.155,0.689,0.1716,0.18,0.06,0,0.0918,low
1478,2023-12-20,Béja,36.73,9.18,loam,Pepper,12,2023,13.27,0.205,0.1802,0.3403,11.21,73.15,4.39,177.3,0.3574,0.568,0.1978,0.32,0.12,0,0.4083,mild
1479,2021-09-13,Kairouan,35.67,10.1,clay-loam,Barley,9,2021,35.7,0.0906,0.0854,0.1628,28.74,47.52,4.79,667.1,2.0707,1.766,0.2271,0.36,0.18,0,0.7286,medium
1480,2022-10-23,Nabeul,36.45,10.73,sandy,Barley,10,2022,23.44,0.2238,0.1946,0.3669,21.66,62.03,4.06,528.5,0.9834,1.333,0.1336,0.18,0.06,0,0.3078,mild
1481,2023-08-16,Gabès,33.88,9.79,sandy,Olive,8,2023,41.93,0.27,0.2287,0.4296,37.14,42.23,5.86,629.7,3.6518,2.026,0.1233,0.18,0.06,0,0.4536,mild
1482,2022-04-27,Kairouan,35.67,10.1,clay-loam,Olive,4,2022,19.43,0.1739,0.1557,0.2948,20.52,73.7,4.13,456.1,0.6351,1.203,0.2932,0.36,0.18,0,0.0188,low
1483,2023-08-16,Sfax,34.74,10.76,sandy-loam,Potato,8,2023,32.75,0.3681,0.2954,0.5513,32.15,57.05,4.09,816.5,2.0597,2.097,0.2671,0.28,0.1,0,0.1603,low
1484,2022-09-25,Sfax,34.74,10.76,sandy-loam,Olive,9,2022,28.77,0.1607,0.1451,0.2749,27.01,53.82,2.33,577.4,1.6478,1.582,0.1679,0.28,0.1,0,0.2868,mild
1485,2021-12-17,Sfax,34.74,10.76,sandy-loam,Potato,12,2021,17.25,0.2555,0.2182,0.4103,17.94,76.81,4.39,218.2,0.4768,0.776,0.2207,0.28,0.1,0,0.037,low
1486,2022-03-23,Gabès,33.88,9.79,sandy,Tomato,3,2022,18.14,0.192,0.1701,0.3214,16.62,67.15,3.88,370.4,0.6215,0.973,0.1095,0.18,0.06,0,0.273,mild
1487,2022-02-26,Béja,36.73,9.18,loam,Wheat,2,2022,17.92,0.1538,0.1394,0.2643,17.04,76.88,5.08,335.6,0.4492,0.938,0.2074,0.32,0.12,0,0.2481,mild
1488,2023-06-07,Nabeul,36.45,10.73,sandy,Citrus,6,2023,38.27,0.0345,0.0337,0.0646,29.98,27.29,4.14,696.0,3.0808,1.852,0.0732,0.18,0.06,1,0.8117,high
1489,2023-07-15,Nabeul,36.45,10.73,sandy,Tomato,7,2023,31.02,0.6683,0.4621,0.8484,31.23,54.11,3.69,967.8,2.0889,2.241,0.1728,0.18,0.06,0,0.0974,low
1490,2023-12-05,Gafsa,34.43,8.78,sandy,Olive,12,2023,13.15,0.0857,0.081,0.1545,12.05,68.6,5.18,159.6,0.4419,0.554,0.1096,0.18,0.06,0,0.2809,mild
1491,2021-06-03,Sfax,34.74,10.76,sandy-loam,Barley,6,2021,29.75,0.2844,0.239,0.4485,30.59,68.16,5.25,759.8,1.3971,1.96,0.2401,0.28,0.1,0,0.0123,low
1492,2021-05-27,Bizerte,37.27,9.87,loam,Citrus,5,2021,26.03,0.0961,0.0903,0.172,22.03,52.51,0.71,676.6,1.258,1.522,0.1835,0.32,0.12,0,0.5688,medium
1493,2022-10-28,Béja,36.73,9.18,loam,Wheat,10,2022,23.05,0.1052,0.0982,0.187,19.82,53.59,4.36,361.9,1.0734,1.052,0.1729,0.32,0.12,0,0.5211,medium
1494,2021-08-17,Gafsa,34.43,8.78,sandy,Tomato,8,2021,43.15,0.0775,0.0736,0.1405,33.02,27.03,2.12,630.7,3.6751,1.875,0.08,0.18,0.06,1,0.8401,high
1495,2022-11-24,Gafsa,34.43,8.78,sandy,Olive,11,2022,29.98,0.0152,0.0151,0.029,21.46,45.25,3.78,302.8,1.4002,1.004,0.0734,0.18,0.06,1,0.9487,extreme
1496,2023-07-26,Sfax,34.74,10.76,sandy-loam,Potato,7,2023,34.52,0.1767,0.158,0.299,31.57,52.7,3.84,836.8,2.1954,2.099,0.1775,0.28,0.1,0,0.353,mild
1497,2022-04-08,Kairouan,35.67,10.1,clay-loam,Barley,4,2022,22.44,0.2859,0.24,0.4504,20.81,60.94,4.12,533.1,0.9601,1.31,0.2719,0.36,0.18,0,0.3151,mild
1498,2023-06-12,Sfax,34.74,10.76,sandy-loam,Tomato,6,2023,31.31,0.1935,0.1713,0.3237,26.53,41.02,3.99,708.1,2.046,1.733,0.1476,0.28,0.1,1,0.5269,medium
1499,2021-05-13,Kairouan,35.67,10.1,clay-loam,Potato,5,2021,26.18,0.3853,0.3064,0.5712,24.29,59.27,0.97,591.0,1.2366,1.504,0.2832,0.36,0.18,0,0.3154,mild
1500,2022-10-17,Sfax,34.74,10.76,sandy-loam,Pepper,10,2022,25.99,0.2087,0.1831,0.3456,23.7,56.22,4.9,506.0,1.283,1.372,0.1939,0.28,0.1,0,0.3182,mild
1501,2022-09-06,Gafsa,34.43,8.78,sandy,Citrus,9,2022,38.1,0.01,0.0099,0.0191,27.9,37.58,1.03,494.4,2.3461,1.493,0.0611,0.18,0.06,1,1.0,extreme
1502,2023-07-24,Béja,36.73,9.18,loam,Barley,7,2023,34.23,0.2075,0.1822,0.3439,30.84,40.28,0.8,816.2,2.6582,2.042,0.2236,0.32,0.12,0,0.4383,mild
1503,2021-05-15,Béja,36.73,9.18,loam,Citrus,5,2021,24.84,0.056,0.0539,0.1031,20.76,42.02,0.92,544.1,1.4205,1.322,0.148,0.32,0.12,0,0.5441,medium
1504,2021-02-06,Sfax,34.74,10.76,sandy-loam,Olive,2,2021,14.76,0.2019,0.1778,0.3358,16.0,82.48,2.05,305.4,0.3186,0.868,0.2447,0.28,0.1,0,0.008,low
1505,2022-05-05,Kairouan,35.67,10.1,clay-loam,Citrus,5,2022,26.33,0.2463,0.2114,0.398,23.0,53.16,1.72,619.3,1.3158,1.492,0.3047,0.36,0.18,0,0.4615,mild
1506,2022-04-25,Nabeul,36.45,10.73,sandy,Barley,4,2022,20.21,0.5088,0.3797,0.7028,20.23,77.15,1.3,526.4,0.5419,1.282,0.1596,0.18,0.06,0,0.1411,low
1507,2022-09-04,Sfax,34.74,10.76,sandy-loam,Potato,9,2022,26.08,0.3799,0.303,0.565,25.19,68.91,5.19,719.7,0.9961,1.695,0.2759,0.28,0.1,0,0.1989,low
1508,2022-07-01,Sfax,34.74,10.76,sandy-loam,Barley,7,2022,32.3,0.1569,0.1419,0.269,30.47,50.8,1.22,808.2,2.1444,2.016,0.1869,0.28,0.1,0,0.2824,mild
1509,2022-04-11,Gabès,33.88,9.79,sandy,Potato,4,2022,25.0,0.1207,0.1116,0.2122,19.5,59.68,4.98,552.0,0.914,1.288,0.0888,0.18,0.06,1,0.677,medium
1510,2023-06-24,Gabès,33.88,9.79,sandy,Potato,6,2023,32.04,0.1255,0.1158,0.22,26.36,34.21,1.35,869.0,2.259,1.913,0.0913,0.18,0.06,1,0.5689,medium
1511,2021-07-11,Nabeul,36.45,10.73,sandy,Citrus,7,2021,38.46,0.0516,0.0499,0.0954,28.8,20.71,3.32,853.8,3.1404,2.001,0.0686,0.18,0.06,0,0.897,high
1512,2022-06-16,Béja,36.73,9.18,loam,Potato,6,2022,26.05,0.2624,0.2232,0.4196,25.26,55.98,2.48,682.5,1.416,1.653,0.2487,0.32,0.12,0,0.2065,low
1513,2022-04-09,Béja,36.73,9.18,loam,Olive,4,2022,21.69,0.0593,0.057,0.1089,14.84,36.98,3.24,531.0,1.0639,1.105,0.1573,0.32,0.12,0,0.9207,extreme
1514,2023-04-27,Kairouan,35.67,10.1,clay-loam,Olive,4,2023,27.74,0.0404,0.0393,0.0753,21.17,45.51,3.21,510.6,1.3696,1.294,0.2104,0.36,0.18,1,0.8237,high
1515,2022-10-08,Gafsa,34.43,8.78,sandy,Wheat,10,2022,27.42,0.2186,0.1907,0.3596,25.36,59.21,5.62,427.6,1.3202,1.311,0.1278,0.18,0.06,0,0.306,mild
1516,2022-05-07,Gabès,33.88,9.79,sandy,Potato,5,2022,29.95,0.4129,0.3236,0.6023,27.76,59.88,0.87,642.6,1.4957,1.697,0.1341,0.18,0.06,0,0.3197,mild
1517,2022-09-11,Kairouan,35.67,10.1,clay-loam,Potato,9,2022,36.77,0.1052,0.0982,0.187,29.91,43.29,0.56,497.4,2.3941,1.564,0.2323,0.36,0.18,0,0.6812,medium
1518,2023-09-08,Béja,36.73,9.18,loam,Tomato,9,2023,36.02,0.0861,0.0814,0.1552,31.84,50.63,3.18,681.5,2.3268,1.904,0.1509,0.32,0.12,1,0.5148,medium
1519,2022-02-06,Béja,36.73,9.18,loam,Citrus,2,2022,13.97,0.5082,0.3794,0.7022,13.62,85.03,3.55,300.2,0.2335,0.8,0.2843,0.32,0.12,0,0.1673,low
1520,2022-07-22,Sfax,34.74,10.76,sandy-loam,Citrus,7,2022,39.2,0.1533,0.139,0.2635,36.37,52.81,4.54,900.5,2.861,2.389,0.1797,0.28,0.1,0,0.3212,mild
1521,2022-08-25,Kairouan,35.67,10.1,clay-loam,Pepper,8,2022,38.1,0.2251,0.1956,0.3687,32.71,37.13,0.94,696.2,3.1115,1.958,0.2467,0.36,0.18,0,0.5191,medium
1522,2022-02-15,Sidi Bouzid,35.04,9.48,sandy-loam,Potato,2,2022,17.38,0.2725,0.2305,0.4329,17.22,73.15,3.86,310.9,0.5274,0.907,0.2204,0.28,0.1,0,0.1536,low
1523,2023-06-10,Bizerte,37.27,9.87,loam,Barley,6,2023,29.58,0.1478,0.1345,0.2551,24.14,33.92,5.76,885.7,1.989,1.834,0.1867,0.32,0.12,1,0.6809,medium
1524,2022-07-22,Sidi Bouzid,35.04,9.48,sandy-loam,Tomato,7,2022,31.4,0.3014,0.2508,0.4702,28.74,46.11,3.62,705.4,2.1268,1.816,0.1804,0.28,0.1,0,0.3162,mild
1525,2021-04-06,Sidi Bouzid,35.04,9.48,sandy-loam,Barley,4,2021,19.86,0.2574,0.2196,0.4129,17.61,68.41,0.73,504.5,0.6362,1.169,0.1766,0.28,0.1,0,0.3841,mild
1526,2023-10-25,Sfax,34.74,10.76,sandy-loam,Barley,10,2023,34.07,0.01,0.0099,0.0191,26.24,41.96,4.36,439.2,1.9789,1.356,0.111,0.28,0.1,1,0.8368,high
1527,2022-08-10,Gafsa,34.43,8.78,sandy,Olive,8,2022,45.76,0.0294,0.0288,0.0553,34.28,26.55,0.55,632.9,3.9689,1.925,0.061,0.18,0.06,0,0.9029,extreme
1528,2022-04-12,Sfax,34.74,10.76,sandy-loam,Barley,4,2022,23.72,0.1351,0.1239,0.2352,19.96,58.13,2.42,542.1,0.9766,1.292,0.1456,0.28,0.1,1,0.542,medium
1529,2022-03-23,Sfax,34.74,10.76,sandy-loam,Pepper,3,2022,15.39,0.3259,0.2676,0.5008,15.71,76.48,2.72,406.1,0.4199,0.992,0.2233,0.28,0.1,0,0.0519,low
1530,2023-10-11,Sidi Bouzid,35.04,9.48,sandy-loam,Potato,10,2023,26.32,0.5833,0.4198,0.7739,25.41,78.96,1.05,416.7,0.6831,1.296,0.247,0.28,0.1,0,0.2398,low
1531,2023-07-21,Béja,36.73,9.18,loam,Olive,7,2023,45.13,0.0257,0.0253,0.0484,33.91,20.57,1.25,716.9,4.2033,2.034,0.1304,0.32,0.12,0,0.9639,extreme
1532,2021-11-23,Béja,36.73,9.18,loam,Tomato,11,2021,18.17,0.3329,0.2723,0.5093,17.93,73.87,1.71,295.0,0.5372,0.902,0.2584,0.32,0.12,0,0.1745,low
1533,2023-02-05,Nabeul,36.45,10.73,sandy,Barley,2,2023,16.08,0.2292,0.1987,0.3745,16.16,86.56,1.51,330.2,0.2469,0.907,0.1394,0.18,0.06,0,0.1449,low
1534,2023-07-09,Nabeul,36.45,10.73,sandy,Barley,7,2023,32.03,0.0598,0.0575,0.1098,27.51,41.95,1.15,808.9,2.1322,1.894,0.0737,0.18,0.06,1,0.5411,medium
1535,2023-10-10,Bizerte,37.27,9.87,loam,Olive,10,2023,27.93,0.1803,0.1608,0.3042,25.17,66.68,2.22,491.9,1.0665,1.401,0.2546,0.32,0.12,0,0.4552,mild
1536,2021-12-19,Gabès,33.88,9.79,sandy,Wheat,12,2021,19.14,0.2736,0.2313,0.4344,17.48,73.78,4.58,191.8,0.5238,0.718,0.139,0.18,0.06,0,0.3039,mild
1537,2022-01-14,Kairouan,35.67,10.1,clay-loam,Barley,1,2022,13.4,0.0833,0.0789,0.1505,10.41,58.51,4.15,233.3,0.5236,0.633,0.2095,0.36,0.18,1,0.5187,medium
1538,2022-07-13,Gafsa,34.43,8.78,sandy,Pepper,7,2022,32.96,0.6825,0.4689,0.8602,31.77,51.81,1.16,810.1,2.2619,2.073,0.18,0.18,0.06,0,0.1859,low
1539,2022-04-19,Gabès,33.88,9.79,sandy,Citrus,4,2022,27.35,0.0125,0.0124,0.0238,19.97,49.23,2.09,492.5,1.1851,1.232,0.0605,0.18,0.06,1,0.8526,high
1540,2021-07-18,Nabeul,36.45,10.73,sandy,Pepper,7,2021,31.96,0.0954,0.0897,0.1708,26.9,34.46,1.47,963.1,2.3234,2.039,0.0694,0.18,0.06,1,0.609,medium
1541,2022-10-26,Kairouan,35.67,10.1,clay-loam,Tomato,10,2022,31.19,0.1293,0.119,0.226,25.07,48.69,0.85,494.2,1.6318,1.4,0.2373,0.36,0.18,1,0.7211,medium
1542,2023-01-18,Bizerte,37.27,9.87,loam,Potato,1,2023,11.13,0.1658,0.1492,0.2826,9.48,72.7,3.57,224.8,0.3238,0.601,0.1968,0.32,0.12,0,0.3686,mild
1543,2021-11-02,Gafsa,34.43,8.78,sandy,Pepper,11,2021,26.01,0.0808,0.0766,0.1461,21.46,62.33,4.99,257.8,0.9636,0.926,0.0788,0.18,0.06,0,0.5744,medium
1544,2023-07-02,Gafsa,34.43,8.78,sandy,Barley,7,2023,33.28,0.217,0.1895,0.3574,31.36,46.91,4.54,737.1,2.4344,1.961,0.1412,0.18,0.06,0,0.2611,mild
1545,2021-02-17,Sfax,34.74,10.76,sandy-loam,Pepper,2,2021,18.68,0.0886,0.0836,0.1595,13.74,55.64,4.74,333.1,0.6971,0.846,0.1251,0.28,0.1,0,0.7007,medium
1546,2022-08-17,Bizerte,37.27,9.87,loam,Wheat,8,2022,36.37,0.0817,0.0775,0.1478,27.07,28.89,3.14,756.7,2.545,1.813,0.1549,0.32,0.12,1,1.0,extreme
1547,2021-10-25,Kairouan,35.67,10.1,clay-loam,Pepper,10,2021,23.83,0.1839,0.1637,0.3096,22.06,63.37,1.41,445.2,0.9719,1.236,0.2513,0.36,0.18,0,0.284,mild
1548,2022-05-23,Bizerte,37.27,9.87,loam,Barley,5,2022,22.01,0.2825,0.2376,0.446,19.33,62.45,2.22,737.7,0.8424,1.482,0.2197,0.32,0.12,0,0.4321,mild
1549,2021-09-12,Kairouan,35.67,10.1,clay-loam,Wheat,9,2021,32.75,0.1267,0.1167,0.2218,30.15,51.06,1.24,601.4,2.0939,1.728,0.2573,0.36,0.18,0,0.313,mild
1550,2023-09-07,Kairouan,35.67,10.1,clay-loam,Pepper,9,2023,36.69,0.1258,0.116,0.2204,31.27,41.11,5.09,603.2,2.6864,1.771,0.2363,0.36,0.18,1,0.5423,medium
1551,2022-06-05,Sfax,34.74,10.76,sandy-loam,Pepper,6,2022,34.37,0.4067,0.3198,0.5954,31.07,46.02,2.27,879.9,2.4344,2.13,0.2161,0.28,0.1,0,0.3635,mild
1552,2023-07-04,Kairouan,35.67,10.1,clay-loam,Wheat,7,2023,32.27,0.3811,0.3037,0.5664,32.11,54.19,4.86,875.4,2.1916,2.17,0.36,0.36,0.18,0,0.0994,low
1553,2022-09-25,Gafsa,34.43,8.78,sandy,Barley,9,2022,37.67,0.0613,0.0588,0.1125,32.07,42.02,2.57,682.7,2.768,1.915,0.0863,0.18,0.06,0,0.5317,medium
1554,2022-07-06,Gabès,33.88,9.79,sandy,Citrus,7,2022,34.36,0.1665,0.1498,0.2837,31.3,45.17,5.07,813.5,2.506,2.058,0.1265,0.18,0.06,0,0.3296,mild
1555,2021-03-17,Sfax,34.74,10.76,sandy-loam,Olive,3,2021,16.02,0.2819,0.2371,0.4452,15.97,70.49,4.36,364.9,0.5355,0.948,0.2764,0.28,0.1,0,0.1442,low
1556,2023-07-06,Béja,36.73,9.18,loam,Pepper,7,2023,32.02,0.4214,0.3288,0.6117,30.01,38.18,2.85,707.3,2.6244,1.868,0.2366,0.32,0.12,0,0.2657,mild
1557,2021-04-13,Béja,36.73,9.18,loam,Potato,4,2021,13.85,0.6431,0.4499,0.827,14.37,66.55,0.62,508.9,0.5478,1.066,0.3151,0.32,0.12,0,0.0357,low
1558,2023-10-03,Sidi Bouzid,35.04,9.48,sandy-loam,Tomato,10,2023,21.53,0.2778,0.2342,0.4398,21.4,75.01,1.99,473.4,0.6368,1.253,0.2108,0.28,0.1,0,0.1577,low
1559,2021-02-10,Bizerte,37.27,9.87,loam,Tomato,2,2021,15.32,0.2604,0.2218,0.4169,12.72,62.46,4.1,349.9,0.552,0.839,0.2281,0.32,0.12,0,0.4619,mild
1560,2022-07-01,Gabès,33.88,9.79,sandy,Olive,7,2022,39.45,0.177,0.1582,0.2994,31.89,39.27,0.95,858.3,2.8689,2.139,0.1004,0.18,0.06,1,0.7015,medium
1561,2022-03-03,Nabeul,36.45,10.73,sandy,Olive,3,2022,16.93,0.1796,0.1603,0.3033,14.8,56.94,5.4,497.1,0.725,1.068,0.1243,0.18,0.06,0,0.3843,mild
1562,2022-11-01,Kairouan,35.67,10.1,clay-loam,Potato,11,2022,18.88,0.2626,0.2234,0.4199,19.63,82.72,5.09,245.8,0.3948,0.862,0.2995,0.36,0.18,0,0.0506,low
1563,2023-03-10,Bizerte,37.27,9.87,loam,Potato,3,2023,11.25,0.4064,0.3196,0.5951,11.39,82.55,4.81,455.5,0.235,0.915,0.2366,0.32,0.12,0,0.0886,low
1564,2022-06-02,Sidi Bouzid,35.04,9.48,sandy-loam,Olive,6,2022,35.88,0.0973,0.0913,0.174,30.75,45.84,1.86,684.9,2.3993,1.867,0.1282,0.28,0.1,0,0.523,medium
1565,2022-09-10,Sfax,34.74,10.76,sandy-loam,Olive,9,2022,31.84,0.1266,0.1167,0.2217,26.48,40.01,5.95,693.1,2.0746,1.713,0.1608,0.28,0.1,1,0.5895,medium
1566,2021-07-21,Kairouan,35.67,10.1,clay-loam,Pepper,7,2021,38.43,0.3956,0.3129,0.583,34.42,46.42,0.67,682.2,2.9175,2.004,0.2721,0.36,0.18,0,0.4264,mild
1567,2022-08-09,Kairouan,35.67,10.1,clay-loam,Wheat,8,2022,34.68,0.128,0.1179,0.2239,30.31,42.53,1.58,626.1,2.4827,1.769,0.2445,0.36,0.18,0,0.4826,mild
1568,2022-08-10,Nabeul,36.45,10.73,sandy,Olive,8,2022,37.03,0.1774,0.1585,0.3,32.09,29.07,5.67,678.4,3.3902,1.91,0.0939,0.18,0.06,1,0.5098,medium
1569,2023-11-19,Kairouan,35.67,10.1,clay-loam,Pepper,11,2023,20.44,0.1196,0.1107,0.2104,16.11,58.17,3.83,235.2,0.766,0.764,0.2241,0.36,0.18,0,0.6005,medium
1570,2022-02-15,Béja,36.73,9.18,loam,Pepper,2,2022,10.3,0.4146,0.3247,0.6042,10.89,83.5,3.42,268.8,0.215,0.691,0.3053,0.32,0.12,0,0.0664,low
1571,2023-01-17,Bizerte,37.27,9.87,loam,Barley,1,2023,17.33,0.01,0.0099,0.0191,11.77,50.0,1.65,254.9,0.6909,0.694,0.126,0.32,0.12,1,0.8299,high
1572,2021-10-20,Nabeul,36.45,10.73,sandy,Tomato,10,2021,28.82,0.1074,0.1002,0.1907,23.43,52.93,3.49,443.8,1.3571,1.276,0.1015,0.18,0.06,0,0.7311,medium
1573,2021-12-19,Nabeul,36.45,10.73,sandy,Citrus,12,2021,17.66,0.4881,0.3681,0.682,16.85,80.14,4.5,175.8,0.3813,0.675,0.1632,0.18,0.06,0,0.2282,low
1574,2023-02-22,Sidi Bouzid,35.04,9.48,sandy-loam,Citrus,2,2023,16.38,0.2092,0.1835,0.3463,14.74,70.57,3.68,284.7,0.4937,0.807,0.1746,0.28,0.1,0,0.3446,mild
1575,2023-12-06,Sfax,34.74,10.76,sandy-loam,Barley,12,2023,24.93,0.0466,0.0452,0.0865,17.72,50.0,1.42,215.4,1.0139,0.766,0.1184,0.28,0.1,1,0.8739,high
1576,2022-11-18,Sidi Bouzid,35.04,9.48,sandy-loam,Tomato,11,2022,27.02,0.134,0.123,0.2335,21.26,58.04,4.2,295.0,1.0604,0.986,0.1479,0.28,0.1,0,0.7099,medium
1577,2021-01-01,Sfax,34.74,10.76,sandy-loam,Tomato,1,2021,16.05,0.395,0.3125,0.5823,15.61,88.47,4.75,176.8,0.2046,0.653,0.2684,0.28,0.1,0,0.1992,low
1578,2022-12-26,Nabeul,36.45,10.73,sandy,Tomato,12,2022,13.78,0.2836,0.2384,0.4475,11.31,79.38,4.46,205.5,0.2763,0.613,0.1364,0.18,0.06,0,0.4495,mild
1579,2022-06-17,Sfax,34.74,10.76,sandy-loam,Potato,6,2022,36.22,0.2482,0.2129,0.4006,31.98,58.34,5.9,709.7,1.9782,1.949,0.2003,0.28,0.1,0,0.4766,mild
1580,2022-04-23,Kairouan,35.67,10.1,clay-loam,Tomato,4,2022,18.4,0.208,0.1826,0.3446,15.37,54.56,3.33,587.4,0.7933,1.181,0.2736,0.36,0.18,0,0.4743,mild
1581,2022-02-05,Gafsa,34.43,8.78,sandy,Barley,2,2022,18.0,0.1906,0.169,0.3194,16.18,77.87,4.09,291.5,0.407,0.852,0.1314,0.18,0.06,0,0.3264,mild
1582,2022-07-15,Nabeul,36.45,10.73,sandy,Potato,7,2022,36.83,0.0372,0.0363,0.0695,28.58,25.07,5.13,709.3,2.9285,1.815,0.0714,0.18,0.06,0,0.8031,high
1583,2021-03-21,Nabeul,36.45,10.73,sandy,Pepper,3,2021,21.14,0.1407,0.1285,0.2439,16.81,48.24,0.71,373.6,0.9906,0.983,0.1078,0.18,0.06,0,0.6594,medium
1584,2022-12-14,Sidi Bouzid,35.04,9.48,sandy-loam,Citrus,12,2022,15.42,0.3849,0.3061,0.5707,14.09,80.0,2.35,181.7,0.3215,0.632,0.2067,0.28,0.1,0,0.286,mild
1585,2022-11-01,Kairouan,35.67,10.1,clay-loam,Pepper,11,2022,16.99,0.3769,0.3011,0.5616,17.93,81.67,5.88,332.3,0.3766,0.957,0.3458,0.36,0.18,0,0.0393,low
1586,2022-01-24,Kairouan,35.67,10.1,clay-loam,Barley,1,2022,18.54,0.1224,0.1131,0.215,15.19,60.22,0.78,201.6,0.6869,0.688,0.2273,0.36,0.18,1,0.5066,medium
1587,2023-09-13,Kairouan,35.67,10.1,clay-loam,Tomato,9,2023,26.03,0.2725,0.2305,0.433,25.7,72.39,1.99,579.2,0.9117,1.538,0.2982,0.36,0.18,0,0.151,low
1588,2021-02-27,Sidi Bouzid,35.04,9.48,sandy-loam,Olive,2,2021,16.96,0.1113,0.1036,0.197,13.9,54.48,4.58,330.9,0.7227,0.847,0.1679,0.28,0.1,0,0.4961,medium
1589,2021-06-08,Sidi Bouzid,35.04,9.48,sandy-loam,Barley,6,2021,34.32,0.2099,0.1841,0.3474,30.65,47.62,4.09,832.4,2.3073,2.054,0.2059,0.28,0.1,0,0.4282,mild
1590,2022-05-08,Nabeul,36.45,10.73,sandy,Potato,5,2022,28.54,0.2414,0.2078,0.3913,25.76,52.41,3.68,773.0,1.5773,1.78,0.1059,0.18,0.06,0,0.4184,mild
1591,2023-01-11,Sidi Bouzid,35.04,9.48,sandy-loam,Citrus,1,2023,19.89,0.219,0.191,0.3602,17.0,69.35,3.39,178.9,0.5939,0.684,0.1582,0.28,0.1,0,0.4482,mild
1592,2021-10-19,Béja,36.73,9.18,loam,Citrus,10,2021,24.7,0.3798,0.3029,0.565,24.46,67.36,5.03,384.4,1.0012,1.218,0.32,0.32,0.12,0,0.1348,low
1593,2023-11-24,Kairouan,35.67,10.1,clay-loam,Potato,11,2023,18.57,0.2,0.1763,0.333,16.96,71.34,1.68,248.2,0.5538,0.805,0.2706,0.36,0.18,0,0.3144,mild
1594,2022-05-24,Sfax,34.74,10.76,sandy-loam,Potato,5,2022,24.3,0.6421,0.4494,0.8262,24.14,60.02,2.55,774.9,1.2033,1.716,0.28,0.28,0.1,0,0.0936,low
1595,2022-11-04,Gabès,33.88,9.79,sandy,Tomato,11,2022,21.5,0.0979,0.0918,0.175,17.23,55.31,2.81,312.6,0.8789,0.91,0.0719,0.18,0.06,0,0.5834,medium
1596,2023-04-22,Sfax,34.74,10.76,sandy-loam,Wheat,4,2023,19.66,0.4638,0.3541,0.657,19.41,73.09,4.78,519.5,0.6066,1.246,0.2407,0.28,0.1,0,0.1112,low
1597,2022-09-17,Sidi Bouzid,35.04,9.48,sandy-loam,Barley,9,2022,36.26,0.0887,0.0837,0.1596,30.37,42.15,1.02,566.4,2.5076,1.685,0.1468,0.28,0.1,1,0.5853,medium
1598,2021-02-18,Sfax,34.74,10.76,sandy-loam,Tomato,2,2021,16.95,0.4054,0.319,0.594,16.05,87.43,4.56,303.3,0.2293,0.866,0.268,0.28,0.1,0,0.2068,low
1599,2023-07-05,Sidi Bouzid,35.04,9.48,sandy-loam,Wheat,7,2023,30.66,0.2868,0.2407,0.4516,31.13,49.57,0.72,817.5,2.2829,2.056,0.2355,0.28,0.1,0,0.0587,low
1600,2023-09-14,Gabès,33.88,9.79,sandy,Wheat,9,2023,33.32,0.3246,0.2667,0.4992,32.94,57.69,5.28,703.6,2.1216,1.978,0.1619,0.18,0.06,0,0.1216,low
1601,2022-09-06,Sfax,34.74,10.76,sandy-loam,Barley,9,2022,27.15,0.2286,0.1982,0.3736,25.0,50.14,3.49,615.5,1.5799,1.56,0.2049,0.28,0.1,0,0.3274,mild
1602,2022-03-15,Nabeul,36.45,10.73,sandy,Barley,3,2022,13.35,0.3899,0.3093,0.5765,13.38,71.66,2.2,375.8,0.4352,0.888,0.1476,0.18,0.06,0,0.123,low
1603,2023-09-27,Gabès,33.88,9.79,sandy,Barley,9,2023,32.87,0.3199,0.2635,0.4934,32.76,65.01,4.94,679.5,1.7362,1.937,0.1663,0.18,0.06,0,0.0833,low
1604,2023-04-22,Gafsa,34.43,8.78,sandy,Citrus,4,2023,19.41,0.2463,0.2115,0.398,17.44,65.48,1.29,474.2,0.6879,1.128,0.1425,0.18,0.06,0,0.3243,mild
1605,2022-10-17,Nabeul,36.45,10.73,sandy,Citrus,10,2022,23.39,0.1759,0.1573,0.2977,20.54,58.44,5.74,515.6,1.0046,1.279,0.1081,0.18,0.06,0,0.4281,mild
1606,2022-10-09,Sidi Bouzid,35.04,9.48,sandy-loam,Wheat,10,2022,24.58,0.1671,0.1503,0.2845,21.91,63.81,2.77,395.2,0.9514,1.16,0.1842,0.28,0.1,0,0.3977,mild
1607,2023-01-02,Bizerte,37.27,9.87,loam,Olive,1,2023,14.58,0.1183,0.1096,0.2084,12.89,68.25,4.64,199.7,0.472,0.637,0.19,0.32,0.12,0,0.3462,mild
1608,2023-11-23,Béja,36.73,9.18,loam,Wheat,11,2023,20.59,0.2781,0.2345,0.4403,20.39,75.69,3.06,266.8,0.5823,0.917,0.2582,0.32,0.12,0,0.1232,low
1609,2023-10-10,Sidi Bouzid,35.04,9.48,sandy-loam,Olive,10,2023,21.58,0.2487,0.2132,0.4012,21.12,69.62,5.78,373.3,0.7611,1.105,0.2516,0.28,0.1,0,0.1696,low
1610,2021-12-26,Béja,36.73,9.18,loam,Tomato,12,2021,13.92,0.2574,0.2195,0.4129,12.8,66.89,2.52,173.6,0.4894,0.592,0.2343,0.32,0.12,0,0.2627,mild
1611,2023-11-19,Gabès,33.88,9.79,sandy,Wheat,11,2023,21.62,0.069,0.0659,0.1258,16.55,65.0,5.93,309.0,0.6592,0.887,0.0744,0.18,0.06,0,0.6898,medium
1612,2021-12-02,Gabès,33.88,9.79,sandy,Citrus,12,2021,17.07,0.1877,0.1667,0.3151,13.37,65.0,2.87,226.4,0.5371,0.689,0.089,0.18,0.06,0,0.5319,medium
1613,2022-10-10,Sidi Bouzid,35.04,9.48,sandy-loam,Potato,10,2022,29.72,0.3698,0.2965,0.5533,26.6,64.58,4.62,495.0,1.2331,1.451,0.1992,0.28,0.1,0,0.4049,mild
1614,2021-05-09,Sfax,34.74,10.76,sandy-loam,Potato,5,2021,31.69,0.2731,0.2309,0.4337,25.52,45.58,3.49,699.3,1.7779,1.683,0.1711,0.28,0.1,0,0.7113,medium
1615,2023-12-26,Béja,36.73,9.18,loam,Barley,12,2023,17.16,0.2266,0.1967,0.3708,15.3,80.0,2.36,158.6,0.3477,0.613,0.2479,0.32,0.12,0,0.4123,mild
1616,2023-10-11,Gafsa,34.43,8.78,sandy,Olive,10,2023,26.89,0.1708,0.1532,0.2901,26.6,68.0,3.13,404.4,1.1143,1.312,0.134,0.18,0.06,0,0.1465,low
1617,2023-01-02,Gafsa,34.43,8.78,sandy,Barley,1,2023,10.88,0.3274,0.2686,0.5026,10.9,78.6,4.93,177.7,0.2791,0.562,0.1775,0.18,0.06,0,0.1161,low
1618,2021-09-09,Gabès,33.88,9.79,sandy,Wheat,9,2021,35.21,0.2262,0.1965,0.3704,32.08,54.97,0.89,691.3,2.151,1.927,0.1368,0.18,0.06,0,0.3668,mild
1619,2023-04-01,Bizerte,37.27,9.87,loam,Barley,4,2023,13.81,0.5004,0.375,0.6945,14.39,73.0,4.89,572.0,0.4427,1.131,0.2858,0.32,0.12,0,0.0655,low
1620,2023-11-10,Kairouan,35.67,10.1,clay-loam,Pepper,11,2023,17.9,0.2684,0.2275,0.4275,18.01,88.33,4.13,273.3,0.241,0.87,0.2952,0.36,0.18,0,0.1168,low
1621,2023-01-24,Sfax,34.74,10.76,sandy-loam,Tomato,1,2023,14.74,0.2679,0.2272,0.4269,12.11,75.78,0.58,189.9,0.3422,0.606,0.2021,0.28,0.1,0,0.4118,mild
1622,2022-04-27,Gafsa,34.43,8.78,sandy,Barley,4,2022,27.3,0.2031,0.1787,0.3375,22.24,47.92,4.57,471.4,1.3975,1.278,0.1036,0.18,0.06,0,0.6021,medium
1623,2021-02-12,Nabeul,36.45,10.73,sandy,Pepper,2,2021,14.58,0.0624,0.0599,0.1144,10.87,54.35,1.83,303.8,0.5941,0.734,0.0734,0.18,0.06,0,0.5716,medium
1624,2023-05-12,Kairouan,35.67,10.1,clay-loam,Wheat,5,2023,26.59,0.3238,0.2662,0.4982,23.15,61.22,5.78,695.7,1.099,1.587,0.2759,0.36,0.18,0,0.4762,mild
1625,2023-05-17,Nabeul,36.45,10.73,sandy,Citrus,5,2023,29.04,0.0865,0.0817,0.1559,23.98,55.04,5.65,660.4,1.3399,1.578,0.0909,0.18,0.06,1,0.6942,medium
1626,2023-04-15,Nabeul,36.45,10.73,sandy,Tomato,4,2023,19.92,0.1645,0.1481,0.2806,15.17,53.41,3.3,544.5,0.8032,1.13,0.1031,0.18,0.06,0,0.7013,medium
1627,2023-10-02,Kairouan,35.67,10.1,clay-loam,Olive,10,2023,31.72,0.0681,0.0651,0.1243,26.51,50.04,2.04,425.6,1.7303,1.343,0.2305,0.36,0.18,0,0.6028,medium
1628,2021-04-20,Kairouan,35.67,10.1,clay-loam,Olive,4,2021,22.17,0.107,0.0998,0.1899,17.7,58.61,1.04,528.3,0.8381,1.199,0.2541,0.36,0.18,0,0.5951,medium
1629,2022-02-20,Sfax,34.74,10.76,sandy-loam,Potato,2,2022,20.66,0.2468,0.2118,0.3987,18.35,77.66,3.71,288.8,0.4714,0.903,0.2151,0.28,0.1,0,0.4074,mild
1630,2022-07-28,Nabeul,36.45,10.73,sandy,Olive,7,2022,32.49,0.2874,0.241,0.4523,30.34,45.97,4.36,814.6,2.3381,2.019,0.126,0.18,0.06,0,0.3206,mild
1631,2023-12-01,Gafsa,34.43,8.78,sandy,Citrus,12,2023,16.66,0.1041,0.0973,0.1852,12.56,60.06,3.97,193.8,0.5812,0.621,0.0757,0.18,0.06,1,0.5843,medium
1632,2022-12-26,Nabeul,36.45,10.73,sandy,Citrus,12,2022,15.39,0.0921,0.0867,0.1653,11.21,63.03,2.03,233.9,0.4922,0.652,0.0747,0.18,0.06,1,0.7026,medium
1633,2023-03-14,Sidi Bouzid,35.04,9.48,sandy-loam,Barley,3,2023,16.62,0.3529,0.2855,0.5334,14.63,63.28,2.67,450.6,0.6114,1.012,0.214,0.28,0.1,0,0.3398,mild
1634,2023-08-28,Bizerte,37.27,9.87,loam,Olive,8,2023,38.12,0.1848,0.1645,0.311,33.79,46.04,3.79,820.3,2.8369,2.171,0.1881,0.32,0.12,0,0.4893,mild
1635,2023-05-22,Kairouan,35.67,10.1,clay-loam,Pepper,5,2023,21.37,0.318,0.2622,0.491,21.82,60.39,4.91,773.9,1.036,1.62,0.3222,0.36,0.18,0,0.0396,low
1636,2021-05-04,Gabès,33.88,9.79,sandy,Tomato,5,2021,26.29,0.2538,0.217,0.4081,24.17,63.12,4.21,678.3,1.1119,1.606,0.1066,0.18,0.06,0,0.3251,mild
1637,2022-03-07,Sfax,34.74,10.76,sandy-loam,Barley,3,2022,15.83,0.3462,0.2811,0.5254,16.55,74.42,2.47,375.1,0.4817,0.977,0.2141,0.28,0.1,0,0.0455,low
1638,2021-11-27,Sidi Bouzid,35.04,9.48,sandy-loam,Barley,11,2021,18.84,0.1199,0.111,0.211,15.6,53.75,4.2,235.9,0.82,0.754,0.1523,0.28,0.1,1,0.4995,medium
1639,2021-10-22,Béja,36.73,9.18,loam,Pepper,10,2021,32.43,0.0581,0.0559,0.1068,25.93,50.0,3.74,401.2,1.6742,1.287,0.1495,0.32,0.12,1,0.841,high
1640,2021-09-24,Béja,36.73,9.18,loam,Citrus,9,2021,28.05,0.2701,0.2287,0.4298,27.61,70.42,1.64,665.7,1.0928,1.721,0.2685,0.32,0.12,0,0.2124,low
1641,2023-04-19,Kairouan,35.67,10.1,clay-loam,Tomato,4,2023,22.15,0.2454,0.2108,0.3967,19.2,55.1,6.05,569.9,0.9989,1.298,0.2798,0.36,0.18,0,0.4401,mild
1642,2023-01-19,Kairouan,35.67,10.1,clay-loam,Citrus,1,2023,22.53,0.1663,0.1496,0.2834,17.48,65.0,6.06,239.8,0.699,0.803,0.234,0.36,0.18,1,0.709,medium
1643,2022-02-05,Béja,36.73,9.18,loam,Olive,2,2022,12.71,0.1814,0.1617,0.3059,10.36,77.79,2.97,286.1,0.2793,0.7,0.2525,0.32,0.12,0,0.4638,mild
1644,2022-08-04,Sidi Bouzid,35.04,9.48,sandy-loam,Pepper,8,2022,35.41,0.5445,0.3993,0.7376,36.17,51.24,0.91,723.9,2.9243,2.134,0.2447,0.28,0.1,0,0.0044,low
1645,2022-07-09,Kairouan,35.67,10.1,clay-loam,Olive,7,2022,36.54,0.453,0.3477,0.6456,35.67,57.92,3.32,846.7,2.4551,2.286,0.36,0.36,0.18,0,0.173,low
1646,2021-07-05,Sidi Bouzid,35.04,9.48,sandy-loam,Barley,7,2021,41.32,0.0713,0.068,0.1299,33.5,33.87,4.92,807.5,3.4216,2.142,0.1352,0.28,0.1,1,0.6729,medium
1647,2022-02-07,Kairouan,35.67,10.1,clay-loam,Potato,2,2022,18.95,0.0589,0.0567,0.1083,11.16,45.71,2.39,303.9,0.7203,0.742,0.2083,0.36,0.18,0,0.9906,extreme
1648,2022-03-28,Sidi Bouzid,35.04,9.48,sandy-loam,Citrus,3,2022,15.62,0.2186,0.1907,0.3597,15.23,69.06,5.47,350.1,0.5355,0.908,0.2124,0.28,0.1,0,0.1558,low
1649,2021-12-26,Nabeul,36.45,10.73,sandy,Wheat,12,2021,12.42,0.1941,0.1718,0.3246,10.61,77.45,2.85,217.3,0.2884,0.615,0.1251,0.18,0.06,0,0.3617,mild
1650,2022-08-25,Béja,36.73,9.18,loam,Potato,8,2022,36.36,0.1354,0.1241,0.2356,31.34,44.81,3.55,769.5,2.5276,2.003,0.1863,0.32,0.12,1,0.5481,medium
1651,2022-11-14,Sfax,34.74,10.76,sandy-loam,Barley,11,2022,20.0,0.2387,0.2058,0.3875,19.72,71.45,1.37,288.3,0.6559,0.936,0.2046,0.28,0.1,0,0.1648,low
1652,2023-12-04,Gabès,33.88,9.79,sandy,Potato,12,2023,11.59,0.3725,0.2982,0.5564,11.73,85.51,2.2,173.1,0.1997,0.571,0.18,0.18,0.06,0,0.1364,low
1653,2023-10-16,Bizerte,37.27,9.87,loam,Olive,10,2023,26.43,0.1473,0.1341,0.2543,25.27,60.35,2.01,519.0,1.2762,1.442,0.2352,0.32,0.12,0,0.2737,mild
1654,2022-03-10,Sidi Bouzid,35.04,9.48,sandy-loam,Citrus,3,2022,19.33,0.2114,0.1852,0.3495,17.29,71.22,1.51,383.9,0.5679,1.01,0.218,0.28,0.1,0,0.386,mild
1655,2023-08-28,Kairouan,35.67,10.1,clay-loam,Tomato,8,2023,34.29,0.6188,0.4379,0.8059,35.26,53.13,4.03,817.2,2.6739,2.229,0.3335,0.36,0.18,0,0.0167,low
1656,2021-11-06,Gabès,33.88,9.79,sandy,Pepper,11,2021,20.51,0.2575,0.2196,0.4131,18.0,63.46,1.99,247.7,0.7542,0.828,0.1358,0.18,0.06,0,0.3673,mild
1657,2021-01-16,Kairouan,35.67,10.1,clay-loam,Citrus,1,2021,17.08,0.3313,0.2712,0.5075,14.93,74.93,5.64,214.2,0.4257,0.704,0.2768,0.36,0.18,0,0.4093,mild
1658,2022-03-19,Bizerte,37.27,9.87,loam,Olive,3,2022,19.97,0.1006,0.0942,0.1794,15.58,53.25,4.62,370.4,0.8277,0.944,0.183,0.32,0.12,1,0.6998,medium
1659,2023-08-27,Nabeul,36.45,10.73,sandy,Wheat,8,2023,35.62,0.2914,0.2439,0.4575,34.21,54.81,4.44,736.1,2.4315,2.073,0.1406,0.18,0.06,0,0.2436,low
1660,2023-12-16,Kairouan,35.67,10.1,clay-loam,Citrus,12,2023,18.85,0.1013,0.0948,0.1805,13.16,50.0,3.81,177.5,0.7569,0.606,0.1957,0.36,0.18,1,0.7813,high
1661,2022-02-10,Kairouan,35.67,10.1,clay-loam,Wheat,2,2022,10.2,0.2481,0.2128,0.4004,10.97,86.24,4.47,348.3,0.1803,0.789,0.2963,0.36,0.18,0,0.0104,low
1662,2021-02-13,Gafsa,34.43,8.78,sandy,Olive,2,2021,16.68,0.1716,0.1539,0.2913,14.21,70.69,5.59,240.7,0.475,0.73,0.1216,0.18,0.06,0,0.4083,mild
1663,2022-01-01,Sidi Bouzid,35.04,9.48,sandy-loam,Potato,1,2022,19.38,0.0213,0.021,0.0403,12.93,49.63,5.02,179.4,0.751,0.605,0.0974,0.28,0.1,1,0.8084,high
1664,2022-01-13,Béja,36.73,9.18,loam,Wheat,1,2022,14.54,0.0653,0.0625,0.1194,10.69,57.57,1.47,244.8,0.5456,0.655,0.1509,0.32,0.12,1,0.6059,medium
1665,2022-11-25,Nabeul,36.45,10.73,sandy,Citrus,11,2022,16.41,0.5249,0.3886,0.7187,15.48,78.7,2.22,335.4,0.3745,0.895,0.1671,0.18,0.06,0,0.2269,low
1666,2021-05-04,Sfax,34.74,10.76,sandy-loam,Potato,5,2021,24.88,0.4063,0.3195,0.5949,23.29,63.76,2.15,628.2,1.0359,1.513,0.2209,0.28,0.1,0,0.3103,mild
1667,2021-06-21,Sidi Bouzid,35.04,9.48,sandy-loam,Tomato,6,2021,30.16,0.5708,0.4132,0.7623,29.02,52.93,4.83,594.6,1.8877,1.678,0.2398,0.28,0.1,0,0.2271,low
1668,2023-11-17,Sfax,34.74,10.76,sandy-loam,Wheat,11,2023,25.95,0.0887,0.0837,0.1596,20.99,51.65,1.61,336.7,1.202,1.046,0.1487,0.28,0.1,0,0.6005,medium
1669,2021-08-18,Sidi Bouzid,35.04,9.48,sandy-loam,Citrus,8,2021,37.81,0.2392,0.2062,0.3883,34.89,41.97,2.71,660.3,3.2434,1.99,0.2138,0.28,0.1,0,0.3259,mild
1670,2021-04-27,Nabeul,36.45,10.73,sandy,Olive,4,2021,25.26,0.031,0.0304,0.0582,20.19,59.53,5.17,462.3,0.9575,1.2,0.0773,0.18,0.06,1,0.7162,medium
1671,2022-08-10,Kairouan,35.67,10.1,clay-loam,Citrus,8,2022,33.02,0.1843,0.1641,0.3103,29.74,48.05,5.39,742.1,2.1713,1.903,0.2626,0.36,0.18,0,0.3856,mild
1672,2023-11-14,Sidi Bouzid,35.04,9.48,sandy-loam,Tomato,11,2023,22.08,0.3382,0.2759,0.5159,21.41,85.28,1.17,317.6,0.3752,1.027,0.2406,0.28,0.1,0,0.1944,low
1673,2023-11-11,Sfax,34.74,10.76,sandy-loam,Potato,11,2023,22.07,0.3373,0.2753,0.5148,21.52,80.38,1.96,282.3,0.5039,0.971,0.2616,0.28,0.1,0,0.1659,low
1674,2023-04-03,Gafsa,34.43,8.78,sandy,Citrus,4,2023,28.1,0.048,0.0464,0.0889,23.04,53.14,4.79,471.1,1.3194,1.302,0.0838,0.18,0.06,1,0.6347,medium
1675,2023-06-02,Gabès,33.88,9.79,sandy,Potato,6,2023,34.7,0.0981,0.092,0.1752,29.19,46.5,1.13,719.1,2.1669,1.852,0.0953,0.18,0.06,1,0.5938,medium
1676,2022-12-21,Gabès,33.88,9.79,sandy,Potato,12,2022,18.49,0.0824,0.0781,0.149,13.16,60.81,4.25,177.5,0.5932,0.606,0.0735,0.18,0.06,1,0.7442,medium
1677,2021-04-08,Gabès,33.88,9.79,sandy,Olive,4,2021,17.43,0.301,0.2505,0.4697,18.08,65.87,3.16,629.6,0.7077,1.323,0.1769,0.18,0.06,0,0.0584,low
1678,2021-04-05,Sidi Bouzid,35.04,9.48,sandy-loam,Barley,4,2021,26.15,0.0238,0.0234,0.0449,18.23,37.59,4.53,472.7,1.3065,1.151,0.1002,0.28,0.1,1,0.9152,extreme
1679,2023-11-11,Kairouan,35.67,10.1,clay-loam,Wheat,11,2023,18.76,0.2217,0.1931,0.364,15.92,75.28,4.73,328.3,0.4473,0.898,0.2731,0.36,0.18,0,0.4749,mild
1680,2022-08-19,Sfax,34.74,10.76,sandy-loam,Olive,8,2022,34.38,0.1518,0.1378,0.2613,32.2,41.69,4.27,890.2,2.8036,2.192,0.1582,0.28,0.1,1,0.2688,mild
1681,2023-05-13,Kairouan,35.67,10.1,clay-loam,Citrus,5,2023,24.03,0.1508,0.137,0.2597,21.92,51.15,4.66,718.3,1.2849,1.564,0.2458,0.36,0.18,0,0.3071,mild
1682,2022-12-19,Gafsa,34.43,8.78,sandy,Citrus,12,2022,15.55,0.3205,0.2639,0.4941,13.42,68.72,1.07,233.4,0.4815,0.701,0.1299,0.18,0.06,0,0.3836,mild
1683,2022-10-07,Nabeul,36.45,10.73,sandy,Pepper,10,2022,21.13,0.2512,0.2151,0.4046,18.9,62.2,1.99,510.5,0.8253,1.218,0.1373,0.18,0.06,0,0.4223,mild
1684,2023-08-02,Sfax,34.74,10.76,sandy-loam,Olive,8,2023,38.55,0.0548,0.0528,0.101,30.64,32.06,1.6,694.8,2.9896,1.876,0.1294,0.28,0.1,1,0.7132,medium
1685,2021-11-18,Gabès,33.88,9.79,sandy,Wheat,11,2021,29.23,0.0211,0.0207,0.0398,20.64,50.0,3.26,312.3,1.2166,0.998,0.0736,0.18,0.06,1,0.9733,extreme
1686,2023-04-07,Bizerte,37.27,9.87,loam,Citrus,4,2023,15.3,0.2709,0.2293,0.4309,14.38,66.58,2.56,624.8,0.5476,1.182,0.2719,0.32,0.12,0,0.2176,low
1687,2021-01-20,Sfax,34.74,10.76,sandy-loam,Olive,1,2021,14.81,0.1931,0.1709,0.3231,14.24,84.68,5.0,184.0,0.2489,0.639,0.2064,0.28,0.1,0,0.1589,low
1688,2021-09-05,Sfax,34.74,10.76,sandy-loam,Tomato,9,2021,31.6,0.1862,0.1655,0.313,29.76,50.35,2.82,611.3,2.0777,1.728,0.1836,0.28,0.1,0,0.2791,mild
1689,2022-04-13,Kairouan,35.67,10.1,clay-loam,Potato,4,2022,24.39,0.1731,0.1551,0.2935,19.57,58.11,0.61,495.3,0.9537,1.222,0.2264,0.36,0.18,0,0.6772,medium
1690,2023-07-18,Gabès,33.88,9.79,sandy,Citrus,7,2023,38.94,0.1479,0.1345,0.2552,31.1,30.47,2.4,971.8,3.1405,2.24,0.1107,0.18,0.06,0,0.6782,medium
1691,2022-11-11,Gafsa,34.43,8.78,sandy,Potato,11,2022,24.86,0.1271,0.1171,0.2225,19.87,56.92,0.7,235.1,0.9992,0.849,0.0856,0.18,0.06,1,0.661,medium
1692,2021-11-16,Nabeul,36.45,10.73,sandy,Barley,11,2021,18.07,0.2183,0.1904,0.3591,18.53,71.94,4.69,277.6,0.5986,0.889,0.135,0.18,0.06,0,0.0713,low
1693,2021-08-12,Gabès,33.88,9.79,sandy,Pepper,8,2021,34.68,0.3208,0.2641,0.4945,31.93,53.58,5.99,796.4,2.1979,2.062,0.1198,0.18,0.06,0,0.3378,mild
1694,2021-07-12,Bizerte,37.27,9.87,loam,Citrus,7,2021,33.65,0.2372,0.2047,0.3855,31.47,50.62,3.37,837.9,2.2779,2.095,0.2501,0.32,0.12,0,0.3162,mild
1695,2021-11-13,Bizerte,37.27,9.87,loam,Potato,11,2021,22.1,0.1507,0.1369,0.2596,19.76,68.06,0.83,329.8,0.7355,1.002,0.1924,0.32,0.12,0,0.4515,mild
1696,2023-11-17,Béja,36.73,9.18,loam,Tomato,11,2023,24.11,0.1808,0.1613,0.3051,19.93,65.0,4.05,289.8,0.815,0.944,0.1977,0.32,0.12,0,0.6275,medium
1697,2023-03-25,Sidi Bouzid,35.04,9.48,sandy-loam,Potato,3,2023,16.17,0.6799,0.4676,0.858,16.7,66.82,5.68,466.5,0.6309,1.095,0.28,0.28,0.1,0,0.0724,low
1698,2023-10-05,Bizerte,37.27,9.87,loam,Citrus,10,2023,28.39,0.0868,0.082,0.1563,24.29,56.84,5.14,471.2,1.3103,1.342,0.1664,0.32,0.12,0,0.6093,medium
1699,2023-02-28,Béja,36.73,9.18,loam,Pepper,2,2023,12.32,0.4084,0.3208,0.5973,12.71,82.13,5.19,276.8,0.2628,0.746,0.3094,0.32,0.12,0,0.1084,low
1700,2022-04-04,Sidi Bouzid,35.04,9.48,sandy-loam,Pepper,4,2022,22.33,0.2251,0.1956,0.3687,19.31,61.08,5.32,529.1,0.8722,1.255,0.193,0.28,0.1,0,0.4294,mild
1701,2022-05-28,Nabeul,36.45,10.73,sandy,Potato,5,2022,31.01,0.182,0.1622,0.3068,25.19,41.62,3.31,571.7,1.8707,1.51,0.1007,0.18,0.06,1,0.7001,medium
1702,2023-12-20,Bizerte,37.27,9.87,loam,Pepper,12,2023,14.22,0.2571,0.2194,0.4126,11.74,71.56,1.17,208.1,0.3921,0.626,0.2357,0.32,0.12,0,0.4733,mild
1703,2021-05-06,Bizerte,37.27,9.87,loam,Potato,5,2021,23.62,0.5273,0.3899,0.721,24.6,62.34,0.68,630.9,1.165,1.565,0.2821,0.32,0.12,0,0.0014,low
1704,2022-09-19,Kairouan,35.67,10.1,clay-loam,Potato,9,2022,34.34,0.2353,0.2033,0.3829,31.92,57.88,4.62,594.1,1.9941,1.781,0.2874,0.36,0.18,0,0.3148,mild
1705,2023-05-07,Gafsa,34.43,8.78,sandy,Citrus,5,2023,27.55,0.1076,0.1003,0.191,22.98,43.18,3.32,711.5,1.5946,1.598,0.0969,0.18,0.06,1,0.5537,medium
1706,2021-11-16,Sidi Bouzid,35.04,9.48,sandy-loam,Wheat,11,2021,19.0,0.1957,0.173,0.3269,16.97,63.31,0.64,229.2,0.7097,0.774,0.1818,0.28,0.1,0,0.3556,mild
1707,2021-08-10,Kairouan,35.67,10.1,clay-loam,Olive,8,2021,30.21,0.2988,0.2491,0.467,30.3,57.22,3.77,815.4,1.8469,2.018,0.2937,0.36,0.18,0,0.0686,low
1708,2023-02-04,Sfax,34.74,10.76,sandy-loam,Olive,2,2023,12.27,0.2218,0.1931,0.3642,12.17,75.02,3.59,298.1,0.3544,0.76,0.2583,0.28,0.1,0,0.0933,low
1709,2021-10-09,Sidi Bouzid,35.04,9.48,sandy-loam,Potato,10,2021,22.51,0.6219,0.4394,0.8085,22.62,78.39,1.94,465.2,0.5933,1.281,0.2609,0.28,0.1,0,0.093,low
1710,2023-04-01,Sfax,34.74,10.76,sandy-loam,Potato,4,2023,16.9,0.4293,0.3336,0.6203,17.34,77.18,4.94,472.5,0.4519,1.122,0.2082,0.28,0.1,0,0.0405,low
1711,2023-09-08,Sidi Bouzid,35.04,9.48,sandy-loam,Potato,9,2023,34.02,0.1482,0.1348,0.2557,28.78,41.31,3.55,628.7,2.3216,1.716,0.1653,0.28,0.1,0,0.5579,medium
1712,2021-07-20,Nabeul,36.45,10.73,sandy,Pepper,7,2021,32.62,0.1362,0.1248,0.237,26.64,37.04,2.77,904.1,2.1975,1.963,0.0828,0.18,0.06,0,0.717,medium
1713,2021-02-19,Bizerte,37.27,9.87,loam,Barley,2,2021,10.53,0.2715,0.2298,0.4316,10.2,77.05,2.18,269.5,0.2855,0.675,0.2844,0.32,0.12,0,0.2207,low
1714,2023-12-11,Kairouan,35.67,10.1,clay-loam,Wheat,12,2023,11.75,0.3526,0.2853,0.533,12.41,86.84,5.37,161.7,0.1895,0.564,0.3336,0.36,0.18,0,0.0047,low
1715,2023-03-04,Gafsa,34.43,8.78,sandy,Wheat,3,2023,29.61,0.0604,0.058,0.1109,21.48,49.8,5.15,393.6,1.2854,1.145,0.0782,0.18,0.06,1,0.9051,extreme
1716,2023-03-24,Bizerte,37.27,9.87,loam,Citrus,3,2023,21.47,0.1302,0.1197,0.2274,17.15,61.17,0.29,427.5,0.7596,1.062,0.1867,0.32,0.12,1,0.705,medium
1717,2021-12-28,Kairouan,35.67,10.1,clay-loam,Pepper,12,2021,18.14,0.3298,0.2702,0.5056,17.4,92.0,1.94,231.8,0.159,0.787,0.3367,0.36,0.18,0,0.2256,low
1718,2022-05-26,Sfax,34.74,10.76,sandy-loam,Potato,5,2022,32.5,0.301,0.2505,0.4697,28.62,61.57,2.97,618.4,1.5058,1.696,0.1768,0.28,0.1,0,0.4613,mild
1719,2023-02-25,Sidi Bouzid,35.04,9.48,sandy-loam,Barley,2,2023,21.2,0.0876,0.0827,0.1577,16.55,64.48,1.72,293.4,0.669,0.865,0.1386,0.28,0.1,0,0.6256,medium
1720,2022-03-13,Nabeul,36.45,10.73,sandy,Pepper,3,2022,16.28,0.4214,0.3288,0.6117,17.17,78.64,5.96,398.1,0.4185,1.025,0.18,0.18,0.06,0,0.0179,low
1721,2021-02-11,Béja,36.73,9.18,loam,Wheat,2,2021,12.78,0.2262,0.1965,0.3703,11.27,63.83,4.36,338.1,0.4832,0.785,0.2504,0.32,0.12,0,0.3128,mild
1722,2022-09-03,Gafsa,34.43,8.78,sandy,Potato,9,2022,30.41,0.2751,0.2323,0.4364,30.31,68.48,3.64,524.0,1.3612,1.618,0.15,0.18,0.06,0,0.1168,low
1723,2021-08-14,Kairouan,35.67,10.1,clay-loam,Citrus,8,2021,30.33,0.2824,0.2375,0.4459,29.29,52.78,3.14,651.9,1.9232,1.767,0.3289,0.36,0.18,0,0.2014,low
1724,2021-07-16,Gabès,33.88,9.79,sandy,Barley,7,2021,38.68,0.1445,0.1317,0.2499,34.92,44.83,1.54,827.6,3.088,2.229,0.1091,0.18,0.06,0,0.383,mild
1725,2023-08-09,Béja,36.73,9.18,loam,Citrus,8,2023,27.69,0.2705,0.229,0.4303,27.66,61.85,3.5,801.0,1.4142,1.891,0.2674,0.32,0.12,0,0.1355,low
1726,2023-03-02,Béja,36.73,9.18,loam,Barley,3,2023,14.84,0.2044,0.1798,0.3394,12.32,68.39,0.61,342.5,0.4527,0.819,0.1974,0.32,0.12,0,0.4385,mild
1727,2021-02-11,Sidi Bouzid,35.04,9.48,sandy-loam,Pepper,2,2021,16.64,0.1813,0.1616,0.3057,14.44,77.59,4.61,293.8,0.3686,0.812,0.1851,0.28,0.1,0,0.3535,mild
1728,2021-01-20,Nabeul,36.45,10.73,sandy,Olive,1,2021,11.68,0.1687,0.1516,0.287,10.43,80.0,2.63,268.8,0.2527,0.68,0.1329,0.18,0.06,0,0.3383,mild
1729,2021-05-04,Gafsa,34.43,8.78,sandy,Potato,5,2021,33.08,0.4068,0.3198,0.5955,28.83,61.05,2.81,590.2,1.5452,1.665,0.1223,0.18,0.06,0,0.4897,mild
1730,2023-12-18,Sidi Bouzid,35.04,9.48,sandy-loam,Wheat,12,2023,24.11,0.0513,0.0496,0.0948,16.96,50.0,3.0,181.4,0.9665,0.688,0.1278,0.28,0.1,0,0.9202,extreme
1731,2021-09-19,Kairouan,35.67,10.1,clay-loam,Potato,9,2021,31.87,0.111,0.1033,0.1965,25.86,51.0,1.75,548.5,1.6334,1.503,0.2353,0.36,0.18,0,0.6807,medium
1732,2022-03-16,Kairouan,35.67,10.1,clay-loam,Tomato,3,2022,17.72,0.0155,0.0154,0.0295,11.83,44.76,1.32,340.6,0.7662,0.804,0.1989,0.36,0.18,1,0.8224,high
1733,2022-11-25,Nabeul,36.45,10.73,sandy,Barley,11,2022,15.13,0.1942,0.1718,0.3247,13.34,62.76,1.83,305.4,0.5705,0.8,0.1145,0.18,0.06,0,0.3727,mild
1734,2022-06-03,Gafsa,34.43,8.78,sandy,Potato,6,2022,34.98,0.1298,0.1194,0.2268,28.84,46.65,4.97,809.3,2.1174,1.95,0.1005,0.18,0.06,0,0.6609,medium
1735,2021-01-13,Bizerte,37.27,9.87,loam,Pepper,1,2021,10.52,0.2723,0.2303,0.4327,10.19,85.15,4.93,199.4,0.1848,0.581,0.2586,0.32,0.12,0,0.1975,low
1736,2022-05-07,Bizerte,37.27,9.87,loam,Barley,5,2022,26.83,0.1248,0.1151,0.2188,21.3,47.13,0.87,730.3,1.339,1.552,0.1585,0.32,0.12,1,0.7421,medium
1737,2023-09-15,Gafsa,34.43,8.78,sandy,Wheat,9,2023,38.91,0.0201,0.0198,0.0381,30.14,29.78,2.62,693.0,3.003,1.854,0.0656,0.18,0.06,1,0.7723,high
1738,2022-11-05,Sidi Bouzid,35.04,9.48,sandy-loam,Potato,11,2022,19.62,0.0949,0.0892,0.17,14.1,58.45,4.65,315.4,0.6686,0.833,0.1265,0.28,0.1,1,0.7215,medium
1739,2021-04-16,Nabeul,36.45,10.73,sandy,Tomato,4,2021,26.57,0.01,0.0099,0.0191,19.2,50.0,5.0,479.9,1.1124,1.191,0.0569,0.18,0.06,0,0.9649,extreme
1740,2023-09-22,Kairouan,35.67,10.1,clay-loam,Pepper,9,2023,33.4,0.3653,0.2936,0.548,31.89,64.7,5.63,592.2,1.6683,1.777,0.3261,0.36,0.18,0,0.2299,low
1741,2023-03-16,Gafsa,34.43,8.78,sandy,Wheat,3,2023,16.46,0.3231,0.2657,0.4974,13.98,63.65,1.23,429.0,0.5804,0.967,0.1197,0.18,0.06,0,0.3613,mild
1742,2023-09-02,Sfax,34.74,10.76,sandy-loam,Wheat,9,2023,32.6,0.1545,0.14,0.2653,27.27,38.63,0.55,705.4,2.2229,1.759,0.1826,0.28,0.1,0,0.5702,medium
1743,2023-08-24,Nabeul,36.45,10.73,sandy,Potato,8,2023,30.09,0.232,0.2008,0.3783,27.87,44.22,0.83,898.1,2.0923,2.011,0.1345,0.18,0.06,0,0.3498,mild
1744,2022-12-07,Nabeul,36.45,10.73,sandy,Citrus,12,2022,19.34,0.0989,0.0927,0.1766,14.27,50.0,3.95,223.4,0.8135,0.704,0.0861,0.18,0.06,0,0.7751,high
1745,2021-02-10,Béja,36.73,9.18,loam,Potato,2,2021,16.49,0.3614,0.2911,0.5435,16.41,85.52,3.05,345.5,0.2703,0.934,0.2959,0.32,0.12,0,0.1381,low
1746,2022-01-17,Béja,36.73,9.18,loam,Olive,1,2022,16.17,0.1344,0.1232,0.234,15.42,80.0,2.81,238.1,0.3505,0.753,0.2175,0.32,0.12,0,0.2456,mild
1747,2022-11-28,Sfax,34.74,10.76,sandy-loam,Tomato,11,2022,18.27,0.1766,0.1579,0.2988,15.93,68.65,4.79,247.2,0.5676,0.779,0.1678,0.28,0.1,0,0.4056,mild
1748,2022-04-18,Kairouan,35.67,10.1,clay-loam,Potato,4,2022,25.35,0.1517,0.1377,0.2611,20.55,53.96,6.0,622.2,1.1139,1.406,0.2263,0.36,0.18,1,0.6621,medium
1749,2023-05-21,Béja,36.73,9.18,loam,Barley,5,2023,20.39,0.3712,0.2974,0.5549,19.73,65.93,1.68,552.1,0.7834,1.296,0.2407,0.32,0.12,0,0.1785,low
1750,2022-10-26,Sidi Bouzid,35.04,9.48,sandy-loam,Wheat,10,2022,20.45,0.3453,0.2805,0.5243,20.98,69.37,0.9,357.1,0.7607,1.077,0.2662,0.28,0.1,0,0.0234,low
1751,2022-11-24,Bizerte,37.27,9.87,loam,Olive,11,2022,22.45,0.0394,0.0383,0.0735,19.07,60.27,3.91,332.3,0.8768,0.987,0.1666,0.32,0.12,0,0.582,medium
1752,2021-07-19,Gafsa,34.43,8.78,sandy,Tomato,7,2021,33.72,0.2739,0.2315,0.4348,29.05,41.21,4.04,758.4,2.3619,1.896,0.1058,0.18,0.06,0,0.4638,mild
1753,2023-04-10,Gafsa,34.43,8.78,sandy,Tomato,4,2023,26.53,0.1559,0.1411,0.2675,21.83,58.85,2.6,520.9,1.0767,1.329,0.0993,0.18,0.06,1,0.5924,medium
1754,2022-09-24,Sidi Bouzid,35.04,9.48,sandy-loam,Pepper,9,2022,27.37,0.2695,0.2283,0.429,28.11,63.23,5.45,554.7,1.3987,1.589,0.2221,0.28,0.1,0,0.0402,low
1755,2021-12-08,Kairouan,35.67,10.1,clay-loam,Tomato,12,2021,20.92,0.095,0.0893,0.1702,17.05,65.0,5.63,229.3,0.6803,0.775,0.2212,0.36,0.18,1,0.5699,medium
1756,2022-01-10,Sfax,34.74,10.76,sandy-loam,Potato,1,2022,19.39,0.243,0.209,0.3935,16.97,70.99,4.13,246.9,0.5612,0.803,0.2019,0.28,0.1,0,0.3711,mild
1757,2023-10-15,Kairouan,35.67,10.1,clay-loam,Pepper,10,2023,27.76,0.0894,0.0843,0.1607,22.71,49.88,3.71,455.4,1.3833,1.27,0.2145,0.36,0.18,1,0.6453,medium
1758,2023-06-16,Kairouan,35.67,10.1,clay-loam,Potato,6,2023,28.88,0.3019,0.2512,0.4708,28.11,64.24,4.88,831.7,1.3606,1.946,0.3124,0.36,0.18,0,0.1599,low
1759,2023-07-28,Nabeul,36.45,10.73,sandy,Wheat,7,2023,39.15,0.07,0.0669,0.1277,29.34,30.21,1.73,855.2,2.8504,2.025,0.0818,0.18,0.06,0,0.984,extreme
1760,2023-07-10,Gabès,33.88,9.79,sandy,Olive,7,2023,41.54,0.0631,0.0606,0.1157,31.18,23.8,3.22,748.6,3.4594,1.969,0.0721,0.18,0.06,1,0.8901,high
1761,2022-04-06,Kairouan,35.67,10.1,clay-loam,Potato,4,2022,19.05,0.4155,0.3252,0.6052,19.03,72.75,4.61,621.3,0.5999,1.349,0.2931,0.36,0.18,0,0.1016,low
1762,2023-08-16,Béja,36.73,9.18,loam,Pepper,8,2023,29.58,0.4399,0.34,0.6317,30.12,53.73,4.14,773.6,1.9772,1.959,0.2578,0.32,0.12,0,0.0482,low
1763,2021-03-17,Gafsa,34.43,8.78,sandy,Pepper,3,2021,15.74,0.2986,0.2489,0.4667,15.93,73.32,3.63,447.6,0.483,1.049,0.149,0.18,0.06,0,0.0802,low
1764,2022-02-21,Sfax,34.74,10.76,sandy-loam,Olive,2,2022,17.97,0.0996,0.0933,0.1777,15.99,75.32,0.97,332.6,0.4484,0.905,0.1677,0.28,0.1,0,0.3267,mild
1765,2023-07-10,Kairouan,35.67,10.1,clay-loam,Pepper,7,2023,44.65,0.01,0.0099,0.0191,32.63,18.36,5.54,866.4,4.0219,2.181,0.1791,0.36,0.18,0,0.9606,extreme
1766,2021-07-20,Gafsa,34.43,8.78,sandy,Barley,7,2021,37.64,0.1169,0.1084,0.2061,30.21,37.66,4.19,831.8,2.6776,2.035,0.1088,0.18,0.06,0,0.7221,medium
1767,2022-04-18,Kairouan,35.67,10.1,clay-loam,Tomato,4,2022,19.38,0.2329,0.2015,0.3796,16.45,65.59,2.92,482.3,0.644,1.105,0.2797,0.36,0.18,0,0.4527,mild
1768,2022-03-21,Gabès,33.88,9.79,sandy,Barley,3,2022,19.53,0.5233,0.3878,0.7171,19.19,76.03,0.57,504.3,0.5331,1.221,0.1689,0.18,0.06,0,0.183,low
1769,2023-06-03,Bizerte,37.27,9.87,loam,Olive,6,2023,31.68,0.3936,0.3116,0.5806,30.41,65.05,5.45,783.7,1.5178,1.983,0.2847,0.32,0.12,0,0.2389,low
1770,2021-12-11,Gabès,33.88,9.79,sandy,Wheat,12,2021,19.84,0.1761,0.1575,0.298,17.09,73.58,6.11,155.9,0.5148,0.64,0.1231,0.18,0.06,0,0.4038,mild
1771,2021-08-10,Sidi Bouzid,35.04,9.48,sandy-loam,Barley,8,2021,38.72,0.1487,0.1352,0.2564,34.59,52.15,2.79,597.5,2.6297,1.882,0.1706,0.28,0.1,0,0.4192,mild
1772,2022-06-08,Bizerte,37.27,9.87,loam,Citrus,6,2022,29.59,0.111,0.1033,0.1966,24.97,43.52,0.42,875.9,1.7857,1.86,0.1663,0.32,0.12,0,0.6204,medium
1773,2022-01-14,Kairouan,35.67,10.1,clay-loam,Citrus,1,2022,9.61,0.4685,0.3568,0.6619,10.28,87.14,1.89,210.1,0.1609,0.598,0.3227,0.36,0.18,0,0.0064,low
1774,2021-07-22,Kairouan,35.67,10.1,clay-loam,Pepper,7,2021,35.84,0.3589,0.2895,0.5405,31.7,44.55,2.6,710.5,2.5922,1.939,0.2741,0.36,0.18,0,0.4676,mild
1775,2023-07-17,Béja,36.73,9.18,loam,Pepper,7,2023,36.78,0.2775,0.234,0.4395,30.11,35.37,5.95,721.2,2.7591,1.89,0.204,0.32,0.12,0,0.72,medium
1776,2022-04-13,Gafsa,34.43,8.78,sandy,Citrus,4,2022,26.18,0.1427,0.1302,0.2471,23.47,64.36,1.15,513.4,1.0298,1.374,0.1052,0.18,0.06,0,0.3666,mild
1777,2022-08-03,Kairouan,35.67,10.1,clay-loam,Olive,8,2022,34.45,0.3999,0.3156,0.5878,33.82,56.15,2.1,802.4,2.3088,2.149,0.3343,0.36,0.18,0,0.156,low
1778,2023-07-26,Kairouan,35.67,10.1,clay-loam,Olive,7,2023,39.49,0.1512,0.1373,0.2604,33.36,34.68,5.51,759.0,3.3532,2.071,0.2437,0.36,0.18,0,0.5628,medium
1779,2023-11-03,Gafsa,34.43,8.78,sandy,Potato,11,2023,25.87,0.2166,0.1891,0.3568,22.57,74.47,4.86,233.2,0.6989,0.906,0.1368,0.18,0.06,0,0.4511,mild
1780,2022-02-16,Gabès,33.88,9.79,sandy,Wheat,2,2022,24.17,0.0301,0.0295,0.0566,17.74,50.0,2.27,308.5,1.0152,0.917,0.064,0.18,0.06,1,0.7719,high
1781,2021-03-10,Sfax,34.74,10.76,sandy-loam,Barley,3,2021,18.51,0.0541,0.0522,0.0999,12.59,50.0,0.74,481.8,0.729,0.98,0.1206,0.28,0.1,1,0.77,high
1782,2021-09-07,Bizerte,37.27,9.87,loam,Citrus,9,2021,38.53,0.0671,0.0642,0.1226,30.53,41.58,3.44,545.1,2.5557,1.658,0.1616,0.32,0.12,1,0.8451,high
1783,2023-10-22,Nabeul,36.45,10.73,sandy,Olive,10,2023,27.72,0.01,0.0099,0.0191,21.63,47.8,1.48,457.2,1.3497,1.239,0.0653,0.18,0.06,0,0.8129,high
1784,2021-04-06,Bizerte,37.27,9.87,loam,Tomato,4,2021,21.58,0.0975,0.0915,0.1743,16.74,47.64,4.72,504.6,0.9981,1.14,0.1546,0.32,0.12,0,0.7217,medium
1785,2021-03-18,Béja,36.73,9.18,loam,Barley,3,2021,19.19,0.1837,0.1636,0.3094,15.7,52.63,2.31,454.8,0.845,1.05,0.1814,0.32,0.12,1,0.5747,medium
1786,2023-12-06,Béja,36.73,9.18,loam,Barley,12,2023,12.79,0.246,0.2112,0.3975,11.06,72.78,3.12,210.9,0.3587,0.616,0.2469,0.32,0.12,0,0.4109,mild
1787,2022-07-15,Sidi Bouzid,35.04,9.48,sandy-loam,Wheat,7,2022,39.98,0.1644,0.1481,0.2805,34.35,40.56,2.71,807.8,3.2242,2.178,0.175,0.28,0.1,0,0.5114,medium
1788,2022-04-24,Sidi Bouzid,35.04,9.48,sandy-loam,Barley,4,2022,25.57,0.0967,0.0908,0.1729,17.16,39.07,5.98,522.1,1.1929,1.174,0.1297,0.28,0.1,0,0.9692,extreme
1789,2023-06-15,Bizerte,37.27,9.87,loam,Barley,6,2023,28.98,0.328,0.269,0.5034,29.21,54.33,4.67,842.9,1.8515,2.005,0.2869,0.32,0.12,0,0.0614,low
1790,2023-03-19,Sidi Bouzid,35.04,9.48,sandy-loam,Citrus,3,2023,21.27,0.1896,0.1682,0.318,18.04,69.07,1.43,346.7,0.6401,0.981,0.2042,0.28,0.1,0,0.4671,mild
1791,2022-03-03,Gabès,33.88,9.79,sandy,Pepper,3,2022,15.44,0.3689,0.2959,0.5523,15.05,68.62,5.94,391.5,0.5367,0.955,0.1592,0.18,0.06,0,0.1257,low
1792,2023-11-02,Gafsa,34.43,8.78,sandy,Tomato,11,2023,24.85,0.1518,0.1378,0.2612,20.08,65.0,0.76,242.2,0.8226,0.866,0.1088,0.18,0.06,0,0.651,medium
1793,2023-05-20,Kairouan,35.67,10.1,clay-loam,Wheat,5,2023,23.31,0.4208,0.3284,0.611,21.73,55.14,4.13,737.7,1.1668,1.578,0.2944,0.36,0.18,0,0.26,mild
1794,2022-12-16,Bizerte,37.27,9.87,loam,Potato,12,2022,17.26,0.2138,0.187,0.3528,15.11,71.67,3.8,208.1,0.4864,0.698,0.225,0.32,0.12,0,0.3946,mild
1795,2022-12-26,Gabès,33.88,9.79,sandy,Pepper,12,2022,18.03,0.0774,0.0736,0.1404,13.25,65.0,3.79,169.1,0.533,0.593,0.0714,0.18,0.06,1,0.6748,medium
1796,2021-02-05,Kairouan,35.67,10.1,clay-loam,Olive,2,2021,19.23,0.01,0.0099,0.0191,13.48,50.0,4.58,264.5,0.7728,0.748,0.1979,0.36,0.18,1,0.7923,high
1797,2023-02-18,Béja,36.73,9.18,loam,Barley,2,2023,12.87,0.1322,0.1215,0.2307,10.13,53.66,1.96,256.9,0.574,0.658,0.195,0.32,0.12,0,0.5187,medium
1798,2023-10-21,Kairouan,35.67,10.1,clay-loam,Wheat,10,2023,25.77,0.3532,0.2857,0.5338,26.13,72.35,3.53,520.8,0.9368,1.473,0.3498,0.36,0.18,0,0.0909,low
1799,2023-01-14,Sidi Bouzid,35.04,9.48,sandy-loam,Pepper,1,2023,17.56,0.192,0.1701,0.3216,16.01,70.4,4.46,197.5,0.5385,0.698,0.1743,0.28,0.1,0,0.3292,mild
1800,2023-11-03,Bizerte,37.27,9.87,loam,Tomato,11,2023,18.89,0.3829,0.3049,0.5685,19.69,83.27,1.53,296.7,0.3836,0.949,0.2803,0.32,0.12,0,0.0205,low
1801,2021-04-19,Béja,36.73,9.18,loam,Olive,4,2021,17.13,0.1541,0.1397,0.2648,15.8,53.83,4.14,628.0,0.8288,1.237,0.2339,0.32,0.12,0,0.3002,mild
1802,2023-09-08,Sidi Bouzid,35.04,9.48,sandy-loam,Barley,9,2023,29.19,0.1872,0.1663,0.3144,26.02,55.19,0.7,483.7,1.5082,1.416,0.1894,0.28,0.1,0,0.4425,mild
1803,2021-10-01,Kairouan,35.67,10.1,clay-loam,Potato,10,2021,27.86,0.0239,0.0235,0.0451,20.61,48.57,2.49,472.2,1.2486,1.226,0.174,0.36,0.18,1,0.8991,high
1804,2021-06-26,Nabeul,36.45,10.73,sandy,Potato,6,2021,33.2,0.0903,0.0851,0.1622,25.08,32.65,2.48,682.1,2.1439,1.646,0.0842,0.18,0.06,0,0.8877,high
1805,2023-05-28,Kairouan,35.67,10.1,clay-loam,Wheat,5,2023,31.77,0.1578,0.1427,0.2705,26.85,52.45,0.53,736.6,1.6806,1.781,0.224,0.36,0.18,1,0.5658,medium
1806,2022-06-19,Kairouan,35.67,10.1,clay-loam,Tomato,6,2022,34.29,0.1549,0.1403,0.2659,27.67,47.38,5.56,816.3,1.9514,1.909,0.2291,0.36,0.18,1,0.7396,medium
1807,2023-01-19,Gafsa,34.43,8.78,sandy,Pepper,1,2023,24.35,0.0548,0.0528,0.101,17.43,50.0,0.82,188.8,0.9955,0.711,0.0686,0.18,0.06,1,0.8151,high
1808,2021-05-24,Sidi Bouzid,35.04,9.48,sandy-loam,Olive,5,2021,27.49,0.09,0.0848,0.1617,23.34,45.14,1.29,652.3,1.5736,1.544,0.1562,0.28,0.1,1,0.514,medium
1809,2022-10-24,Sfax,34.74,10.76,sandy-loam,Citrus,10,2022,27.75,0.2238,0.1946,0.3669,26.04,60.34,0.85,513.2,1.3361,1.459,0.2101,0.28,0.1,0,0.291,mild
1810,2022-07-09,Gafsa,34.43,8.78,sandy,Barley,7,2022,38.36,0.1212,0.1121,0.2131,32.99,40.38,1.63,800.9,2.9965,2.112,0.1119,0.18,0.06,0,0.5175,medium
1811,2021-09-14,Sidi Bouzid,35.04,9.48,sandy-loam,Olive,9,2021,25.84,0.4111,0.3225,0.6003,25.31,62.01,4.09,494.5,1.226,1.409,0.2586,0.28,0.1,0,0.1553,low
1812,2023-10-26,Gafsa,34.43,8.78,sandy,Citrus,10,2023,24.66,0.0727,0.0693,0.1322,20.82,53.5,3.27,463.3,1.1436,1.221,0.091,0.18,0.06,0,0.5175,medium
1813,2022-08-26,Béja,36.73,9.18,loam,Barley,8,2022,41.46,0.0549,0.0529,0.1012,32.23,19.09,5.33,777.8,3.8968,2.05,0.1543,0.32,0.12,0,0.839,high
1814,2023-05-08,Gafsa,34.43,8.78,sandy,Wheat,5,2023,25.29,0.5867,0.4216,0.777,24.3,65.81,1.71,590.7,1.0387,1.504,0.1788,0.18,0.06,0,0.2185,low
1815,2022-05-08,Nabeul,36.45,10.73,sandy,Olive,5,2022,31.89,0.0339,0.0332,0.0635,24.53,32.95,5.3,707.8,2.0653,1.655,0.058,0.18,0.06,1,0.8297,high
1816,2022-09-15,Gafsa,34.43,8.78,sandy,Citrus,9,2022,36.26,0.1318,0.1211,0.23,32.32,48.71,4.15,484.5,2.4832,1.621,0.1144,0.18,0.06,0,0.4148,mild
1817,2023-04-03,Nabeul,36.45,10.73,sandy,Wheat,4,2023,24.64,0.2262,0.1964,0.3702,21.95,58.13,0.84,599.0,1.1035,1.429,0.1062,0.18,0.06,0,0.4481,mild
1818,2022-04-24,Bizerte,37.27,9.87,loam,Citrus,4,2022,17.49,0.2221,0.1934,0.3646,15.87,56.15,6.02,614.0,0.7908,1.226,0.2462,0.32,0.12,0,0.3313,mild
1819,2022-09-20,Nabeul,36.45,10.73,sandy,Potato,9,2022,28.68,0.1732,0.1552,0.2938,25.28,56.19,1.21,588.8,1.4107,1.536,0.1243,0.18,0.06,0,0.481,mild
1820,2022-05-10,Gafsa,34.43,8.78,sandy,Olive,5,2022,32.88,0.1156,0.1072,0.204,26.74,44.19,3.23,535.6,1.9599,1.515,0.111,0.18,0.06,0,0.6569,medium
1821,2023-03-19,Gafsa,34.43,8.78,sandy,Citrus,3,2023,18.29,0.2104,0.1844,0.3481,15.24,58.42,0.46,416.9,0.7201,0.991,0.1225,0.18,0.06,0,0.466,mild
1822,2021-02-07,Béja,36.73,9.18,loam,Citrus,2,2021,18.59,0.2126,0.1861,0.3512,16.56,66.35,1.32,321.2,0.6341,0.905,0.1903,0.32,0.12,0,0.4295,mild
1823,2021-11-08,Kairouan,35.67,10.1,clay-loam,Wheat,11,2021,17.31,0.3725,0.2982,0.5565,17.54,78.78,4.62,270.0,0.4254,0.853,0.3544,0.36,0.18,0,0.1188,low
1824,2023-03-17,Nabeul,36.45,10.73,sandy,Wheat,3,2023,20.72,0.2689,0.2279,0.4282,16.71,62.79,4.04,445.2,0.7081,1.07,0.1165,0.18,0.06,0,0.645,medium
1825,2022-04-27,Sfax,34.74,10.76,sandy-loam,Tomato,4,2022,29.55,0.0292,0.0286,0.0549,21.05,36.08,2.07,491.2,1.5945,1.265,0.1248,0.28,0.1,0,0.9144,extreme
1826,2022-11-19,Nabeul,36.45,10.73,sandy,Wheat,11,2022,20.22,0.0671,0.0642,0.1226,15.84,65.0,1.07,236.6,0.6298,0.76,0.076,0.18,0.06,0,0.703,medium
1827,2023-08-18,Sfax,34.74,10.76,sandy-loam,Citrus,8,2023,44.05,0.0461,0.0447,0.0856,36.67,40.7,1.1,830.9,3.6551,2.307,0.1297,0.28,0.1,1,0.6179,medium
1828,2023-05-03,Béja,36.73,9.18,loam,Barley,5,2023,21.49,0.5352,0.3943,0.7287,22.07,65.0,4.27,646.6,0.9292,1.49,0.3087,0.32,0.12,0,0.0534,low
1829,2023-03-23,Nabeul,36.45,10.73,sandy,Pepper,3,2023,17.1,0.0833,0.0789,0.1505,13.42,62.35,1.57,512.6,0.5794,1.039,0.0847,0.18,0.06,0,0.6271,medium
1830,2023-07-16,Béja,36.73,9.18,loam,Citrus,7,2023,26.81,0.213,0.1864,0.3517,26.62,47.14,3.15,831.9,1.8433,1.883,0.2405,0.32,0.12,0,0.142,low
1831,2022-12-01,Gabès,33.88,9.79,sandy,Citrus,12,2022,11.86,0.4541,0.3484,0.6468,13.1,76.97,3.91,229.1,0.3473,0.687,0.1571,0.18,0.06,0,0.0069,low
1832,2021-04-20,Gabès,33.88,9.79,sandy,Pepper,4,2021,29.69,0.0589,0.0566,0.1082,21.79,48.73,3.69,601.9,1.3382,1.427,0.0743,0.18,0.06,1,0.8906,high
1833,2023-08-22,Sidi Bouzid,35.04,9.48,sandy-loam,Potato,8,2023,34.63,0.3719,0.2978,0.5558,35.18,50.95,2.85,668.6,2.7847,2.013,0.2538,0.28,0.1,0,0.0548,low
1834,2022-02-22,Gabès,33.88,9.79,sandy,Citrus,2,2022,17.47,0.1579,0.1428,0.2706,12.68,60.03,2.34,325.8,0.586,0.808,0.0879,0.18,0.06,0,0.664,medium
1835,2021-05-13,Bizerte,37.27,9.87,loam,Tomato,5,2021,21.66,0.6495,0.453,0.8325,20.82,71.92,4.6,552.4,0.6905,1.334,0.3043,0.32,0.12,0,0.21,low
1836,2022-08-25,Sidi Bouzid,35.04,9.48,sandy-loam,Pepper,8,2022,36.69,0.2951,0.2464,0.4622,32.16,50.7,1.16,647.1,2.3651,1.867,0.1835,0.28,0.1,0,0.4756,mild
1837,2023-04-01,Gabès,33.88,9.79,sandy,Pepper,4,2023,23.7,0.2186,0.1907,0.3596,21.62,61.93,1.9,586.2,0.9834,1.402,0.115,0.18,0.06,0,0.3072,mild
1838,2022-04-02,Nabeul,36.45,10.73,sandy,Olive,4,2022,19.33,0.1842,0.1639,0.31,20.23,68.48,2.6,652.7,0.7477,1.428,0.1386,0.18,0.06,0,0.0213,low
1839,2023-12-05,Sidi Bouzid,35.04,9.48,sandy-loam,Olive,12,2023,25.08,0.0448,0.0435,0.0832,17.99,50.0,3.8,188.0,1.0312,0.721,0.1185,0.28,0.1,0,0.8645,high
1840,2023-09-24,Gafsa,34.43,8.78,sandy,Olive,9,2023,29.85,0.2562,0.2187,0.4113,27.38,59.93,2.99,676.4,1.4607,1.727,0.1319,0.18,0.06,0,0.343,mild
1841,2023-02-18,Gafsa,34.43,8.78,sandy,Tomato,2,2023,14.81,0.1973,0.1742,0.3291,13.3,62.71,4.8,260.0,0.5697,0.737,0.1121,0.18,0.06,0,0.3134,mild
1842,2023-11-06,Sfax,34.74,10.76,sandy-loam,Citrus,11,2023,20.88,0.3377,0.2755,0.5152,19.39,71.64,3.25,321.4,0.6387,0.98,0.2102,0.28,0.1,0,0.2748,mild
1843,2023-09-21,Sidi Bouzid,35.04,9.48,sandy-loam,Wheat,9,2023,36.65,0.0574,0.0553,0.1057,28.18,35.03,3.22,565.7,2.4821,1.607,0.1208,0.28,0.1,1,0.8009,high
1844,2021-07-27,Sfax,34.74,10.76,sandy-loam,Potato,7,2021,33.76,0.2335,0.2019,0.3804,29.94,42.25,4.56,786.5,2.4423,1.967,0.203,0.28,0.1,0,0.4302,mild
1845,2022-07-05,Kairouan,35.67,10.1,clay-loam,Citrus,7,2022,37.6,0.1603,0.1447,0.2743,33.3,41.37,2.58,735.8,2.9986,2.037,0.2627,0.36,0.18,0,0.4397,mild
1846,2022-11-15,Kairouan,35.67,10.1,clay-loam,Wheat,11,2022,20.81,0.1216,0.1124,0.2138,16.12,50.71,4.26,316.3,0.903,0.886,0.2477,0.36,0.18,0,0.6557,medium
1847,2023-09-14,Sidi Bouzid,35.04,9.48,sandy-loam,Barley,9,2023,31.47,0.2026,0.1784,0.3368,27.87,52.44,5.65,654.8,1.7843,1.717,0.2114,0.28,0.1,0,0.4349,mild
1848,2021-02-21,Béja,36.73,9.18,loam,Barley,2,2021,14.65,0.1606,0.145,0.2747,13.51,73.45,4.68,318.0,0.4111,0.82,0.2048,0.32,0.12,0,0.3027,mild
1849,2021-12-22,Béja,36.73,9.18,loam,Citrus,12,2021,21.81,0.0493,0.0477,0.0913,16.78,50.0,5.66,159.9,0.9554,0.642,0.1351,0.32,0.12,1,0.7606,high
1850,2022-06-10,Béja,36.73,9.18,loam,Potato,6,2022,34.8,0.1402,0.1282,0.2432,28.62,36.2,3.91,824.4,2.4997,1.958,0.1929,0.32,0.12,0,0.6752,medium
1851,2022-11-07,Sidi Bouzid,35.04,9.48,sandy-loam,Tomato,11,2022,25.68,0.2821,0.2373,0.4455,22.33,75.87,4.87,244.4,0.6509,0.922,0.211,0.28,0.1,0,0.48,mild
1852,2022-12-15,Gafsa,34.43,8.78,sandy,Tomato,12,2022,23.92,0.0287,0.0282,0.054,17.65,50.0,4.84,181.3,1.0098,0.701,0.058,0.18,0.06,0,0.7794,high
1853,2021-07-20,Kairouan,35.67,10.1,clay-loam,Wheat,7,2021,36.62,0.1825,0.1626,0.3076,33.16,48.06,1.16,889.0,2.6362,2.233,0.2604,0.36,0.18,0,0.3864,mild
1854,2021-03-18,Bizerte,37.27,9.87,loam,Citrus,3,2021,15.74,0.2697,0.2285,0.4293,15.84,82.52,0.63,386.5,0.3147,0.972,0.2694,0.32,0.12,0,0.1732,low
1855,2023-12-25,Gabès,33.88,9.79,sandy,Potato,12,2023,15.37,0.1765,0.1578,0.2987,12.96,80.0,4.12,183.8,0.2988,0.613,0.1226,0.18,0.06,0,0.4189,mild
1856,2021-12-08,Gafsa,34.43,8.78,sandy,Pepper,12,2021,19.68,0.1043,0.0974,0.1855,16.17,65.0,4.6,161.4,0.6434,0.634,0.0902,0.18,0.06,0,0.5199,medium
1857,2022-04-20,Bizerte,37.27,9.87,loam,Pepper,4,2022,23.45,0.0534,0.0515,0.0985,17.12,41.94,5.23,577.5,1.1337,1.233,0.1492,0.32,0.12,1,0.9096,extreme
1858,2021-08-01,Gabès,33.88,9.79,sandy,Potato,8,2021,40.72,0.2437,0.2095,0.3944,36.98,38.37,5.82,757.2,3.862,2.215,0.1326,0.18,0.06,0,0.355,mild
1859,2021-08-10,Sidi Bouzid,35.04,9.48,sandy-loam,Wheat,8,2021,36.08,0.1426,0.1302,0.247,33.56,44.02,5.25,662.5,2.9058,1.943,0.1685,0.28,0.1,0,0.289,mild
1860,2021-11-01,Sidi Bouzid,35.04,9.48,sandy-loam,Potato,11,2021,19.81,0.1037,0.0969,0.1845,14.59,54.67,1.53,315.6,0.753,0.846,0.148,0.28,0.1,0,0.7243,medium
1861,2022-10-08,Kairouan,35.67,10.1,clay-loam,Potato,10,2022,19.85,0.6591,0.4577,0.8407,20.87,63.69,2.76,489.6,0.8961,1.257,0.3573,0.36,0.18,0,0.0292,low
1862,2022-01-27,Nabeul,36.45,10.73,sandy,Wheat,1,2022,12.1,0.2148,0.1878,0.3543,11.27,79.07,2.55,227.7,0.2797,0.645,0.125,0.18,0.06,0,0.2566,mild
1863,2022-02-02,Gafsa,34.43,8.78,sandy,Barley,2,2022,16.28,0.0725,0.0691,0.1319,11.49,59.77,3.1,275.1,0.5455,0.714,0.0825,0.18,0.06,1,0.6345,medium
1864,2021-02-21,Sidi Bouzid,35.04,9.48,sandy-loam,Potato,2,2021,22.24,0.031,0.0304,0.0582,14.72,48.31,4.61,310.2,0.8654,0.841,0.109,0.28,0.1,1,0.9358,extreme
1865,2021-08-20,Gafsa,34.43,8.78,sandy,Citrus,8,2021,38.17,0.1765,0.1578,0.2986,35.21,49.45,3.77,757.6,2.8757,2.144,0.1127,0.18,0.06,0,0.3087,mild
1866,2023-05-20,Bizerte,37.27,9.87,loam,Wheat,5,2023,19.86,0.4726,0.3592,0.6662,20.03,70.98,4.92,603.6,0.6798,1.366,0.2803,0.32,0.12,0,0.1092,low
1867,2023-03-27,Kairouan,35.67,10.1,clay-loam,Citrus,3,2023,12.95,0.265,0.2251,0.4231,13.3,69.24,4.95,369.7,0.47,0.879,0.2952,0.36,0.18,0,0.0398,low
1868,2023-09-23,Gafsa,34.43,8.78,sandy,Wheat,9,2023,34.79,0.1371,0.1255,0.2383,32.04,58.06,0.77,547.1,1.999,1.713,0.1136,0.18,0.06,0,0.3307,mild
1869,2023-02-28,Kairouan,35.67,10.1,clay-loam,Pepper,2,2023,19.81,0.2088,0.1831,0.3457,17.87,68.49,5.69,342.7,0.6451,0.97,0.2687,0.36,0.18,0,0.3388,mild
1870,2022-05-04,Gafsa,34.43,8.78,sandy,Citrus,5,2022,26.26,0.2371,0.2046,0.3853,24.15,54.6,5.48,628.1,1.3668,1.545,0.1342,0.18,0.06,0,0.2953,mild
1871,2021-10-12,Sfax,34.74,10.76,sandy-loam,Citrus,10,2021,29.4,0.0532,0.0514,0.0983,24.19,57.01,0.8,540.5,1.2973,1.434,0.1245,0.28,0.1,1,0.6624,medium
1872,2023-10-13,Gabès,33.88,9.79,sandy,Pepper,10,2023,34.85,0.0365,0.0356,0.0682,26.95,41.81,1.05,437.6,2.0689,1.376,0.073,0.18,0.06,0,0.7921,high
1873,2023-03-25,Sfax,34.74,10.76,sandy-loam,Barley,3,2023,24.9,0.2225,0.1937,0.3651,19.79,54.45,5.63,419.6,1.0513,1.131,0.1653,0.28,0.1,0,0.6751,medium
1874,2022-05-07,Sidi Bouzid,35.04,9.48,sandy-loam,Olive,5,2022,26.37,0.2409,0.2074,0.3906,26.3,73.17,1.84,550.2,0.9178,1.52,0.2505,0.28,0.1,0,0.1242,low
1875,2021-12-10,Gabès,33.88,9.79,sandy,Barley,12,2021,11.93,0.2807,0.2363,0.4437,11.78,88.2,3.06,200.8,0.1631,0.616,0.1551,0.18,0.06,0,0.1314,low
1876,2021-09-26,Sfax,34.74,10.76,sandy-loam,Tomato,9,2021,34.21,0.1416,0.1293,0.2454,28.41,50.35,5.34,690.6,1.9221,1.784,0.1609,0.28,0.1,1,0.6177,medium
1877,2023-07-11,Gafsa,34.43,8.78,sandy,Barley,7,2023,38.58,0.1031,0.0964,0.1836,30.62,32.44,2.34,755.0,2.9705,1.955,0.0896,0.18,0.06,1,0.7179,medium
1878,2021-01-21,Sidi Bouzid,35.04,9.48,sandy-loam,Tomato,1,2021,17.13,0.1128,0.1049,0.1995,13.13,60.89,1.85,198.2,0.5907,0.64,0.1384,0.28,0.1,1,0.5961,medium
1879,2022-03-09,Kairouan,35.67,10.1,clay-loam,Citrus,3,2022,16.2,0.2213,0.1928,0.3635,13.65,65.91,4.94,375.9,0.5328,0.896,0.2815,0.36,0.18,0,0.4168,mild
1880,2023-02-10,Kairouan,35.67,10.1,clay-loam,Potato,2,2023,21.79,0.1183,0.1096,0.2084,16.9,56.95,3.71,352.2,0.8289,0.957,0.2427,0.36,0.18,1,0.6989,medium
1881,2022-02-11,Gafsa,34.43,8.78,sandy,Potato,2,2022,17.72,0.3488,0.2828,0.5285,17.18,78.02,1.74,243.0,0.4308,0.801,0.1464,0.18,0.06,0,0.1591,low
1882,2022-11-02,Kairouan,35.67,10.1,clay-loam,Pepper,11,2022,16.88,0.1797,0.1604,0.3034,15.63,63.65,3.84,287.3,0.6457,0.833,0.262,0.36,0.18,0,0.2884,mild
1883,2021-03-14,Béja,36.73,9.18,loam,Barley,3,2021,23.43,0.0927,0.0872,0.1663,19.18,47.5,2.53,431.1,1.1663,1.128,0.1464,0.32,0.12,1,0.6272,medium
1884,2021-11-05,Gabès,33.88,9.79,sandy,Citrus,11,2021,29.66,0.2025,0.1783,0.3367,23.77,55.7,0.34,341.1,1.304,1.128,0.1038,0.18,0.06,0,0.7144,medium
1885,2021-10-18,Gafsa,34.43,8.78,sandy,Wheat,10,2021,26.69,0.222,0.1933,0.3644,24.83,69.47,4.05,474.5,0.9576,1.365,0.1228,0.18,0.06,0,0.2964,mild
1886,2023-10-25,Béja,36.73,9.18,loam,Pepper,10,2023,27.74,0.2717,0.2299,0.4319,25.23,61.44,4.16,410.2,1.2387,1.281,0.2391,0.32,0.12,0,0.4017,mild
1887,2023-09-27,Sidi Bouzid,35.04,9.48,sandy-loam,Potato,9,2023,28.68,0.206,0.1811,0.3418,25.9,52.46,3.91,555.2,1.5883,1.513,0.2001,0.28,0.1,0,0.3613,mild
1888,2023-07-15,Sidi Bouzid,35.04,9.48,sandy-loam,Wheat,7,2023,31.83,0.2476,0.2124,0.3998,31.07,51.07,3.93,807.6,2.2074,2.041,0.2199,0.28,0.1,0,0.1522,low
1889,2023-05-18,Sfax,34.74,10.76,sandy-loam,Pepper,5,2023,33.15,0.0848,0.0802,0.1529,24.48,36.67,0.51,765.7,1.9453,1.719,0.1391,0.28,0.1,0,0.8938,high
1890,2022-10-16,Gabès,33.88,9.79,sandy,Wheat,10,2022,34.9,0.1041,0.0973,0.1852,28.87,59.35,4.36,455.0,1.6159,1.463,0.0974,0.18,0.06,1,0.6602,medium
1891,2023-12-21,Kairouan,35.67,10.1,clay-loam,Tomato,12,2023,13.72,0.2495,0.2138,0.4023,11.46,68.49,2.42,207.1,0.4264,0.619,0.2842,0.36,0.18,0,0.4086,mild
1892,2023-07-02,Sidi Bouzid,35.04,9.48,sandy-loam,Citrus,7,2023,36.14,0.2699,0.2286,0.4295,36.19,62.69,3.09,671.6,2.2396,2.056,0.2397,0.28,0.1,0,0.1108,low
1893,2023-01-02,Bizerte,37.27,9.87,loam,Potato,1,2023,16.61,0.1604,0.1448,0.2744,13.11,65.0,1.95,233.3,0.528,0.694,0.1833,0.32,0.12,1,0.6276,medium
1894,2021-11-25,Béja,36.73,9.18,loam,Pepper,11,2021,24.48,0.1478,0.1344,0.255,21.16,64.73,2.81,262.3,0.8859,0.927,0.1855,0.32,0.12,1,0.5335,medium
1895,2021-08-04,Sfax,34.74,10.76,sandy-loam,Pepper,8,2021,28.04,0.5714,0.4136,0.7629,28.67,58.18,2.27,792.0,1.6439,1.922,0.2599,0.28,0.1,0,0.0556,low
1896,2022-11-24,Béja,36.73,9.18,loam,Tomato,11,2022,17.43,0.1028,0.0961,0.1831,14.43,59.84,0.77,253.7,0.6602,0.754,0.1749,0.32,0.12,1,0.5079,medium
1897,2022-11-05,Sidi Bouzid,35.04,9.48,sandy-loam,Olive,11,2022,20.1,0.0727,0.0693,0.1323,15.58,62.34,3.26,259.3,0.6665,0.79,0.1655,0.28,0.1,0,0.632,medium
1898,2022-10-05,Sidi Bouzid,35.04,9.48,sandy-loam,Tomato,10,2022,25.87,0.0982,0.0921,0.1755,20.65,55.51,4.3,391.2,1.0827,1.117,0.1433,0.28,0.1,1,0.6545,medium
1899,2023-07-10,Nabeul,36.45,10.73,sandy,Barley,7,2023,32.43,0.2098,0.1839,0.3471,29.74,44.07,3.31,901.0,2.3374,2.097,0.1418,0.18,0.06,0,0.3308,mild
1900,2021-08-10,Sfax,34.74,10.76,sandy-loam,Citrus,8,2021,36.18,0.1325,0.1216,0.231,30.3,34.01,5.03,699.4,2.8478,1.869,0.1764,0.28,0.1,0,0.5934,medium
1901,2023-02-26,Béja,36.73,9.18,loam,Olive,2,2023,14.79,0.2205,0.1921,0.3622,14.37,75.26,3.6,257.4,0.405,0.758,0.286,0.32,0.12,0,0.1737,low
1902,2023-03-26,Kairouan,35.67,10.1,clay-loam,Barley,3,2023,18.78,0.2728,0.2307,0.4333,16.28,60.98,2.54,382.5,0.7222,0.979,0.2707,0.36,0.18,0,0.4412,mild
1903,2021-08-13,Gabès,33.88,9.79,sandy,Citrus,8,2021,41.2,0.2194,0.1913,0.3607,36.06,49.56,1.73,626.5,3.0067,1.981,0.1262,0.18,0.06,0,0.4869,mild
1904,2022-03-04,Gabès,33.88,9.79,sandy,Tomato,3,2022,20.74,0.2929,0.2449,0.4594,20.09,73.74,2.05,475.6,0.6174,1.214,0.1285,0.18,0.06,0,0.197,low
1905,2023-03-27,Sidi Bouzid,35.04,9.48,sandy-loam,Citrus,3,2023,22.09,0.1941,0.1718,0.3246,20.4,62.35,3.93,345.2,0.9023,1.043,0.1955,0.28,0.1,0,0.3312,mild
1906,2022-03-16,Nabeul,36.45,10.73,sandy,Pepper,3,2022,22.2,0.1611,0.1454,0.2754,17.71,54.37,1.98,354.1,0.9247,0.982,0.1045,0.18,0.06,0,0.643,medium
1907,2022-10-25,Bizerte,37.27,9.87,loam,Pepper,10,2022,24.87,0.141,0.1288,0.2445,21.02,57.12,3.46,524.7,1.0676,1.307,0.1977,0.32,0.12,0,0.6264,medium
1908,2021-08-12,Kairouan,35.67,10.1,clay-loam,Tomato,8,2021,32.3,0.412,0.3231,0.6013,29.43,39.28,0.54,839.0,2.4933,2.01,0.2804,0.36,0.18,0,0.3295,mild
1909,2021-05-06,Kairouan,35.67,10.1,clay-loam,Olive,5,2021,29.56,0.0372,0.0362,0.0694,20.94,40.32,2.79,699.1,1.4788,1.505,0.2014,0.36,0.18,1,0.9637,extreme
1910,2022-03-18,Kairouan,35.67,10.1,clay-loam,Wheat,3,2022,20.58,0.0598,0.0574,0.1098,13.49,41.8,1.72,462.7,0.9001,0.989,0.1927,0.36,0.18,1,0.9355,extreme
1911,2021-01-01,Gabès,33.88,9.79,sandy,Wheat,1,2021,12.42,0.3268,0.2682,0.502,12.2,86.15,5.5,223.8,0.1969,0.66,0.1581,0.18,0.06,0,0.1556,low
1912,2022-03-19,Nabeul,36.45,10.73,sandy,Barley,3,2022,25.92,0.1021,0.0955,0.1819,18.89,50.0,2.13,469.9,1.0914,1.169,0.0894,0.18,0.06,1,0.9757,extreme
1913,2022-04-08,Sidi Bouzid,35.04,9.48,sandy-loam,Barley,4,2022,23.81,0.0162,0.016,0.0308,16.13,47.81,1.34,613.9,0.9569,1.235,0.0955,0.28,0.1,1,0.9532,extreme
1914,2021-12-24,Béja,36.73,9.18,loam,Pepper,12,2021,17.26,0.1814,0.1617,0.3059,14.26,60.61,3.05,190.6,0.6405,0.65,0.1918,0.32,0.12,0,0.5496,medium
1915,2023-03-16,Gafsa,34.43,8.78,sandy,Barley,3,2023,13.93,0.4017,0.3167,0.5897,13.6,73.95,4.59,442.5,0.4059,0.971,0.1389,0.18,0.06,0,0.1645,low
1916,2023-10-08,Sidi Bouzid,35.04,9.48,sandy-loam,Potato,10,2023,29.82,0.2813,0.2367,0.4444,26.47,60.73,4.26,407.9,1.3574,1.314,0.1848,0.28,0.1,0,0.4189,mild
1917,2023-08-17,Sfax,34.74,10.76,sandy-loam,Pepper,8,2023,43.38,0.1988,0.1755,0.3314,36.33,34.05,4.05,843.8,3.9891,2.31,0.154,0.28,0.1,0,0.5869,medium
1918,2021-04-01,Gabès,33.88,9.79,sandy,Potato,4,2021,20.66,0.563,0.4091,0.7551,20.7,76.55,5.09,554.0,0.5728,1.332,0.1574,0.18,0.06,0,0.1167,low
1919,2022-09-21,Bizerte,37.27,9.87,loam,Wheat,9,2022,33.7,0.0605,0.0581,0.1111,28.02,49.45,1.44,701.8,1.9136,1.784,0.1641,0.32,0.12,1,0.6758,medium
1920,2022-03-21,Béja,36.73,9.18,loam,Barley,3,2022,18.72,0.5619,0.4086,0.754,18.48,79.29,4.1,474.3,0.4407,1.161,0.3044,0.32,0.12,0,0.1973,low
1921,2021-04-23,Gabès,33.88,9.79,sandy,Citrus,4,2021,16.15,0.2526,0.2161,0.4065,16.68,76.17,5.29,484.4,0.4524,1.115,0.1507,0.18,0.06,0,0.0259,low
1922,2021-01-20,Sfax,34.74,10.76,sandy-loam,Wheat,1,2021,18.33,0.1504,0.1366,0.2591,13.18,65.0,2.64,254.6,0.5304,0.726,0.1711,0.28,0.1,0,0.7117,medium
1923,2023-07-15,Nabeul,36.45,10.73,sandy,Wheat,7,2023,31.26,0.3403,0.2772,0.5183,31.78,46.81,2.05,864.6,2.4972,2.142,0.1562,0.18,0.06,0,0.0185,low
1924,2022-10-21,Kairouan,35.67,10.1,clay-loam,Barley,10,2022,28.09,0.1398,0.1278,0.2426,26.59,70.2,4.56,493.8,1.0373,1.45,0.2425,0.36,0.18,0,0.2512,mild
1925,2021-10-07,Kairouan,35.67,10.1,clay-loam,Pepper,10,2021,26.75,0.2209,0.1924,0.3628,25.22,54.98,0.69,383.2,1.445,1.237,0.2817,0.36,0.18,0,0.2666,mild
1926,2022-07-15,Béja,36.73,9.18,loam,Wheat,7,2022,39.47,0.01,0.0099,0.0191,31.52,22.52,1.82,911.8,3.5859,2.189,0.1197,0.32,0.12,1,0.7523,high
1927,2023-03-28,Gafsa,34.43,8.78,sandy,Barley,3,2023,23.11,0.0344,0.0336,0.0645,16.42,48.84,1.58,352.6,0.9558,0.944,0.0744,0.18,0.06,1,0.8512,high
1928,2022-03-01,Bizerte,37.27,9.87,loam,Olive,3,2022,15.22,0.1027,0.0961,0.183,12.22,60.59,3.75,405.8,0.5608,0.889,0.176,0.32,0.12,1,0.551,medium
1929,2023-12-21,Kairouan,35.67,10.1,clay-loam,Pepper,12,2023,20.18,0.0802,0.0761,0.1452,15.17,65.0,5.13,175.8,0.6035,0.642,0.2173,0.36,0.18,1,0.7064,medium
1930,2023-03-17,Bizerte,37.27,9.87,loam,Potato,3,2023,19.02,0.1354,0.1241,0.2357,14.88,59.58,4.45,451.9,0.6842,1.021,0.1534,0.32,0.12,0,0.6554,medium
1931,2023-07-09,Bizerte,37.27,9.87,loam,Citrus,7,2023,27.85,0.1283,0.1181,0.2244,26.08,37.07,2.56,722.8,2.1257,1.734,0.1966,0.32,0.12,0,0.2901,mild
1932,2022-12-05,Nabeul,36.45,10.73,sandy,Pepper,12,2022,19.83,0.2627,0.2234,0.42,17.14,72.85,4.92,174.4,0.5306,0.678,0.1345,0.18,0.06,0,0.4566,mild
1933,2021-08-27,Kairouan,35.67,10.1,clay-loam,Wheat,8,2021,33.32,0.3495,0.2833,0.5294,33.56,63.04,4.62,727.5,1.919,2.036,0.3219,0.36,0.18,0,0.1039,low
1934,2023-03-22,Kairouan,35.67,10.1,clay-loam,Pepper,3,2023,20.39,0.2508,0.2147,0.404,18.27,67.19,2.64,452.5,0.6887,1.127,0.2803,0.36,0.18,0,0.3714,mild
1935,2023-01-17,Sidi Bouzid,35.04,9.48,sandy-loam,Tomato,1,2023,14.68,0.01,0.0099,0.0191,9.23,50.0,4.85,216.1,0.5831,0.584,0.1095,0.28,0.1,0,0.7633,high
1936,2021-05-25,Sidi Bouzid,35.04,9.48,sandy-loam,Potato,5,2021,26.94,0.56,0.4076,0.7523,26.61,65.38,2.74,614.7,1.2063,1.618,0.2473,0.28,0.1,0,0.1481,low
1937,2023-09-09,Sfax,34.74,10.76,sandy-loam,Barley,9,2023,28.39,0.1895,0.1681,0.3178,25.05,50.56,5.68,577.1,1.5707,1.513,0.2085,0.28,0.1,0,0.4264,mild
1938,2022-02-11,Sfax,34.74,10.76,sandy-loam,Citrus,2,2022,16.94,0.293,0.245,0.4596,14.48,75.88,5.42,311.3,0.3977,0.837,0.1854,0.28,0.1,0,0.3857,mild
1939,2022-06-03,Béja,36.73,9.18,loam,Olive,6,2022,30.66,0.0649,0.0622,0.1189,25.42,34.65,5.89,682.4,2.1227,1.659,0.1487,0.32,0.12,1,0.6195,medium
1940,2021-04-09,Kairouan,35.67,10.1,clay-loam,Olive,4,2021,22.01,0.2466,0.2116,0.3983,21.51,69.76,3.84,565.0,0.7758,1.373,0.3342,0.36,0.18,0,0.1697,low
1941,2023-12-22,Gabès,33.88,9.79,sandy,Tomato,12,2023,24.55,0.1725,0.1546,0.2927,18.74,58.09,1.14,178.6,0.9061,0.718,0.1097,0.18,0.06,0,0.7402,medium
1942,2022-05-28,Sfax,34.74,10.76,sandy-loam,Potato,5,2022,25.56,0.4223,0.3294,0.6126,23.08,60.56,1.08,680.6,1.113,1.567,0.223,0.28,0.1,0,0.386,mild
1943,2023-03-08,Kairouan,35.67,10.1,clay-loam,Wheat,3,2023,19.05,0.2029,0.1786,0.3373,14.41,52.29,1.03,388.1,0.7832,0.932,0.2405,0.36,0.18,0,0.6664,medium
1944,2021-07-25,Sidi Bouzid,35.04,9.48,sandy-loam,Barley,7,2021,31.66,0.213,0.1864,0.3517,29.37,47.91,3.94,779.9,2.132,1.936,0.1916,0.28,0.1,0,0.3204,mild
1945,2022-07-16,Gafsa,34.43,8.78,sandy,Wheat,7,2022,44.0,0.101,0.0945,0.18,35.13,33.51,5.58,657.8,3.7644,1.995,0.0911,0.18,0.06,0,0.7216,medium
1946,2023-11-02,Sfax,34.74,10.76,sandy-loam,Potato,11,2023,22.56,0.2643,0.2245,0.4221,20.59,69.0,3.7,263.1,0.7517,0.915,0.2132,0.28,0.1,0,0.3464,mild
1947,2022-10-23,Gafsa,34.43,8.78,sandy,Olive,10,2022,27.67,0.16,0.1445,0.2737,27.84,79.27,1.54,505.2,0.7764,1.507,0.12,0.18,0.06,0,0.0914,low
1948,2023-01-17,Kairouan,35.67,10.1,clay-loam,Tomato,1,2023,16.89,0.1741,0.1559,0.2951,15.72,77.7,5.39,263.9,0.3983,0.8,0.2606,0.36,0.18,0,0.269,mild
1949,2022-05-05,Nabeul,36.45,10.73,sandy,Potato,5,2022,19.76,0.4118,0.3229,0.601,19.59,60.86,2.21,596.7,0.8922,1.342,0.1369,0.18,0.06,0,0.1493,low
1950,2022-11-21,Sfax,34.74,10.76,sandy-loam,Citrus,11,2022,27.67,0.0352,0.0343,0.0658,20.92,48.33,2.63,256.9,1.2785,0.912,0.1208,0.28,0.1,1,0.8267,high
1951,2023-12-06,Bizerte,37.27,9.87,loam,Citrus,12,2023,12.1,0.2744,0.2319,0.4355,10.44,77.14,2.08,186.6,0.289,0.567,0.2236,0.32,0.12,0,0.3551,mild
1952,2023-01-02,Sfax,34.74,10.76,sandy-loam,Potato,1,2023,19.6,0.0867,0.0819,0.1561,14.43,65.0,4.37,255.6,0.5753,0.757,0.1527,0.28,0.1,1,0.7256,medium
1953,2021-05-12,Nabeul,36.45,10.73,sandy,Wheat,5,2021,25.15,0.5877,0.422,0.7779,25.96,66.0,3.88,591.1,1.1402,1.563,0.1746,0.18,0.06,0,0.0456,low
1954,2021-05-01,Sfax,34.74,10.76,sandy-loam,Potato,5,2021,26.84,0.4871,0.3675,0.6811,26.84,65.79,5.96,786.2,1.2084,1.839,0.2222,0.28,0.1,0,0.1101,low
1955,2023-06-17,Nabeul,36.45,10.73,sandy,Barley,6,2023,38.22,0.0229,0.0226,0.0433,29.2,33.1,5.99,898.0,2.7103,2.069,0.062,0.18,0.06,1,0.8936,high
1956,2021-12-17,Kairouan,35.67,10.1,clay-loam,Tomato,12,2021,15.59,0.2422,0.2084,0.3924,13.03,72.78,4.64,173.5,0.4084,0.597,0.2746,0.36,0.18,0,0.4147,mild
1957,2022-05-23,Nabeul,36.45,10.73,sandy,Wheat,5,2022,25.03,0.297,0.2478,0.4646,22.9,62.72,4.55,731.3,1.0408,1.617,0.1195,0.18,0.06,0,0.4,mild
1958,2023-08-26,Nabeul,36.45,10.73,sandy,Olive,8,2023,33.73,0.1492,0.1356,0.2572,28.71,36.9,1.37,670.5,2.4855,1.77,0.0909,0.18,0.06,0,0.5594,medium
1959,2022-12-04,Béja,36.73,9.18,loam,Citrus,12,2022,10.76,0.5706,0.4132,0.7622,10.92,89.76,4.19,201.5,0.1337,0.599,0.3012,0.32,0.12,0,0.153,low
1960,2021-07-15,Béja,36.73,9.18,loam,Pepper,7,2021,41.5,0.1127,0.1047,0.1993,34.52,31.58,2.63,831.0,3.7467,2.216,0.1683,0.32,0.12,1,0.6362,medium
1961,2022-08-08,Gabès,33.88,9.79,sandy,Olive,8,2022,37.38,0.1102,0.1026,0.1953,31.93,30.41,2.24,835.6,3.2958,2.112,0.0846,0.18,0.06,1,0.5232,medium
1962,2023-11-14,Béja,36.73,9.18,loam,Barley,11,2023,18.16,0.2623,0.2231,0.4194,18.53,75.99,0.94,324.6,0.5124,0.962,0.2662,0.32,0.12,0,0.0663,low
1963,2021-12-03,Gabès,33.88,9.79,sandy,Olive,12,2021,18.19,0.0406,0.0395,0.0756,12.32,50.0,2.1,196.1,0.716,0.62,0.0706,0.18,0.06,1,0.7688,high
1964,2021-04-06,Kairouan,35.67,10.1,clay-loam,Pepper,4,2021,20.73,0.1526,0.1384,0.2624,15.33,53.64,5.49,535.3,0.8075,1.126,0.2563,0.36,0.18,0,0.7131,medium
1965,2023-05-19,Sidi Bouzid,35.04,9.48,sandy-loam,Potato,5,2023,30.23,0.3685,0.2956,0.5518,26.52,56.28,2.95,704.1,1.5153,1.728,0.1834,0.28,0.1,0,0.4615,mild
1966,2021-10-27,Gabès,33.88,9.79,sandy,Wheat,10,2021,28.2,0.1281,0.118,0.2241,23.03,52.81,1.8,469.6,1.3285,1.3,0.1044,0.18,0.06,0,0.6442,medium
1967,2023-04-19,Sidi Bouzid,35.04,9.48,sandy-loam,Pepper,4,2023,26.15,0.1996,0.176,0.3325,23.38,68.5,1.27,590.6,0.9056,1.471,0.1825,0.28,0.1,0,0.41,mild
1968,2022-01-01,Kairouan,35.67,10.1,clay-loam,Potato,1,2022,14.14,0.3756,0.3002,0.5601,14.9,79.11,5.3,189.5,0.354,0.661,0.3464,0.36,0.18,0,0.0545,low
1969,2023-06-20,Béja,36.73,9.18,loam,Pepper,6,2023,33.04,0.42,0.3279,0.6101,29.33,52.8,1.01,804.7,1.9267,1.964,0.2454,0.32,0.12,0,0.4844,mild
1970,2022-01-27,Sidi Bouzid,35.04,9.48,sandy-loam,Olive,1,2022,23.36,0.0254,0.025,0.0479,17.24,47.97,4.13,173.2,1.0238,0.678,0.1034,0.28,0.1,0,0.7644,high
1971,2021-11-28,Sidi Bouzid,35.04,9.48,sandy-loam,Tomato,11,2021,23.86,0.0762,0.0725,0.1383,20.55,62.88,3.02,225.9,0.8978,0.847,0.1229,0.28,0.1,0,0.5003,medium
1972,2023-09-24,Gafsa,34.43,8.78,sandy,Pepper,9,2023,37.26,0.0886,0.0836,0.1593,31.22,41.53,5.59,661.3,2.6602,1.852,0.0989,0.18,0.06,1,0.6142,medium
1973,2022-11-26,Gabès,33.88,9.79,sandy,Barley,11,2022,21.51,0.1266,0.1166,0.2216,17.17,63.92,3.55,299.6,0.7069,0.89,0.0927,0.18,0.06,0,0.5591,medium
1974,2023-07-17,Sfax,34.74,10.76,sandy-loam,Pepper,7,2023,30.28,0.5746,0.4153,0.7659,29.12,53.13,1.42,832.1,1.8903,1.989,0.2521,0.28,0.1,0,0.1938,low
1975,2021-08-01,Nabeul,36.45,10.73,sandy,Olive,8,2021,33.53,0.1843,0.164,0.3102,30.62,49.25,0.73,892.8,2.2314,2.126,0.1148,0.18,0.06,0,0.3511,mild
1976,2021-02-09,Béja,36.73,9.18,loam,Potato,2,2021,12.01,0.2593,0.2209,0.4154,12.11,84.71,3.42,333.5,0.2161,0.803,0.245,0.32,0.12,0,0.1093,low
1977,2023-01-28,Nabeul,36.45,10.73,sandy,Wheat,1,2023,16.42,0.117,0.1085,0.2062,13.37,57.48,1.32,201.4,0.6526,0.65,0.1004,0.18,0.06,0,0.5419,medium
1978,2021-11-05,Kairouan,35.67,10.1,clay-loam,Olive,11,2021,19.86,0.1044,0.0975,0.1857,16.95,72.85,1.25,236.4,0.5244,0.785,0.2605,0.36,0.18,0,0.4545,mild
1979,2023-07-23,Béja,36.73,9.18,loam,Citrus,7,2023,29.21,0.3354,0.2739,0.5124,28.46,54.8,4.43,638.9,1.7553,1.718,0.288,0.32,0.12,0,0.1647,low
1980,2023-04-13,Nabeul,36.45,10.73,sandy,Potato,4,2023,15.55,0.5859,0.4211,0.7763,16.59,68.81,2.14,499.7,0.5891,1.13,0.1699,0.18,0.06,0,0.0052,low
1981,2021-12-09,Kairouan,35.67,10.1,clay-loam,Citrus,12,2021,13.22,0.4605,0.3522,0.6536,13.7,82.57,3.44,184.3,0.2732,0.628,0.332,0.36,0.18,0,0.0335,low
1982,2023-10-17,Nabeul,36.45,10.73,sandy,Citrus,10,2023,26.59,0.2257,0.1961,0.3697,26.21,68.15,2.47,469.7,1.0836,1.401,0.1323,0.18,0.06,0,0.1782,low
1983,2023-03-19,Gafsa,34.43,8.78,sandy,Potato,3,2023,12.82,0.4356,0.3374,0.6271,13.23,77.72,5.46,426.8,0.3388,0.942,0.1334,0.18,0.06,0,0.0376,low
1984,2023-07-05,Sfax,34.74,10.76,sandy-loam,Citrus,7,2023,32.84,0.1427,0.1303,0.2472,30.81,48.55,0.65,913.2,2.2864,2.158,0.1613,0.28,0.1,1,0.2459,mild
1985,2021-03-24,Sidi Bouzid,35.04,9.48,sandy-loam,Pepper,3,2021,25.37,0.1557,0.141,0.2673,20.55,58.15,0.71,399.5,1.012,1.126,0.1786,0.28,0.1,0,0.6332,medium
1986,2022-06-01,Kairouan,35.67,10.1,clay-loam,Olive,6,2022,30.32,0.3437,0.2795,0.5225,30.1,52.44,3.84,677.4,2.0301,1.832,0.3073,0.36,0.18,0,0.091,low
1987,2021-02-03,Sfax,34.74,10.76,sandy-loam,Wheat,2,2021,19.83,0.2326,0.2013,0.3792,18.49,67.19,3.32,248.8,0.6985,0.841,0.2094,0.28,0.1,0,0.2849,mild
1988,2023-07-13,Gafsa,34.43,8.78,sandy,Wheat,7,2023,47.51,0.0175,0.0173,0.0332,36.23,29.35,3.18,888.3,4.2515,2.366,0.0736,0.18,0.06,1,0.8714,high
1989,2023-02-11,Gafsa,34.43,8.78,sandy,Barley,2,2023,20.19,0.0878,0.0829,0.1581,14.85,62.51,2.54,265.4,0.6332,0.782,0.0939,0.18,0.06,0,0.7133,medium
1990,2021-09-22,Béja,36.73,9.18,loam,Wheat,9,2021,31.79,0.0688,0.0658,0.1256,26.84,48.98,3.73,708.9,1.8021,1.746,0.1664,0.32,0.12,1,0.6295,medium
1991,2023-05-10,Béja,36.73,9.18,loam,Wheat,5,2023,24.14,0.5062,0.3783,0.7002,25.17,64.27,4.35,655.1,1.1431,1.616,0.2783,0.32,0.12,0,0.0097,low
1992,2023-12-08,Nabeul,36.45,10.73,sandy,Olive,12,2023,17.52,0.0538,0.0519,0.0992,13.92,62.41,3.49,196.4,0.5978,0.653,0.087,0.18,0.06,0,0.626,medium
1993,2023-08-15,Gabès,33.88,9.79,sandy,Wheat,8,2023,29.06,0.3584,0.2891,0.54,29.91,50.29,3.94,691.9,2.0989,1.844,0.1632,0.18,0.06,0,0.011,low
1994,2022-01-12,Sidi Bouzid,35.04,9.48,sandy-loam,Tomato,1,2022,12.04,0.3256,0.2674,0.5004,12.67,86.18,3.86,232.1,0.2026,0.682,0.231,0.28,0.1,0,0.0699,low
1995,2021-03-05,Gabès,33.88,9.79,sandy,Wheat,3,2021,17.18,0.421,0.3285,0.6112,15.21,58.94,2.14,350.1,0.71,0.908,0.1356,0.18,0.06,0,0.336,mild
1996,2023-03-04,Kairouan,35.67,10.1,clay-loam,Olive,3,2023,19.12,0.1524,0.1383,0.2622,16.57,67.76,5.18,458.3,0.6078,1.081,0.2542,0.36,0.18,0,0.4242,mild
1997,2023-07-09,Béja,36.73,9.18,loam,Olive,7,2023,39.16,0.0953,0.0896,0.1707,33.31,26.19,5.24,667.7,3.7773,1.941,0.172,0.32,0.12,0,0.5417,medium
1998,2023-07-16,Sfax,34.74,10.76,sandy-loam,Pepper,7,2023,37.48,0.467,0.3559,0.6603,35.41,49.68,2.66,790.2,2.8944,2.198,0.2167,0.28,0.1,0,0.2314,low
1999,2023-08-09,Kairouan,35.67,10.1,clay-loam,Pepper,8,2023,37.52,0.6005,0.4286,0.7895,35.74,55.97,2.33,665.5,2.5792,2.03,0.3446,0.36,0.18,0,0.2171,low
2000,2021-01-04,Gabès,33.88,9.79,sandy,Pepper,1,2021,14.6,0.1364,0.1249,0.2372,10.83,60.14,3.93,245.2,0.5173,0.659,0.0939,0.18,0.06,1,0.5443,medium
